/*
 Navicat Premium Data Transfer

 Source Server         : 本机mysql
 Source Server Type    : MySQL
 Source Server Version : 50723
 Source Host           : localhost:3306
 Source Schema         : ry

 Target Server Type    : MySQL
 Target Server Version : 50723
 File Encoding         : 65001

 Date: 07/04/2021 21:57:52
*/

SET NAMES utf8mb4;
SET FOREIGN_KEY_CHECKS = 0;

-- ----------------------------
-- Table structure for act_evt_log
-- ----------------------------
DROP TABLE IF EXISTS `act_evt_log`;
CREATE TABLE `act_evt_log`  (
                                `LOG_NR_` bigint(20) NOT NULL AUTO_INCREMENT,
                                `TYPE_` varchar(64) NULL DEFAULT NULL,
                                `PROC_DEF_ID_` varchar(64) NULL DEFAULT NULL,
                                `PROC_INST_ID_` varchar(64) NULL DEFAULT NULL,
                                `EXECUTION_ID_` varchar(64) NULL DEFAULT NULL,
                                `TASK_ID_` varchar(64) NULL DEFAULT NULL,
                                `TIME_STAMP_` timestamp(3) NOT NULL DEFAULT CURRENT_TIMESTAMP(3) ON UPDATE CURRENT_TIMESTAMP(3),
                                `USER_ID_` varchar(255) NULL DEFAULT NULL,
                                `DATA_` longblob NULL,
                                `LOCK_OWNER_` varchar(255) NULL DEFAULT NULL,
                                `LOCK_TIME_` timestamp(3) NULL DEFAULT NULL,
                                `IS_PROCESSED_` tinyint(4) NULL DEFAULT 0,
                                PRIMARY KEY (`LOG_NR_`) USING BTREE
) ENGINE = InnoDB AUTO_INCREMENT = 1  ROW_FORMAT = Dynamic;

-- ----------------------------
-- Records of act_evt_log
-- ----------------------------

-- ----------------------------
-- Table structure for act_ge_bytearray
-- ----------------------------
DROP TABLE IF EXISTS `act_ge_bytearray`;
CREATE TABLE `act_ge_bytearray`  (
                                     `ID_` varchar(64) NOT NULL,
                                     `REV_` int(11) NULL DEFAULT NULL,
                                     `NAME_` varchar(255) NULL DEFAULT NULL,
                                     `DEPLOYMENT_ID_` varchar(64) NULL DEFAULT NULL,
                                     `BYTES_` longblob NULL,
                                     `GENERATED_` tinyint(4) NULL DEFAULT NULL,
                                     PRIMARY KEY (`ID_`) USING BTREE,
                                     INDEX `ACT_FK_BYTEARR_DEPL`(`DEPLOYMENT_ID_`) USING BTREE,
                                     CONSTRAINT `ACT_FK_BYTEARR_DEPL` FOREIGN KEY (`DEPLOYMENT_ID_`) REFERENCES `act_re_deployment` (`ID_`) ON DELETE RESTRICT ON UPDATE RESTRICT
) ENGINE = InnoDB  ROW_FORMAT = Dynamic;

-- ----------------------------
-- Records of act_ge_bytearray
-- ----------------------------
INSERT INTO `act_ge_bytearray` VALUES ('0a1aa493-96e4-11eb-8fb1-00e04c1b045a', 1, 'hist.var-variables', NULL, 0xACED0005737200136A6176612E7574696C2E41727261794C6973747881D21D99C7619D03000149000473697A65787000000003770400000003737200176A6176612E7574696C2E4C696E6B6564486173684D617034C04E5C106CC0FB0200015A000B6163636573734F72646572787200116A6176612E7574696C2E486173684D61700507DAC1C31660D103000246000A6C6F6164466163746F724900097468726573686F6C6478703F40000000000003770800000004000000027400056C6162656C74000CE8AFB7E58187E58E9FE59BA074000376616C74000CE8AFB7E5818731323334353678007371007E00023F400000000000037708000000040000000271007E000574000CE8AFB7E58187E697B6E997B471007E00077371007E00000000000277040000000274000A323032312D30342D313574000A323032312D30342D31377878007371007E00023F400000000000037708000000040000000271007E0005740006E5A487E6B3A871007E000774000BE8AFB7E581873536373839780078, NULL);
INSERT INTO `act_ge_bytearray` VALUES ('1f342137-95d3-11eb-b06c-00e04c1b045a', 1, 'hist.var-variables', NULL, 0xACED0005737200136A6176612E7574696C2E41727261794C6973747881D21D99C7619D03000149000473697A65787000000003770400000003737200176A6176612E7574696C2E4C696E6B6564486173684D617034C04E5C106CC0FB0200015A000B6163636573734F72646572787200116A6176612E7574696C2E486173684D61700507DAC1C31660D103000246000A6C6F6164466163746F724900097468726573686F6C6478703F40000000000003770800000004000000027400056C6162656C74000CE8AFB7E58187E58E9FE59BA074000376616C74000BE4B896E5AEB6333333333378007371007E00023F400000000000037708000000040000000271007E000574000CE8AFB7E58187E697B6E997B471007E00077371007E00000000000277040000000274000A323032312D30342D313574000A323032312D30342D31367878007371007E00023F400000000000037708000000040000000271007E0005740006E5A487E6B3A871007E0007740015E696A4E696A4E8AEA1E8BE83E7BB8FE6B58EE7958C780078, NULL);
INSERT INTO `act_ge_bytearray` VALUES ('57949d87-95c7-11eb-ba86-00e04c1b045a', 1, '请假流程.bpmn', '57949d86-95c7-11eb-ba86-00e04c1b045a', 0x3C3F786D6C2076657273696F6E3D22312E302220656E636F64696E673D225554462D38223F3E0A3C62706D6E3A646566696E6974696F6E7320786D6C6E733A7873693D22687474703A2F2F7777772E77332E6F72672F323030312F584D4C536368656D612D696E7374616E63652220786D6C6E733A62706D6E3D22687474703A2F2F7777772E6F6D672E6F72672F737065632F42504D4E2F32303130303532342F4D4F44454C2220786D6C6E733A62706D6E64693D22687474703A2F2F7777772E6F6D672E6F72672F737065632F42504D4E2F32303130303532342F44492220786D6C6E733A64633D22687474703A2F2F7777772E6F6D672E6F72672F737065632F44442F32303130303532342F44432220786D6C6E733A64693D22687474703A2F2F7777772E6F6D672E6F72672F737065632F44442F32303130303532342F44492220786D6C6E733A666C6F7761626C653D22687474703A2F2F666C6F7761626C652E6F72672F62706D6E222069643D22446566696E6974696F6E735F3178796635343122207461726765744E616D6573706163653D22687474703A2F2F62706D6E2E696F2F736368656D612F62706D6E22206578706F727465723D2262706D6E2D6A73202868747470733A2F2F64656D6F2E62706D6E2E696F2922206578706F7274657256657273696F6E3D22382E322E32223E0A20203C62706D6E3A70726F636573732069643D2250726F636573735F316A33776D6D3022206E616D653D22E8AFB7E58187E6B581E7A88B2220697345786563757461626C653D22747275652220666C6F7761626C653A70726F6365737343617465676F72793D226C65617665223E0A202020203C62706D6E3A73746172744576656E742069643D2253746172744576656E745F303932346B6A3622206E616D653D22E5BC80E5A78B223E0A2020202020203C62706D6E3A6F7574676F696E673E466C6F775F3036763537707A3C2F62706D6E3A6F7574676F696E673E0A202020203C2F62706D6E3A73746172744576656E743E0A202020203C62706D6E3A73657175656E6365466C6F772069643D22466C6F775F3036763537707A2220736F757263655265663D2253746172744576656E745F303932346B6A3622207461726765745265663D2241637469766974795F3174736270717622202F3E0A202020203C62706D6E3A757365725461736B2069643D2241637469766974795F3174736270717622206E616D653D22E8A18CE694BFE5AEA1E689B92220666C6F7761626C653A63616E64696461746555736572733D22312C322C313030223E0A2020202020203C62706D6E3A696E636F6D696E673E466C6F775F3036763537707A3C2F62706D6E3A696E636F6D696E673E0A2020202020203C62706D6E3A6F7574676F696E673E466C6F775F307731336774373C2F62706D6E3A6F7574676F696E673E0A202020203C2F62706D6E3A757365725461736B3E0A202020203C62706D6E3A73657175656E6365466C6F772069643D22466C6F775F307731336774372220736F757263655265663D2241637469766974795F3174736270717622207461726765745265663D2241637469766974795F306E723973683522202F3E0A202020203C62706D6E3A757365725461736B2069643D2241637469766974795F306E723973683522206E616D653D22E7BB8FE79086E5AEA1E689B92220666C6F7761626C653A61737369676E65653D2232223E0A2020202020203C62706D6E3A696E636F6D696E673E466C6F775F307731336774373C2F62706D6E3A696E636F6D696E673E0A2020202020203C62706D6E3A6F7574676F696E673E466C6F775F30666A78396E683C2F62706D6E3A6F7574676F696E673E0A202020203C2F62706D6E3A757365725461736B3E0A202020203C62706D6E3A73657175656E6365466C6F772069643D22466C6F775F30666A78396E682220736F757263655265663D2241637469766974795F306E723973683522207461726765745265663D2241637469766974795F31386C7238796A22202F3E0A202020203C62706D6E3A757365725461736B2069643D2241637469766974795F31386C7238796A22206E616D653D22E88081E69DBFE5AEA1E689B92220666C6F7761626C653A61737369676E65653D22313030223E0A2020202020203C62706D6E3A696E636F6D696E673E466C6F775F30666A78396E683C2F62706D6E3A696E636F6D696E673E0A2020202020203C62706D6E3A6F7574676F696E673E466C6F775F3033736A62346D3C2F62706D6E3A6F7574676F696E673E0A202020203C2F62706D6E3A757365725461736B3E0A202020203C62706D6E3A656E644576656E742069643D224576656E745F3033733339617322206E616D653D22E7BB93E69D9F223E0A2020202020203C62706D6E3A696E636F6D696E673E466C6F775F3033736A62346D3C2F62706D6E3A696E636F6D696E673E0A202020203C2F62706D6E3A656E644576656E743E0A202020203C62706D6E3A73657175656E6365466C6F772069643D22466C6F775F3033736A62346D2220736F757263655265663D2241637469766974795F31386C7238796A22207461726765745265663D224576656E745F3033733339617322202F3E0A20203C2F62706D6E3A70726F636573733E0A20203C62706D6E64693A42504D4E4469616772616D2069643D2242504D4E4469616772616D5F31223E0A202020203C62706D6E64693A42504D4E506C616E652069643D2242504D4E506C616E655F31222062706D6E456C656D656E743D2250726F636573735F316A33776D6D30223E0A2020202020203C62706D6E64693A42504D4E456467652069643D22466C6F775F3033736A62346D5F6469222062706D6E456C656D656E743D22466C6F775F3033736A62346D223E0A20202020202020203C64693A776179706F696E7420783D223637302220793D22393922202F3E0A20202020202020203C64693A776179706F696E7420783D223733322220793D22393922202F3E0A2020202020203C2F62706D6E64693A42504D4E456467653E0A2020202020203C62706D6E64693A42504D4E456467652069643D22466C6F775F30666A78396E685F6469222062706D6E456C656D656E743D22466C6F775F30666A78396E68223E0A20202020202020203C64693A776179706F696E7420783D223531302220793D22393922202F3E0A20202020202020203C64693A776179706F696E7420783D223537302220793D22393922202F3E0A2020202020203C2F62706D6E64693A42504D4E456467653E0A2020202020203C62706D6E64693A42504D4E456467652069643D22466C6F775F307731336774375F6469222062706D6E456C656D656E743D22466C6F775F30773133677437223E0A20202020202020203C64693A776179706F696E7420783D223335302220793D22393922202F3E0A20202020202020203C64693A776179706F696E7420783D223431302220793D22393922202F3E0A2020202020203C2F62706D6E64693A42504D4E456467653E0A2020202020203C62706D6E64693A42504D4E456467652069643D22466C6F775F3036763537707A5F6469222062706D6E456C656D656E743D22466C6F775F3036763537707A223E0A20202020202020203C64693A776179706F696E7420783D223139322220793D22393922202F3E0A20202020202020203C64693A776179706F696E7420783D223235302220793D22393922202F3E0A2020202020203C2F62706D6E64693A42504D4E456467653E0A2020202020203C62706D6E64693A42504D4E53686170652069643D225F42504D4E53686170655F53746172744576656E745F32222062706D6E456C656D656E743D2253746172744576656E745F303932346B6A36223E0A20202020202020203C64633A426F756E647320783D223135362220793D223831222077696474683D22333622206865696768743D22333622202F3E0A20202020202020203C62706D6E64693A42504D4E4C6162656C3E0A202020202020202020203C64633A426F756E647320783D223136332220793D223932222077696474683D22323222206865696768743D22313422202F3E0A20202020202020203C2F62706D6E64693A42504D4E4C6162656C3E0A2020202020203C2F62706D6E64693A42504D4E53686170653E0A2020202020203C62706D6E64693A42504D4E53686170652069643D2241637469766974795F317971733133395F6469222062706D6E456C656D656E743D2241637469766974795F31747362707176223E0A20202020202020203C64633A426F756E647320783D223235302220793D223539222077696474683D2231303022206865696768743D22383022202F3E0A2020202020203C2F62706D6E64693A42504D4E53686170653E0A2020202020203C62706D6E64693A42504D4E53686170652069643D2241637469766974795F3035316C70396A5F6469222062706D6E456C656D656E743D2241637469766974795F306E7239736835223E0A20202020202020203C64633A426F756E647320783D223431302220793D223539222077696474683D2231303022206865696768743D22383022202F3E0A2020202020203C2F62706D6E64693A42504D4E53686170653E0A2020202020203C62706D6E64693A42504D4E53686170652069643D2241637469766974795F303679357070695F6469222062706D6E456C656D656E743D2241637469766974795F31386C7238796A223E0A20202020202020203C64633A426F756E647320783D223537302220793D223539222077696474683D2231303022206865696768743D22383022202F3E0A2020202020203C2F62706D6E64693A42504D4E53686170653E0A2020202020203C62706D6E64693A42504D4E53686170652069643D224576656E745F303373333961735F6469222062706D6E456C656D656E743D224576656E745F30337333396173223E0A20202020202020203C64633A426F756E647320783D223733322220793D223831222077696474683D22333622206865696768743D22333622202F3E0A20202020202020203C62706D6E64693A42504D4E4C6162656C3E0A202020202020202020203C64633A426F756E647320783D223733392220793D223932222077696474683D22323222206865696768743D22313422202F3E0A20202020202020203C2F62706D6E64693A42504D4E4C6162656C3E0A2020202020203C2F62706D6E64693A42504D4E53686170653E0A202020203C2F62706D6E64693A42504D4E506C616E653E0A20203C2F62706D6E64693A42504D4E4469616772616D3E0A3C2F62706D6E3A646566696E6974696F6E733E0A, 0);
INSERT INTO `act_ge_bytearray` VALUES ('57b4a8a8-95c7-11eb-ba86-00e04c1b045a', 1, '请假流程.Process_1j3wmm0.png', '57949d86-95c7-11eb-ba86-00e04c1b045a', 0x89504E470D0A1A0A0000000D494844520000030A000000950806000000F8E00D2A000013794944415478DAEDDD0B8896F59E07F0818A4E70A002A30D4E5010111174880D36DA2262A1131DE84499396ADA88D945CCEC2296D56A376ACD4E9A7493743B512B6E6A3B44BB8DE60DCF5886B85E4AD6AD4C1D27C7DC4AF398977AF6F9BDCCF3F2F83A93633AF3DE3E1FF8316F7371A699EFFBFEFEFFE7F9FF9FA7A10100000000000000000000000000000000000000000000000000000000000000000000000000000000000000000000000000000000000000000000000000000000000000000000000000000000000000000000000000000000000000000000000000000000000000000000000000000000000000000000000000000000000000000000000000000000000000000000000000000000000000000000000000000000000000000000000000000000000000000000A80549929CF8C5175FCC59B162C54F0B172E4C5A5A5A541FD782050B92A54B977E93D660F99307F9933FF903A02244935CB66C59D2D1D191ECDBB74F95A976ECD8912C59B2E4FBB469DE247F4AFEE44FFE0028BB3892A649564CB3DCD7D2D2F299FC29F9933FF903A0ECE274BB2655399536CA03F2A7E44FFEE40F80B28B35A21A544535CA44FE94FCC99FFC0150358DF287EFDA932F56CE4CD62F9854A8781CEFD3DC344AF9933FF953F20750A78D72F7B76DC9BAFF7A24F9EFF71E38A4E27DF1310D4EA3943FF9933F257F0075D828B7ACFF8FC39A64565BD7376B701AA5FCC99FFC29F903A8C746F9D9A267BA6D94F1310D4EA3943FF9933F257F0075D828D7B5FC73B78D323EA6C16994F2277FF2A7E40F40A3D428354AF9933FF9933FF903D028F715AEF2D15DA38C8F69701AA5FCC99FFC29F903A8C346B971F98BDD36CAF89806A751CA9FFCC99F923F803A6C943BDBD624EB3E78ECF0D3EEE9FBE2631A9C46297FF2277F4AFE00EAB051467DF9C91B8735CA789FE6A651CA9FFCC99F923F807A6D943FFE986CFCEB4B879F764FDF171FD3E0344AF9933FF953F20750678D32EE3CFA3FCBA775BB46373EE6EEA41AA5FCC99FFC29F903A89746F9E38F49FBC60F93B5FFF950B74D32ABF89CF85C47D7344AF9933FF953F20750C38DF24847D11C5DD328E54FFEE44FFEE40FA00E1B654F8EA2FDD2D1350D4FA3943FF9933F257F0035D8287F6D93CC4AC3D328E54FFEE44FC91F400D364AA551CA9FFCC99F92BFCA346CD8B0D36EB9E5969BD29A96566B5AED6925B98AFF6E1D3060C06B03070E1C9C563FBF35EACED6AD5B2F9E376FDE9FA74F9FBE6EC28409BB478D1AF5D3A041838A4F94112346ECBFEFBEFB764E9C3871E9E4C993EF489F58BFF15BD328354AF953F2277FF2578DD281FF1FD3F14D733AF03F5832313862A55FD392D69FAEBAEAAA13FD26A95949929CD8DADAFAE0D4A953DBD38940F2F4D34F2773E7CE4D56AF5E9DB4B5B525070F1E4C323B77EE4CD6AC5993CC9F3F3F79F1C5179374A270F081071EF86B5353D3C57E931AA546297F4AFEE44FFEAA413AD0FFFB7490BFE2682707DDD4CAF4DFFA83DF2A3567C992254DCF3FFFFCEEBBEEBA2B9933674ED2DEDE9E1C8D6FBFFDB6F02274F7DD771F183D7AF4F2F4C9728EDFAA46A951CA9F923F257F95288EFEA783FAA7BB3A83306EDCB8C25868F9F2E5C9E6CD9B93BD7BF716C63AFBF7EF2FFCF78A152B0A07521F79E491EE260CD3ACB4A066CE22CC9E3D7B6D535353F2F6DB6F179F0CBF569C7588B30C43860C39307CF8F071260A1AA546297F4AFE94FC5592418306FDAEF42C423A6E4966CE9C79D4074A376DDA94CC9831235656944E16D6C6F7F1DBA66AA54F8673A64D9BD63166CC9842D08FA7F8F7EEBDF7DEBD23468C78B39E67D51AA546297F4AFE94FC558E748270416363E3B6FCA03E965A7774741CD3B82796644F9A34A974B2B0C50A0BAA7692104B8DE2B4592C1BEA0D7176E2C9279FDC337CF8F0F7EB75838F46A951CA9F923F257F957326213F4988B3088B172F3E640FE6B15AB66C59E1DF3559A06AC572A33893109384635D6AD493A5484F3CF1C4AEF44933C344416994F2277FF2A7E4AF1C3AF72414971BC5951C376CD8D02B639FD8C350B214696DFFFEFD7F6B044A55883D09B1DC68D7AE5D495F88C9C8E8D1A377A54FCA074D149446297FF2277F4AFEFA5A6C5CCE9F49E8AD49427EB290BFAC7C6C703602A5E22D5DBA74446C5C3EDE7B127AB267217DC2EC4D67D4E769944AA3943FF9933F257F7DA5F312A8C5AB1BC572A3BE10CB904AEEB7E0D2A954AE5872F4DC73CFFD1057372A87B973E77E974E16E66A944AA3943FF9933F257F7D783661457EE3F2F1DC937024251B9C57BA291B152B6EA616F749E8ED7D09BFB45FA1A9A9697B6363E3EF354AA551CA9FFCC99F92BFDED679C7E5E292A363BDBAD1AFB91A527EBF42DCC1D988948A3465CA94F6B8814839353737C7EEFFBF68944AA3943FF9933F257FBD2D1D73346783F4B84F4239BCF9E69BF989428B11291567EBD6AD178F1831E2A86F2472BCC5A5581B1B1BFFAF5EEEADA0516A94F2A7E44FC95F79A4638DD3F27B13CA35068AB318F98DCDE9CFD4CFC8948A326FDEBC3F3FFBECB34925183F7EFCCA381558CDBFCF382290D63F6A941AA5FC29F9933FF9ABCC1CA683F29BB2C1F9B871E3CA3AF6894BD2E7260A838D4CA92853A74E5D3F77EEDC8A9828CC9A356B6DB55F262C7F0A319DF4FC8346A951CA9F923FF993BFCACA618C35B2CF2BF7D2EB1883653F4BFAF3BE66644A45993061C2EED5AB5757C44461D5AA551BD3274A6B2DBC40E5EAFDAE8E6C68941AA5FC29F953F2579E1CC65823FBF8F2E5CBCB3AF689FB2AE47ED6D606A824A3468DFAA9DCFB1332DF7CF3CD0FE993A4BDC65EA08A4736F22F541AA546297F4AFE94FC95278731D6C8DEBF79F3E6B28E7DDADADAF23F677B035492D844D397D70D3E9278A2D4E20B54FEC8469C0AD528354AF953F2A7E4AF3C39CCFFF7FEFDFBCB3AEE89EF9FFF798C4CA9B8275425E9C113BC264AA3ACACAA97DCC99FFCC99FAAF7FC9556A58D7D8C4C7146A17BBB6BF88C42E18A4ED99D17CBD128E3867AE9B74E624FCA9A356B92EBAFBFBE50EFBEFB6ED2AF5FBFE4B1C71E3BE2BF115F3F65CA941E7DDEE4C9938FF839F7DF7F7FE1F1ECD9B30B3F5FF6FEB8B6B4236AB593BF0F3EF8A0F077DDB3674FF2DE7BEF25B7DE7A6B2177D75D775DE18643C7F37B555BF6E4AFEF2BFECEAFBEFA6AF1BFDF7AEBAD2E3F27AE4653FA1AFAFEFBEF173ED6DCDCECF5AF8A73987F7FB96E36EB8C0255E1CE3BEFDC57297B14B66FDFBEAE06F7281CD22033E56894D180C68E1D5B781C03B6EE3EEFCB2FBF4CAEBDF6DA42C5602E2ABE76E3C68D85B731D02BFD9A254B96143E2F1B009E75D659C915575C51FCFA77DE792739F7DC730FFB7966CC98517CFCC61B6F141F47E3D4286B277FD9043372970D88B2F78F1F3FBEF8DF5F7FFD7572F5D55717321383A5CB2EBBACF0FF91CF56E4E494534EA999ECC95FDFD4C2850B93A6A6A6E2403FFEFE7169F0384012FF1D1B5A4B33920DD8E3F10B2FBC50781B398BCFCDBF867AFDABBE1CE6F7286CDAB4C91E05E8CE830F3EF875A55CF5A8B5B575710D5DF5A8356EC75EDA20CBD5282FB8E08264DDBA758566194DEB48671EF247B7E6CD9B57781C8D2C9B6C6493878F3FFEB8CBE616FFFDF8E38F17FFFBA4934E2A0E086322927DFD95575E59FC77376CD850FCDA38E39135678DB2BAF317F9C9BE5FFC4DE39AE5D9E31B6EB8E1B0CF8F01587E421A8F5F7FFDF5E2202D066F679F7DF62159ABE6ECC95FDF54DCD4331BDC676756B76EDD5ACC57FE40499691E9D3A7272FBFFC72E1F1A79F7EFA8B1361AF7FD59543573D821E9A3469D20795721F852953A634D7C07D14BA3C8256EE46190D72F7EEDDC50158B6EC28065ED951B0F8D8A2458B0A9FFFC9279F1C3651C837D4D2D3E3F16FC724247F06228EDEC5E3180CC6F7E8AAB9E68FA89D79E699C5252A71F42D8ED219A85577FEB2014F4C4EF3670FE2711CD98DC1553E77F96C4476B2C731C98DB7B14464DBB66D85C75BB66CA989ECC95FEFD68E1D3B92F4E72954FEB52EFEFEF1F6D24B2F2DBE2F3299CFC8B469D38A8F2FBFFCF2E2D7C7C07FD9B2655EFFAA3887F9FB28C4EB90FB2840379E79E699DB264F9EFC73254C14468E1CD95CED7766EEA9722D3D8ACACE1A64A7E3B3F7957E6E34C2AC91C651AF58939B9F40C44D6A4ABF267B5F7EA017CDF7D4534FEDF27BC411B5F837E3716B6BEB610D5AA3ACEEFCC551DC982CC4DFF6924B2E290CF8230BD9DF3AEAABAFBE2A4E48BFFFFEFB43067291832C57DD9D51A8F6ECC95FDF1C28299D3C34E4F6087435B9C85E2FE30C40BCBDE38E3BBA1CE47BFDABDAC9843B33434F0C1B36EC374D4D4DFB77EEDC59EE7B28C4FE841DF1F36894BD3349C81AD2AA55AB0E59B7DBDD44213B8A1B6FF3A7C5B323BAA547BCB2A36EA547D462BD6E9CBDC81F658E06DD90DB5058DA64ADD1AD9DFC457E22073109880CC669FEECC86BD4C9279F7CC8A02B3BF31547574B33176714E2E3B15FA656B2277F7D5BB1C938FECEF1DA97FDCD4BF7276413D4589E1483C8EC6C6ABC0E667BB5B2D744AF7F553BF6392D1D731CC806E89F7FFE7959C63E1D1D1D496363E3CFB989423F23532A4EFA42B8288E169753FAC2FCAFE993E42F1AE5F1AFD8201A83B4980C4613CA7FEF9E4C14B2A54751D1F8CE3BEFBCC38EA61D4DA38C9F275E941B4A9697E41B65B66425D6106B94D59DBFECC86C9CA18A3359F975E2DD0D88F2D988094396A9389B70CD35D71CB694A39AB3277F7DB704298EDC667FDB980434742EF3C9FFAD23A3D9B2A46C5F42968B9840C4D981380BE6F5AF26CE2A346703F4575E79A52C639F784DCBDF10CE88948A94BEA05D7CFBEDB71F2CD725C20E1E3CB8257D82FC6F3AABFEBD46D9BB13868692F5E03D9928C4402D4E8B473EB235E5D9D1DE7C95AEEFCD9A601C79EB6A236043C91ADD688ED9598F38DD1F8D337F851C8DB2BAF3177FDFB8A251771B40F375FAE9A717962AC559AB98E4669FDFD5652CAB3D7BF2D7BB1583EDD8971597808EA570F137BEE8A28B0EB97A5BFE2C6B7E72109389EC7530BE363628C7E3AEB2E1F5AFFAC452E76C903E64C890C2D1FDBE1407EF860E1D9A3F9BF02723522AD63DF7DCB3A45C9B9A9F7AEAA959E993648E46D9BB952DDF88A359F1387E86389D1E47BC4A978A644781E3347D34B968587149CA18E8656B761F7EF8E15F3C8A9C35CAD28AA523D9F29259B3661D72D439BBD74376C9C2FCA53335CAEACB5FB6FFE0C20B2F2CE4267F0F8578FF8D37DE587C1C9382EC48EBF9E79F5FC868E42DBB5C6A43E71E85EC717757EFAAB6ECC95FDFEFD52ABD4F417669D2EE966BC6DB134E38A1B0813E32DCD0C51E2DAF7F557B56A178F5A3499326F5E97DA5E2FBE52FE17AA48B004059F5EFDFFFEF6EBBEDB67D7D7D3DE17410BA247D82EC4EBFFF791A65EF56ACC38DE6134D2A3B8A9635A5D2C15D7EFD6D2C19892370D95566A2E27143E7E5038FB651466557C1C96FE0CB6F70B546BC36076A3D39429AE5B3A79F5FEDD993BFF25CD42136279F71C61985B70D9D4B854A3F2F965DC620AEF4E66991975F3B59F5FA57596EBEF9E67FCADF7361F1E2C57D32F689BE9AFFBE03070EFC83912815AFB1B171F4983163FED6574B90F6ECD9B33EFD9EEBD327C9FDF5F6BB2EF79D4995819ABFBBFCC99FAAF78942E759857FC906EC83060D2A0CE27BFBBE0983070FFE39375198D600D562F8F0E16F4C9C38B1D7270B070F1EDCD4D4D4F461FA0479A91E7FCF1AA546297F4AFE94FC955F2CF9C92F418AC9426FDD842D260943870EFD29374958DBBF7FFFDF1A7D52554F987400FFEEA38F3EBAABB7260B7126219D902C8A7D09F57239548D52A3943F257FF2277F95299D1CFC2E1D936CCC4F166219D2F1DCB310672A4ACE246C49EB1C234FAA72B2D0D8D8F8CAE8D1A3771DEF3D0BB127A173B9D14BF53A49D028354AF953F2E7EF2E7F952506EDF9C942B6C1F958AF861457372AD9B86C92406D183060C0A87456FDC3ECD9B3BFDDBF7FFF315F02B5F3EA46BBEB714F8246A951CA9F923FF993BFAA38B3D09A1FD4C7A55367CE9C99B4B7B71FF5CDD4E20A5BF94BA066CB8D4C12A8197135A4810307FE7B1AF4EFE6CC99F3793A333E70B4775C8E9BA9A5FFC686586A94BEBDC06F55A3D428E54FC99F92BF4A14AB2A060C18F07CC9E0BE500F3DF450E1FE2FB18721565C640751E36D5B5B5B610FC2FCF9F30B37F7CBDF7139BF71D99E046AF5ECC24569BD96067FD7D8B16357CF983163F5471F7DF4F9B66DDBF6E4E605BB6362D0DADABA78CA9429CD23478E8CBB1EEE4827076FD7D3CDD4344A8D52FE94FCC99FFC55B7CE4BA7B6763561F815B5D22550A90BB1AFA0F3C91397138B0DC95FA67520F76468EF7C624D8BBB1ED6F33E048D52A3943F257FF2277F557FA034EEE0DC5C32D6E951A5938396B8E3B29BA9011AA546297F4AFEE44FFE6AF740E969E9A4E1963810DA7940B4BD64625038501AAB2FD2C9C1E058BAEDB70668941AA5FC29F9933FF90340A3D428E54FC99FFCC91F001AA546297F4AFEE44FFE00D028354AF953F2277FF2078046A90CD494FCC99FFC01A0512A8D52FEE44FFE9489028046A9344AF9933FF953F207A0512A8D52FEE44FFE94FC0168944AA3943FF9933F257F001AA5D228E54FFEE44FC91F8046A9344AF9933FF953F20760A2A0344AF9933FF953F20760A2A0516A94F2A7E44FC91F001AA546297F4AFEE44FFE00D028354AF953F2277FF2078046A951CA9F923FF9933F00344A8D52FE94FCC99FFC01D01B162E5CA841554EED4D1BE501F953F2277FF20740D92D5DBAB4BDA3A34393AA806A6B6BFBB7B4517E267F4AFEE44FFE0028BB0F3FFCF0FAC58B177FB77DFBF6BF6956E53B92164D72C182055FA57593FC29F9933FF903A022A42FCE7F6C69695919A77D638DA8EAF38ADFFB67F5DA24E54FFEE44FFE4C12000000000000000000000000000000000000000000000000000000386EFE1F96A000D0666776C70000000049454E44AE426082, 1);
INSERT INTO `act_ge_bytearray` VALUES ('65603597-960c-11eb-a9be-00e04c1b045a', 1, 'name_fxtjzjic.bpmn', '65603596-960c-11eb-a9be-00e04c1b045a', 0x3C3F786D6C2076657273696F6E3D22312E302220656E636F64696E673D225554462D38223F3E0A3C646566696E6974696F6E7320786D6C6E733D22687474703A2F2F7777772E6F6D672E6F72672F737065632F42504D4E2F32303130303532342F4D4F44454C2220786D6C6E733A7873693D22687474703A2F2F7777772E77332E6F72672F323030312F584D4C536368656D612D696E7374616E63652220786D6C6E733A62706D6E64693D22687474703A2F2F7777772E6F6D672E6F72672F737065632F42504D4E2F32303130303532342F44492220786D6C6E733A6F6D6764633D22687474703A2F2F7777772E6F6D672E6F72672F737065632F44442F32303130303532342F44432220786D6C6E733A62696F633D22687474703A2F2F62706D6E2E696F2F736368656D612F62706D6E2F62696F636F6C6F722F312E302220786D6C6E733A666C6F7761626C653D22687474703A2F2F666C6F7761626C652E6F72672F62706D6E2220786D6C6E733A64693D22687474703A2F2F7777772E6F6D672E6F72672F737065632F44442F32303130303532342F44492220786D6C6E733A7873643D22687474703A2F2F7777772E77332E6F72672F323030312F584D4C536368656D6122207461726765744E616D6573706163653D22687474703A2F2F7777772E666C6F7761626C652E6F72672F70726F63657373646566223E0A20203C70726F636573732069643D2270726F636573735F6D79686C3332757322206E616D653D226E616D655F6678746A7A6A69632220666C6F7761626C653A70726F6365737343617465676F72793D226C65617665223E0A202020203C73746172744576656E742069643D2273746172744E6F64653122206E616D653D22E5BC80E5A78B223E0A2020202020203C6F7574676F696E673E466C6F775F316A67347772333C2F6F7574676F696E673E0A202020203C2F73746172744576656E743E0A202020203C73657175656E6365466C6F772069643D22466C6F775F316A67347772332220736F757263655265663D2273746172744E6F64653122207461726765745265663D2241637469766974795F3063737376703322202F3E0A202020203C757365725461736B2069643D2241637469766974795F3063737376703322206E616D653D223132332220666C6F7761626C653A61737369676E65653D2231223E0A2020202020203C696E636F6D696E673E466C6F775F316A67347772333C2F696E636F6D696E673E0A2020202020203C6F7574676F696E673E466C6F775F306C72676539703C2F6F7574676F696E673E0A202020203C2F757365725461736B3E0A202020203C656E644576656E742069643D224576656E745F3161797A77373722206E616D653D22E7BB93E69D9F223E0A2020202020203C696E636F6D696E673E466C6F775F306C72676539703C2F696E636F6D696E673E0A202020203C2F656E644576656E743E0A202020203C73657175656E6365466C6F772069643D22466C6F775F306C72676539702220736F757263655265663D2241637469766974795F3063737376703322207461726765745265663D224576656E745F3161797A77373722202F3E0A20203C2F70726F636573733E0A20203C62706D6E64693A42504D4E4469616772616D2069643D2242504D4E4469616772616D5F666C6F77223E0A202020203C62706D6E64693A42504D4E506C616E652069643D2242504D4E506C616E655F666C6F77222062706D6E456C656D656E743D2270726F636573735F6D79686C33327573223E0A2020202020203C62706D6E64693A42504D4E456467652069643D22466C6F775F316A67347772335F6469222062706D6E456C656D656E743D22466C6F775F316A6734777233223E0A20202020202020203C64693A776179706F696E7420783D223231352220793D2232313022202F3E0A20202020202020203C64693A776179706F696E7420783D223237302220793D2232313022202F3E0A2020202020203C2F62706D6E64693A42504D4E456467653E0A2020202020203C62706D6E64693A42504D4E456467652069643D22466C6F775F306C72676539705F6469222062706D6E456C656D656E743D22466C6F775F306C7267653970223E0A20202020202020203C64693A776179706F696E7420783D223337302220793D2232313022202F3E0A20202020202020203C64693A776179706F696E7420783D223433322220793D2232313022202F3E0A2020202020203C2F62706D6E64693A42504D4E456467653E0A2020202020203C62706D6E64693A42504D4E53686170652069643D2242504D4E53686170655F73746172744E6F646531222062706D6E456C656D656E743D2273746172744E6F646531222062696F633A7374726F6B653D22223E0A20202020202020203C6F6D6764633A426F756E647320783D223138352220793D22313935222077696474683D22333022206865696768743D22333022202F3E0A20202020202020203C62706D6E64693A42504D4E4C6162656C3E0A202020202020202020203C6F6D6764633A426F756E647320783D223138382220793D22323332222077696474683D22323222206865696768743D22313422202F3E0A20202020202020203C2F62706D6E64693A42504D4E4C6162656C3E0A2020202020203C2F62706D6E64693A42504D4E53686170653E0A2020202020203C62706D6E64693A42504D4E53686170652069643D2241637469766974795F30326875776C705F6469222062706D6E456C656D656E743D2241637469766974795F30637373767033223E0A20202020202020203C6F6D6764633A426F756E647320783D223237302220793D22313730222077696474683D2231303022206865696768743D22383022202F3E0A2020202020203C2F62706D6E64693A42504D4E53686170653E0A2020202020203C62706D6E64693A42504D4E53686170652069643D224576656E745F3161797A7737375F6469222062706D6E456C656D656E743D224576656E745F3161797A773737223E0A20202020202020203C6F6D6764633A426F756E647320783D223433322220793D22313932222077696474683D22333622206865696768743D22333622202F3E0A20202020202020203C62706D6E64693A42504D4E4C6162656C3E0A202020202020202020203C6F6D6764633A426F756E647320783D223433392220793D22323335222077696474683D22323222206865696768743D22313422202F3E0A20202020202020203C2F62706D6E64693A42504D4E4C6162656C3E0A2020202020203C2F62706D6E64693A42504D4E53686170653E0A202020203C2F62706D6E64693A42504D4E506C616E653E0A20203C2F62706D6E64693A42504D4E4469616772616D3E0A3C2F646566696E6974696F6E733E0A, 0);
INSERT INTO `act_ge_bytearray` VALUES ('6581c758-960c-11eb-a9be-00e04c1b045a', 1, 'name_fxtjzjic.process_myhl32us.png', '65603596-960c-11eb-a9be-00e04c1b045a', 0x89504E470D0A1A0A0000000D49484452000001DE000001040806000000863B558A00000C334944415478DAEDDD5D6C56F51D07702FBC3051935DEC62265E986CC988F17289BB30C68B5D6862C22E28C5B642530955278A3A224109044D80A0E182250B1909D1303743501863F25258792D1948A04060301085522C2368744504393BBF27CFD39C96165A78FAF4F4E9E793FC427B4EDF7872CEF93EFF73FE2F77DD0500000000000000000000000000000000000000000000000000000000000000000000000000000000000000000000000000000000000000000000000000000000000000000000000000000000000000000000000000000000000000000000000000000000000000000000000000000000000000000000000000000000000000000000000000000000000000000000000000000000000000000000000000000000000000000000000000000000000000000000000000000000000000000000000000000000000000000000000000000000000000000000000000000000000000000000000000000000000000000000000000000000000000000000000000000000000000000000000000000000000000000000000000000000000000000000000000000000000000000000000000000000000000000000000000000030EA244972F7A953A756EDD9B3E7C72D5BB6249B376F5615AE96969664FBF6EDFF4DABC1110950E5227477ECD8917475752557AE5C512354172E5C48B66DDBF64D1AC2131C9500552C5ABA423737E17B256D011F75540254B1B8BD2CF4F25369F05E75540254B178C628F07215BC89A31240F026DF7DDD999CDABB2239D232BF50F1716C13968217803207EFB7973A92C31BE72407D7CFEC55B12DF6094CC10B401983F7CC91BFDD10BAA53A7B649DC014BC009433788FFE73D180C11BFB04A6E005A08CC17B78F3BC018337F6094CC10B80E015BC008CCEE08D5ECC03056FEC13988217803206EF895D7F183078639FC014BC009431782F76B4278737CDBDF13673BA2DF6094CC10B40198337EAF37D1FDC10BCB14D580A5E00CA1DBCDF7F9F9CD8FDC71B6F33A7DB629FC014BC009429786366AAE3BB960EF88C37F699BD4AF00270A7C19BB6643B4F6C4D0E6D983D60E8962ABE26BE56EB57F002701BC17BAB56AED6AFE005A08CC13B9856EECD5ABF0254F0023084E0BDDDD02D950015BC000C217895E0CDBBC6C6C69F4C9A3469425A4BD36A4BAB33AD2453F1795B6D6DED9F9E79E69986B47EEA550304AF12BC439406E9D369A0AE4B83F45A9FA0BD65A5DFB339ADDF3EF1C413777B2501C1AB04EF4DA4C1F9AB3434F70C356C07A8BDE9CF7AD2AB0A085E2578FB88D6691A920BFA6BE1BEF1C61BC9AA55AB925DBB76255F7EF96572F9F2E524FCF0C30F85CFF7ECD9937CFCF1C7C99C3973060AE0A58D8D8DF77895E10EA5E7DD3DEDEDEDCDEFBFFFFEB6850B177EF3F2CB2F5F4D4FAEC289D6D0D070FD85175EB8F2E69B6F9E5AB468D1CAB47E297805AFE0CDA7FAFAFA07FBB6729F7DF6D964C58A15496767673214A74F9F4E962F5F9E94AE05993A14BFC7AB0DB719B8AB57AFFEE0EDB7DFBE3A63C68C64D9B2658577BC1D1D1D3DEF84E3DFAEAEAEE4B3CF3E4BD2604E5E79E595EBAFBEFAEAE969D3A64D15BC4AF0E6471AB8E3EAEAEACE654372C1820585F3F74E5CBC7831993F7F7EDFF03D93D6435E75188234609BDE79E79DEF67CE9C5908D56BD7AE0DFA443C70E040326BD6AC6BCDCDCD476B6A6A7E217895E01DF9966E3674A395DBDADA3AA4F3FA5676ECD851F8B9C21786DECABD7BEDDAB55B9F7FFEF964DDBA757774626ED8B021696A6AEA1E6BAD5FC12B78F3A4F84CB7E7F6721AC2C9B163C792E11077C4FADC7A3E94BEF9BECF95156E12BAE9BBE07F4D9F3E3D397EFC78594EC4780E948678F7D4A9537F277895E01D915BCC0BB22DDDE10ADD6CF846B8673B5CB9BAC200A2A51BA17BA7CF7CFA8A9F97B67ABF8D41F7825709DECA290E19EAE9BD1CB7972B216E3BF719EF6BA811F415CF74E3F672B95ABAFDB57C274F9E7C293A78085E25782BD6DADD93ED4855CE67BAB7D2A7C3D55E936C40EF5BCCF7A427C99578A63B9CD6AF5FDF5D5F5FDF267895E01D7EC519A97A6E3197FB4ED6607A3B679FF7C60C57AEB650F4C9279FFC397A2FC720F9E1F6E28B2F9EAFF65BCE8257F0E6E436F3BA52E8C538DD91B072E5CA5ED34BBADA42B1B51BE37463C850251C3C78F04AB5B77A05AFE01D69B1E041F6D9EE5027C72867FF8E6C472B0B2B402A66A48A0E55957CF6D3D4D4747E348EEF2B4E08FF98E015BC793F0E8BAB0CF54C033992B2D34B8E950E967053310D644CFB56494B962C39909E84BF1F85B7EE7A6E99D5D6D6FE5AF00ADEBC1E87C5A5FD0A5F17732F8FA498DBB9F4B7C49282AEBA8C7931F7728CBBABA4DDBB779F8EE74FA3F58297A94FFB6B79085EC13BD2C761713DDDC2FE58F06024C5F525F3B7B6B9EA32E6C58207957EFE73FEFCF9AE984EAE0A2E78D935491F13BC82372FC7617611FB58556824C5DCEE99BFB3D35597312FBAFB97163CA894F87DE90978B95A2E78D99647DCFA13BC8277A48FC3ECE79518AD7033F1FBB37F8FAB2E635E9C0823A14C8B6FE7B2046FBEAA9A8FB5C1541E085EC8983265CAF54AB778BBBBBBCF57598B776F4C56509A9947F06AF18EF47198DD5EE9F35B8B176E61FAF4E9572AFD8CF7DCB973FFAE9267BCBD02B764B405EFBE7DFBE26298B4B7B7F76C3B79F264F2F8E38F17B647C5DCBBA57D9B366D4A1E7DF4D19E7DD17947F0E6EB38CC3EE38DE95A3DE3851C993367CE894AF76ADEB871E33F4679AFE6B698FE6EA0B9674753F0DE7FFFFD3D019ADD1E9F4F9C38B1D05A6A6868E8B53F3E1E3F7E7C61DF4B2FBD74C3F70ADE913F0EF56A861C5BBC78F1F24A8FE39D3B77EEFA513A8EB7DF16EE680EDEA8E6E6E642789E3973A657B8C685323EFEF0C30FFB0DD70B172E14B63FFCF0C3823767C761761CEF471F7D641C2FE4C95B6FBDF5F3B4D5F2630567AEBA5C5757777234CE5C3558A32D786355AABEC1DBB7F55B0AE152456B38B68F1B37CE33DE7C86B399AB20CF5E7BEDB5FF546AAEE68D1B37AE4C4FC01DD5FC7A5653F0AE5EBD3A397CF870BFDF175F1FDF77EFBDF70ADE9C89B99AD3F3EC6A29F0E299FD48CDD59CBED1BE6EAE66E8E3B9E79EAB79FDF5D7AF56A0D57B293D09F75B9D6874046F6CBBD5FF65A0DBD0823717ADDE9ED589962D5B667522C89BE6E6E6F6E15E8F379E27476BB7DA17C41E6DC13B79F2E442781E3B76AC576BB6F47174A27AF7DD777B05F2534F3D55D87E573F1DB3046F3EE4613DDE18AE683D5E18F8DDF1434D4D4DDDC78F1F1F9693B0BDBD7D6D0C25484FBE71D5FE5A8ED65ECD51716B39B63FF0C003BDB667C33586133DF2C8233DDBCF9D3B2778F37B5EF7F46E9E3F7F7E4557218BDF971DF254ED6FB8E1B6343434D4A72DDFFF95FB9DF1D9B36777D6D5D57D31563A56984043F0E6C5C489137F931DF3DBDADA5A91D08D71DF7DE6917ED2151606505F5FDF346DDAB46FCBD5F28D966E846E6D6DEDACB1F21A0A5EC19BB356EFE25200C6A2F4118AC33D6E377D137F3D13BC4B5D59E116D2909C949E38DFAC59B3E6BB3BB83575E9BDF7DE5B519C41A7712CBD7E8257F0E649710AC9B66CF80ED7A41A11BA53A64CF93113BA876A6A6AEE735585C1BD4B7E286DA96E696E6E3EBF7FFFFEEEA18CD3DDB469D35FD2E0DE1B1DA9C6C2335DC12B7847C19DAC07D3F3F144367CE3B673399FF9464BBA4F4BF74C358FD787E10CE00911C08D8D8D5D0B172E3CB273E7CE2F3A3A3A3A4B13AFC7820731F7724B4BCBDFE7CD9BF7697A429F8AC08D56EE58ED4C2178056F5EDF4C67C3B7D4E1EA4EFB7444EFE53E1DA9842E94EB1D73DA7A9D919E4CABD2FA3C56172A9E60978B27598C19FCBD934DF00ADEDCB77CDBB22119438D56AC58910C75B19408EC18A79B1D3254BABDEC3A00085EC14B51DC89AAADAD5DD2DFD282B367CF2ECCED1CCF806355A358D2AFB4B45FAC3214CF70D7AC59539806323B2355B6239567BA80E015BC82B71FC5A1466D3759DF7728B5D7902140F02AC13B08C519AED665E7761E6CC53490375B221340F00A5E06100B2BC450C2E292826DC5A180BD16B18FEDB1B45F4C86535353F333AF1A207895E00510BC4AF0022078052F008257095E0004AFE00540F02AC10B80E015BC00085EC10B80E055821700C12B780110BC4AF0022078052F008257095E00C1AB042F008257F002207895E00540F00A5E00F267CB962D022F3F75390DDEAB8E4A802AB67DFBF6CEAEAE2EA19783EAE8E8F86B1ABC471D9500556CEBD6ADE35B5B5BBFFEEAABAFBA85DFC8B57423745B5A5ABE486B82A312A0CAA517FBA7D396D6DEB8CD19CF1855C52B5EF7A3421700000000000000000000000000000000A8A8FF03C3040E97EF18F31E0000000049454E44AE426082, 1);
INSERT INTO `act_ge_bytearray` VALUES ('b0d9db3c-95c7-11eb-ba86-00e04c1b045a', 1, 'var-variables', NULL, 0xACED0005737200136A6176612E7574696C2E41727261794C6973747881D21D99C7619D03000149000473697A65787000000003770400000003737200176A6176612E7574696C2E4C696E6B6564486173684D617034C04E5C106CC0FB0200015A000B6163636573734F72646572787200116A6176612E7574696C2E486173684D61700507DAC1C31660D103000246000A6C6F6164466163746F724900097468726573686F6C6478703F40000000000003770800000004000000027400056C6162656C74000CE8AFB7E58187E58E9FE59BA074000376616C740006E4BA8BE5818778007371007E00023F400000000000037708000000040000000271007E000574000CE8AFB7E58187E697B6E997B471007E00077371007E00000000000277040000000274000A323032312D30342D303674000A323032312D30342D30377878007371007E00023F400000000000037708000000040000000271007E0005740006E5A487E6B3A871007E000774000FE59CB0E5AFB9E59CB0E5AFBCE5BCB9780078, NULL);
INSERT INTO `act_ge_bytearray` VALUES ('b0da506e-95c7-11eb-ba86-00e04c1b045a', 1, 'hist.var-variables', NULL, 0xACED0005737200136A6176612E7574696C2E41727261794C6973747881D21D99C7619D03000149000473697A65787000000003770400000003737200176A6176612E7574696C2E4C696E6B6564486173684D617034C04E5C106CC0FB0200015A000B6163636573734F72646572787200116A6176612E7574696C2E486173684D61700507DAC1C31660D103000246000A6C6F6164466163746F724900097468726573686F6C6478703F40000000000003770800000004000000027400056C6162656C74000CE8AFB7E58187E58E9FE59BA074000376616C740006E4BA8BE5818778007371007E00023F400000000000037708000000040000000271007E000574000CE8AFB7E58187E697B6E997B471007E00077371007E00000000000277040000000274000A323032312D30342D303674000A323032312D30342D30377878007371007E00023F400000000000037708000000040000000271007E0005740006E5A487E6B3A871007E000774000FE59CB0E5AFB9E59CB0E5AFBCE5BCB9780078, NULL);
INSERT INTO `act_ge_bytearray` VALUES ('ca4915e0-95d2-11eb-b06c-00e04c1b045a', 1, '请假流程.bpmn', 'ca4915df-95d2-11eb-b06c-00e04c1b045a', 0x3C3F786D6C2076657273696F6E3D22312E302220656E636F64696E673D225554462D38223F3E0A3C62706D6E3A646566696E6974696F6E7320786D6C6E733A7873693D22687474703A2F2F7777772E77332E6F72672F323030312F584D4C536368656D612D696E7374616E63652220786D6C6E733A62706D6E3D22687474703A2F2F7777772E6F6D672E6F72672F737065632F42504D4E2F32303130303532342F4D4F44454C2220786D6C6E733A62706D6E64693D22687474703A2F2F7777772E6F6D672E6F72672F737065632F42504D4E2F32303130303532342F44492220786D6C6E733A64633D22687474703A2F2F7777772E6F6D672E6F72672F737065632F44442F32303130303532342F44432220786D6C6E733A64693D22687474703A2F2F7777772E6F6D672E6F72672F737065632F44442F32303130303532342F44492220786D6C6E733A666C6F7761626C653D22687474703A2F2F666C6F7761626C652E6F72672F62706D6E222069643D22446566696E6974696F6E735F3178796635343122207461726765744E616D6573706163653D22687474703A2F2F62706D6E2E696F2F736368656D612F62706D6E22206578706F727465723D2262706D6E2D6A73202868747470733A2F2F64656D6F2E62706D6E2E696F2922206578706F7274657256657273696F6E3D22382E322E32223E0A20203C62706D6E3A70726F636573732069643D2250726F636573735F316A33776D6D3022206E616D653D22E8AFB7E58187E6B581E7A88B2220697345786563757461626C653D22747275652220666C6F7761626C653A70726F6365737343617465676F72793D226C65617665223E0A202020203C62706D6E3A73746172744576656E742069643D2253746172744576656E745F303932346B6A3622206E616D653D22E5BC80E5A78B223E0A2020202020203C62706D6E3A6F7574676F696E673E466C6F775F3036763537707A3C2F62706D6E3A6F7574676F696E673E0A202020203C2F62706D6E3A73746172744576656E743E0A202020203C62706D6E3A73657175656E6365466C6F772069643D22466C6F775F3036763537707A2220736F757263655265663D2253746172744576656E745F303932346B6A3622207461726765745265663D2241637469766974795F3174736270717622202F3E0A202020203C62706D6E3A757365725461736B2069643D2241637469766974795F3174736270717622206E616D653D22E8A18CE694BFE5AEA1E689B92220666C6F7761626C653A63616E64696461746555736572733D22312C322C313030223E0A2020202020203C62706D6E3A696E636F6D696E673E466C6F775F3036763537707A3C2F62706D6E3A696E636F6D696E673E0A2020202020203C62706D6E3A6F7574676F696E673E466C6F775F307731336774373C2F62706D6E3A6F7574676F696E673E0A202020203C2F62706D6E3A757365725461736B3E0A202020203C62706D6E3A73657175656E6365466C6F772069643D22466C6F775F307731336774372220736F757263655265663D2241637469766974795F3174736270717622207461726765745265663D2241637469766974795F306E723973683522202F3E0A202020203C62706D6E3A757365725461736B2069643D2241637469766974795F306E723973683522206E616D653D22E7BB8FE79086E5AEA1E689B92220666C6F7761626C653A63616E64696461746547726F7570733D22312C3130302C32223E0A2020202020203C62706D6E3A696E636F6D696E673E466C6F775F307731336774373C2F62706D6E3A696E636F6D696E673E0A2020202020203C62706D6E3A6F7574676F696E673E466C6F775F30666A78396E683C2F62706D6E3A6F7574676F696E673E0A202020203C2F62706D6E3A757365725461736B3E0A202020203C62706D6E3A73657175656E6365466C6F772069643D22466C6F775F30666A78396E682220736F757263655265663D2241637469766974795F306E723973683522207461726765745265663D2241637469766974795F31386C7238796A22202F3E0A202020203C62706D6E3A757365725461736B2069643D2241637469766974795F31386C7238796A22206E616D653D22E88081E69DBFE5AEA1E689B92220666C6F7761626C653A61737369676E65653D22313030223E0A2020202020203C62706D6E3A696E636F6D696E673E466C6F775F30666A78396E683C2F62706D6E3A696E636F6D696E673E0A2020202020203C62706D6E3A6F7574676F696E673E466C6F775F3033736A62346D3C2F62706D6E3A6F7574676F696E673E0A202020203C2F62706D6E3A757365725461736B3E0A202020203C62706D6E3A656E644576656E742069643D224576656E745F3033733339617322206E616D653D22E7BB93E69D9F223E0A2020202020203C62706D6E3A696E636F6D696E673E466C6F775F3033736A62346D3C2F62706D6E3A696E636F6D696E673E0A202020203C2F62706D6E3A656E644576656E743E0A202020203C62706D6E3A73657175656E6365466C6F772069643D22466C6F775F3033736A62346D2220736F757263655265663D2241637469766974795F31386C7238796A22207461726765745265663D224576656E745F3033733339617322202F3E0A20203C2F62706D6E3A70726F636573733E0A20203C62706D6E64693A42504D4E4469616772616D2069643D2242504D4E4469616772616D5F31223E0A202020203C62706D6E64693A42504D4E506C616E652069643D2242504D4E506C616E655F31222062706D6E456C656D656E743D2250726F636573735F316A33776D6D30223E0A2020202020203C62706D6E64693A42504D4E456467652069643D22466C6F775F3033736A62346D5F6469222062706D6E456C656D656E743D22466C6F775F3033736A62346D223E0A20202020202020203C64693A776179706F696E7420783D223637302220793D22393922202F3E0A20202020202020203C64693A776179706F696E7420783D223733322220793D22393922202F3E0A2020202020203C2F62706D6E64693A42504D4E456467653E0A2020202020203C62706D6E64693A42504D4E456467652069643D22466C6F775F30666A78396E685F6469222062706D6E456C656D656E743D22466C6F775F30666A78396E68223E0A20202020202020203C64693A776179706F696E7420783D223531302220793D22393922202F3E0A20202020202020203C64693A776179706F696E7420783D223537302220793D22393922202F3E0A2020202020203C2F62706D6E64693A42504D4E456467653E0A2020202020203C62706D6E64693A42504D4E456467652069643D22466C6F775F307731336774375F6469222062706D6E456C656D656E743D22466C6F775F30773133677437223E0A20202020202020203C64693A776179706F696E7420783D223335302220793D22393922202F3E0A20202020202020203C64693A776179706F696E7420783D223431302220793D22393922202F3E0A2020202020203C2F62706D6E64693A42504D4E456467653E0A2020202020203C62706D6E64693A42504D4E456467652069643D22466C6F775F3036763537707A5F6469222062706D6E456C656D656E743D22466C6F775F3036763537707A223E0A20202020202020203C64693A776179706F696E7420783D223139322220793D22393922202F3E0A20202020202020203C64693A776179706F696E7420783D223235302220793D22393922202F3E0A2020202020203C2F62706D6E64693A42504D4E456467653E0A2020202020203C62706D6E64693A42504D4E53686170652069643D225F42504D4E53686170655F53746172744576656E745F32222062706D6E456C656D656E743D2253746172744576656E745F303932346B6A36223E0A20202020202020203C64633A426F756E647320783D223135362220793D223831222077696474683D22333622206865696768743D22333622202F3E0A20202020202020203C62706D6E64693A42504D4E4C6162656C3E0A202020202020202020203C64633A426F756E647320783D223136332220793D223932222077696474683D22323222206865696768743D22313422202F3E0A20202020202020203C2F62706D6E64693A42504D4E4C6162656C3E0A2020202020203C2F62706D6E64693A42504D4E53686170653E0A2020202020203C62706D6E64693A42504D4E53686170652069643D2241637469766974795F317971733133395F6469222062706D6E456C656D656E743D2241637469766974795F31747362707176223E0A20202020202020203C64633A426F756E647320783D223235302220793D223539222077696474683D2231303022206865696768743D22383022202F3E0A2020202020203C2F62706D6E64693A42504D4E53686170653E0A2020202020203C62706D6E64693A42504D4E53686170652069643D2241637469766974795F3035316C70396A5F6469222062706D6E456C656D656E743D2241637469766974795F306E7239736835223E0A20202020202020203C64633A426F756E647320783D223431302220793D223539222077696474683D2231303022206865696768743D22383022202F3E0A2020202020203C2F62706D6E64693A42504D4E53686170653E0A2020202020203C62706D6E64693A42504D4E53686170652069643D2241637469766974795F303679357070695F6469222062706D6E456C656D656E743D2241637469766974795F31386C7238796A223E0A20202020202020203C64633A426F756E647320783D223537302220793D223539222077696474683D2231303022206865696768743D22383022202F3E0A2020202020203C2F62706D6E64693A42504D4E53686170653E0A2020202020203C62706D6E64693A42504D4E53686170652069643D224576656E745F303373333961735F6469222062706D6E456C656D656E743D224576656E745F30337333396173223E0A20202020202020203C64633A426F756E647320783D223733322220793D223831222077696474683D22333622206865696768743D22333622202F3E0A20202020202020203C62706D6E64693A42504D4E4C6162656C3E0A202020202020202020203C64633A426F756E647320783D223733392220793D223932222077696474683D22323222206865696768743D22313422202F3E0A20202020202020203C2F62706D6E64693A42504D4E4C6162656C3E0A2020202020203C2F62706D6E64693A42504D4E53686170653E0A202020203C2F62706D6E64693A42504D4E506C616E653E0A20203C2F62706D6E64693A42504D4E4469616772616D3E0A3C2F62706D6E3A646566696E6974696F6E733E0A, 0);
INSERT INTO `act_ge_bytearray` VALUES ('cac63521-95d2-11eb-b06c-00e04c1b045a', 1, '请假流程.Process_1j3wmm0.png', 'ca4915df-95d2-11eb-b06c-00e04c1b045a', 0x89504E470D0A1A0A0000000D494844520000030A000000950806000000F8E00D2A000013794944415478DAEDDD0B8896F59E07F0818A4E70A002A30D4E5010111174880D36DA2262A1131DE84499396ADA88D945CCEC2296D56A376ACD4E9A7493743B512B6E6A3B44BB8DE60DCF5886B85E4AD6AD4C1D27C7DC4AF398977AF6F9BDCCF3F2F83A93633AF3DE3E1FF8316F7371A699EFFBFEFEFFE7F9FF9FA7A10100000000000000000000000000000000000000000000000000000000000000000000000000000000000000000000000000000000000000000000000000000000000000000000000000000000000000000000000000000000000000000000000000000000000000000000000000000000000000000000000000000000000000000000000000000000000000000000000000000000000000000000000000000000000000000000000000000000000000000000A80549929CF8C5175FCC59B162C54F0B172E4C5A5A5A541FD782050B92A54B977E93D660F99307F9933FF903A02244935CB66C59D2D1D191ECDBB74F95A976ECD8912C59B2E4FBB469DE247F4AFEE44FFE0028BB3892A649564CB3DCD7D2D2F299FC29F9933FF903A0ECE274BB2655399536CA03F2A7E44FFEE40F80B28B35A21A544535CA44FE94FCC99FFC0150358DF287EFDA932F56CE4CD62F9854A8781CEFD3DC344AF9933FF953F20750A78D72F7B76DC9BAFF7A24F9EFF71E38A4E27DF1310D4EA3943FF9933F257F0075D828B7ACFF8FC39A64565BD7376B701AA5FCC99FFC29F903A8C746F9D9A267BA6D94F1310D4EA3943FF9933F257F0075D828D7B5FC73B78D323EA6C16994F2277FF2A7E40F40A3D428354AF9933FF9933FF903D028F715AEF2D15DA38C8F69701AA5FCC99FFC29F903A8C346B971F98BDD36CAF89806A751CA9FFCC99F923F803A6C943BDBD624EB3E78ECF0D3EEE9FBE2631A9C46297FF2277F4AFE00EAB051467DF9C91B8735CA789FE6A651CA9FFCC99F923F807A6D943FFE986CFCEB4B879F764FDF171FD3E0344AF9933FF953F20750678D32EE3CFA3FCBA775BB46373EE6EEA41AA5FCC99FFC29F903A89746F9E38F49FBC60F93B5FFF950B74D32ABF89CF85C47D7344AF9933FF953F20750C38DF24847D11C5DD328E54FFEE44FFEE40FA00E1B654F8EA2FDD2D1350D4FA3943FF9933F257F0035D8287F6D93CC4AC3D328E54FFEE44FC91F400D364AA551CA9FFCC99F92BFCA346CD8B0D36EB9E5969BD29A96566B5AED6925B98AFF6E1D3060C06B03070E1C9C563FBF35EACED6AD5B2F9E376FDE9FA74F9FBE6EC28409BB478D1AF5D3A041838A4F94112346ECBFEFBEFB764E9C3871E9E4C993EF489F58BFF15BD328354AF953F2277FF2578DD281FF1FD3F14D733AF03F5832313862A55FD392D69FAEBAEAAA13FD26A95949929CD8DADAFAE0D4A953DBD38940F2F4D34F2773E7CE4D56AF5E9DB4B5B525070F1E4C323B77EE4CD6AC5993CC9F3F3F79F1C5179374A270F081071EF86B5353D3C57E931AA546297F4AFEE44FFEAA413AD0FFFB7490BFE2682707DDD4CAF4DFFA83DF2A3567C992254DCF3FFFFCEEBBEEBA2B9933674ED2DEDE9E1C8D6FBFFDB6F02274F7DD771F183D7AF4F2F4C9728EDFAA46A951CA9F923F257F95288EFEA783FAA7BB3A83306EDCB8C25868F9F2E5C9E6CD9B93BD7BF716C63AFBF7EF2FFCF78A152B0A07521F79E491EE260CD3ACB4A066CE22CC9E3D7B6D535353F2F6DB6F179F0CBF569C7588B30C43860C39307CF8F071260A1AA546297F4AFE94FC5592418306FDAEF42C423A6E4966CE9C79D4074A376DDA94CC9831235656944E16D6C6F7F1DBA66AA54F8673A64D9BD63166CC9842D08FA7F8F7EEBDF7DEBD23468C78B39E67D51AA546297F4AFE94FC558E748270416363E3B6FCA03E965A7774741CD3B82796644F9A34A974B2B0C50A0BAA7692104B8DE2B4592C1BEA0D7176E2C9279FDC337CF8F0F7EB75838F46A951CA9F923F257F957326213F4988B3088B172F3E640FE6B15AB66C59E1DF3559A06AC572A33893109384635D6AD493A5484F3CF1C4AEF44933C344416994F2277FF2A7E4AF1C3AF72414971BC5951C376CD8D02B639FD8C350B214696DFFFEFD7F6B044A55883D09B1DC68D7AE5D495F88C9C8E8D1A377A54FCA074D149446297FF2277F4AFEFA5A6C5CCE9F49E8AD49427EB290BFAC7C6C703602A5E22D5DBA74446C5C3EDE7B127AB267217DC2EC4D67D4E769944AA3943FF9933F257F7DA5F312A8C5AB1BC572A3BE10CB904AEEB7E0D2A954AE5872F4DC73CFFD1057372A87B973E77E974E16E66A944AA3943FF9933F257F7D783661457EE3F2F1DC937024251B9C57BA291B152B6EA616F749E8ED7D09BFB45FA1A9A9697B6363E3EF354AA551CA9FFCC99F92BFDED679C7E5E292A363BDBAD1AFB91A527EBF42DCC1D988948A3465CA94F6B8814839353737C7EEFFBF68944AA3943FF9933F257FBD2D1D73346783F4B84F4239BCF9E69BF989428B11291567EBD6AD178F1831E2A86F2472BCC5A5581B1B1BFFAF5EEEADA0516A94F2A7E44FC95F79A4638DD3F27B13CA35068AB318F98DCDE9CFD4CFC8948A326FDEBC3F3FFBECB34925183F7EFCCA381558CDBFCF382290D63F6A941AA5FC29F9933FF9ABCC1CA683F29BB2C1F9B871E3CA3AF6894BD2E7260A838D4CA92853A74E5D3F77EEDC8A9828CC9A356B6DB55F262C7F0A319DF4FC8346A951CA9F923FF993BFCACA618C35B2CF2BF7D2EB1883653F4BFAF3BE66644A45993061C2EED5AB5757C44461D5AA551BD3274A6B2DBC40E5EAFDAE8E6C68941AA5FC29F953F2579E1CC65823FBF8F2E5CBCB3AF689FB2AE47ED6D606A824A3468DFAA9DCFB1332DF7CF3CD0FE993A4BDC65EA08A4736F22F541AA546297F4AFE94FC95278731D6C8DEBF79F3E6B28E7DDADADAF23F677B035492D844D397D70D3E9278A2D4E20B54FEC8469C0AD528354AF953F2A7E4AF3C39CCFFF7FEFDFBCB3AEE89EF9FFF798C4CA9B8275425E9C113BC264AA3ACACAA97DCC99FFCC99FAAF7FC9556A58D7D8C4C7146A17BBB6BF88C42E18A4ED99D17CBD128E3867AE9B74E624FCA9A356B92EBAFBFBE50EFBEFB6ED2AF5FBFE4B1C71E3BE2BF115F3F65CA941E7DDEE4C9938FF839F7DF7F7FE1F1ECD9B30B3F5FF6FEB8B6B4236AB593BF0F3EF8A0F077DDB3674FF2DE7BEF25B7DE7A6B2177D75D775DE18643C7F37B555BF6E4AFEF2BFECEAFBEFA6AF1BFDF7AEBAD2E3F27AE4653FA1AFAFEFBEF173ED6DCDCECF5AF8A73987F7FB96E36EB8C0255E1CE3BEFDC57297B14B66FDFBEAE06F7281CD22033E56894D180C68E1D5B781C03B6EE3EEFCB2FBF4CAEBDF6DA42C5602E2ABE76E3C68D85B731D02BFD9A254B96143E2F1B009E75D659C915575C51FCFA77DE792739F7DC730FFB7966CC98517CFCC61B6F141F47E3D4286B277FD9043372970D88B2F78F1F3FBEF8DF5F7FFD7572F5D55717321383A5CB2EBBACF0FF91CF56E4E494534EA999ECC95FDFD4C2850B93A6A6A6E2403FFEFE7169F0384012FF1D1B5A4B33920DD8E3F10B2FBC50781B398BCFCDBF867AFDABBE1CE6F7286CDAB4C91E05E8CE830F3EF875A55CF5A8B5B575710D5DF5A8356EC75EDA20CBD5282FB8E08264DDBA758566194DEB48671EF247B7E6CD9B57781C8D2C9B6C6493878F3FFEB8CBE616FFFDF8E38F17FFFBA4934E2A0E086322927DFD95575E59FC77376CD850FCDA38E39135678DB2BAF317F9C9BE5FFC4DE39AE5D9E31B6EB8E1B0CF8F01587E421A8F5F7FFDF5E2202D066F679F7DF62159ABE6ECC95FDF54DCD4331BDC676756B76EDD5ACC57FE40499691E9D3A7272FBFFC72E1F1A79F7EFA8B1361AF7FD59543573D821E9A3469D20795721F852953A634D7C07D14BA3C8256EE46190D72F7EEDDC50158B6EC28065ED951B0F8D8A2458B0A9FFFC9279F1C3651C837D4D2D3E3F16FC724247F06228EDEC5E3180CC6F7E8AAB9E68FA89D79E699C5252A71F42D8ED219A85577FEB2014F4C4EF3670FE2711CD98DC1553E77F96C4476B2C731C98DB7B14464DBB66D85C75BB66CA989ECC95FEFD68E1D3B92F4E72954FEB52EFEFEF1F6D24B2F2DBE2F3299CFC8B469D38A8F2FBFFCF2E2D7C7C07FD9B2655EFFAA3887F9FB28C4EB90FB2840379E79E699DB264F9EFC73254C14468E1CD95CED7766EEA9722D3D8ACACE1A64A7E3B3F7957E6E34C2AC91C651AF58939B9F40C44D6A4ABF267B5F7EA017CDF7D4534FEDF27BC411B5F837E3716B6BEB610D5AA3ACEEFCC551DC982CC4DFF6924B2E290CF8230BD9DF3AEAABAFBE2A4E48BFFFFEFB43067291832C57DD9D51A8F6ECC95FDF1C28299D3C34E4F6087435B9C85E2FE30C40BCBDE38E3BBA1CE47BFDABDAC9843B33434F0C1B36EC374D4D4DFB77EEDC59EE7B28C4FE841DF1F36894BD3349C81AD2AA55AB0E59B7DBDD44213B8A1B6FF3A7C5B323BAA547BCB2A36EA547D462BD6E9CBDC81F658E06DD90DB5058DA64ADD1AD9DFC457E22073109880CC669FEECC86BD4C9279F7CC8A02B3BF31547574B33176714E2E3B15FA656B2277F7D5BB1C938FECEF1DA97FDCD4BF7276413D4589E1483C8EC6C6ABC0E667BB5B2D744AF7F553BF6392D1D731CC806E89F7FFE7959C63E1D1D1D496363E3CFB989423F23532A4EFA42B8288E169753FAC2FCAFE993E42F1AE5F1AFD8201A83B4980C4613CA7FEF9E4C14B2A54751D1F8CE3BEFBCC38EA61D4DA38C9F275E941B4A9697E41B65B66425D6106B94D59DBFECC86C9CA18A3359F975E2DD0D88F2D988094396A9389B70CD35D71CB694A39AB3277F7DB704298EDC667FDB980434742EF3C9FFAD23A3D9B2A46C5F42968B9840C4D981380BE6F5AF26CE2A346703F4575E79A52C639F784DCBDF10CE88948A94BEA05D7CFBEDB71F2CD725C20E1E3CB8257D82FC6F3AABFEBD46D9BB13868692F5E03D9928C4402D4E8B473EB235E5D9D1DE7C95AEEFCD9A601C79EB6A236043C91ADD688ED9598F38DD1F8D337F851C8DB2BAF3177FDFB8A251771B40F375FAE9A717962AC559AB98E4669FDFD5652CAB3D7BF2D7BB1583EDD8971597808EA570F137BEE8A28B0EB97A5BFE2C6B7E72109389EC7530BE363628C7E3AEB2E1F5AFFAC452E76C903E64C890C2D1FDBE1407EF860E1D9A3F9BF02723522AD63DF7DCB3A45C9B9A9F7AEAA959E993648E46D9BB952DDF88A359F1387E86389D1E47BC4A978A644781E3347D34B968587149CA18E8656B761F7EF8E15F3C8A9C35CAD28AA523D9F29259B3661D72D439BBD74376C9C2FCA53335CAEACB5FB6FFE0C20B2F2CE4267F0F8578FF8D37DE587C1C9382EC48EBF9E79F5FC868E42DBB5C6A43E71E85EC717757EFAAB6ECC95FDFEFD52ABD4F417669D2EE966BC6DB134E38A1B0813E32DCD0C51E2DAF7F557B56A178F5A3499326F5E97DA5E2FBE52FE17AA48B004059F5EFDFFFEF6EBBEDB67D7D7D3DE17410BA247D82EC4EBFFF791A65EF56ACC38DE6134D2A3B8A9635A5D2C15D7EFD6D2C19892370D95566A2E27143E7E5038FB651466557C1C96FE0CB6F70B546BC36076A3D39429AE5B3A79F5FEDD993BFF25CD42136279F71C61985B70D9D4B854A3F2F965DC620AEF4E66991975F3B59F5FA57596EBEF9E67FCADF7361F1E2C57D32F689BE9AFFBE03070EFC83912815AFB1B171F4983163FED6574B90F6ECD9B33EFD9EEBD327C9FDF5F6BB2EF79D4995819ABFBBFCC99FAAF78942E759857FC906EC83060D2A0CE27BFBBE0983070FFE39375198D600D562F8F0E16F4C9C38B1D7270B070F1EDCD4D4D4F461FA0479A91E7FCF1AA546297F4AFE94FC955F2CF9C92F418AC9426FDD842D260943870EFD29374958DBBF7FFFDF1A7D52554F987400FFEEA38F3EBAABB7260B7126219D902C8A7D09F57239548D52A3943F257FF2277F95299D1CFC2E1D936CCC4F166219D2F1DCB310672A4ACE246C49EB1C234FAA72B2D0D8D8F8CAE8D1A3771DEF3D0BB127A173B9D14BF53A49D028354AF953F2E7EF2E7F952506EDF9C942B6C1F958AF861457372AD9B86C92406D183060C0A87456FDC3ECD9B3BFDDBF7FFF315F02B5F3EA46BBEB714F8246A951CA9F923FF993BFAA38B3D09A1FD4C7A55367CE9C99B4B7B71FF5CDD4E20A5BF94BA066CB8D4C12A8197135A4810307FE7B1AF4EFE6CC99F3793A333E70B4775C8E9BA9A5FFC686586A94BEBDC06F55A3D428E54FC99F92BF4A14AB2A060C18F07CC9E0BE500F3DF450E1FE2FB18721565C640751E36D5B5B5B610FC2FCF9F30B37F7CBDF7139BF71D99E046AF5ECC24569BD96067FD7D8B16357CF983163F5471F7DF4F9B66DDBF6E4E605BB6362D0DADABA78CA9429CD23478E8CBB1EEE4827076FD7D3CDD4344A8D52FE94FCC99FFC55B7CE4BA7B6763561F815B5D22550A90BB1AFA0F3C91397138B0DC95FA67520F76468EF7C624D8BBB1ED6F33E048D52A3943F257FF2277F557FA034EEE0DC5C32D6E951A5938396B8E3B29BA9011AA546297F4AFEE44FFE6AF740E969E9A4E1963810DA7940B4BD64625038501AAB2FD2C9C1E058BAEDB70668941AA5FC29F9933FF90340A3D428E54FC99FFCC91F001AA546297F4AFEE44FFE00D028354AF953F2277FF2078046A90CD494FCC99FFC01A0512A8D52FEE44FFE9489028046A9344AF9933FF953F207A0512A8D52FEE44FFE94FC0168944AA3943FF9933F257F001AA5D228E54FFEE44FC91F8046A9344AF9933FF953F20760A2A0344AF9933FF953F20760A2A0516A94F2A7E44FC91F001AA546297F4AFEE44FFE00D028354AF953F2277FF2078046A951CA9F923FF9933F00344A8D52FE94FCC99FFC01D01B162E5CA841554EED4D1BE501F953F2277FF20740D92D5DBAB4BDA3A34393AA806A6B6BFBB7B4517E267F4AFEE44FFE0028BB0F3FFCF0FAC58B177FB77DFBF6BF6956E53B92164D72C182055FA57593FC29F9933FF903A022A42FCE7F6C69695919A77D638DA8EAF38ADFFB67F5DA24E54FFEE44FFE4C12000000000000000000000000000000000000000000000000000000386EFE1F96A000D0666776C70000000049454E44AE426082, 1);

-- ----------------------------
-- Table structure for act_ge_property
-- ----------------------------
DROP TABLE IF EXISTS `act_ge_property`;
CREATE TABLE `act_ge_property`  (
                                    `NAME_` varchar(64) NOT NULL,
                                    `VALUE_` varchar(300) NULL DEFAULT NULL,
                                    `REV_` int(11) NULL DEFAULT NULL,
                                    PRIMARY KEY (`NAME_`) USING BTREE
) ENGINE = InnoDB  ROW_FORMAT = Dynamic;

-- ----------------------------
-- Records of act_ge_property
-- ----------------------------
INSERT INTO `act_ge_property` VALUES ('batch.schema.version', '6.5.0.6', 1);
INSERT INTO `act_ge_property` VALUES ('cfg.execution-related-entities-count', 'true', 1);
INSERT INTO `act_ge_property` VALUES ('cfg.task-related-entities-count', 'true', 1);
INSERT INTO `act_ge_property` VALUES ('common.schema.version', '6.5.0.6', 1);
INSERT INTO `act_ge_property` VALUES ('entitylink.schema.version', '6.5.0.6', 1);
INSERT INTO `act_ge_property` VALUES ('eventsubscription.schema.version', '6.5.0.6', 1);
INSERT INTO `act_ge_property` VALUES ('identitylink.schema.version', '6.5.0.6', 1);
INSERT INTO `act_ge_property` VALUES ('job.schema.version', '6.5.0.6', 1);
INSERT INTO `act_ge_property` VALUES ('next.dbid', '1', 1);
INSERT INTO `act_ge_property` VALUES ('schema.history', 'create(6.5.0.6)', 1);
INSERT INTO `act_ge_property` VALUES ('schema.version', '6.5.0.6', 1);
INSERT INTO `act_ge_property` VALUES ('task.schema.version', '6.5.0.6', 1);
INSERT INTO `act_ge_property` VALUES ('variable.schema.version', '6.5.0.6', 1);

-- ----------------------------
-- Table structure for act_hi_actinst
-- ----------------------------
DROP TABLE IF EXISTS `act_hi_actinst`;
CREATE TABLE `act_hi_actinst`  (
                                   `ID_` varchar(64) NOT NULL,
                                   `REV_` int(11) NULL DEFAULT 1,
                                   `PROC_DEF_ID_` varchar(64) NOT NULL,
                                   `PROC_INST_ID_` varchar(64) NOT NULL,
                                   `EXECUTION_ID_` varchar(64) NOT NULL,
                                   `ACT_ID_` varchar(255) NOT NULL,
                                   `TASK_ID_` varchar(64) NULL DEFAULT NULL,
                                   `CALL_PROC_INST_ID_` varchar(64) NULL DEFAULT NULL,
                                   `ACT_NAME_` varchar(255) NULL DEFAULT NULL,
                                   `ACT_TYPE_` varchar(255) NOT NULL,
                                   `ASSIGNEE_` varchar(255) NULL DEFAULT NULL,
                                   `START_TIME_` datetime(3) NOT NULL,
                                   `END_TIME_` datetime(3) NULL DEFAULT NULL,
                                   `DURATION_` bigint(20) NULL DEFAULT NULL,
                                   `DELETE_REASON_` varchar(4000) NULL DEFAULT NULL,
                                   `TENANT_ID_` varchar(255) NULL DEFAULT '',
                                   PRIMARY KEY (`ID_`) USING BTREE,
                                   INDEX `ACT_IDX_HI_ACT_INST_START`(`START_TIME_`) USING BTREE,
                                   INDEX `ACT_IDX_HI_ACT_INST_END`(`END_TIME_`) USING BTREE,
                                   INDEX `ACT_IDX_HI_ACT_INST_PROCINST`(`PROC_INST_ID_`, `ACT_ID_`) USING BTREE,
                                   INDEX `ACT_IDX_HI_ACT_INST_EXEC`(`EXECUTION_ID_`, `ACT_ID_`) USING BTREE
) ENGINE = InnoDB  ROW_FORMAT = Dynamic;

-- ----------------------------
-- Records of act_hi_actinst
-- ----------------------------
INSERT INTO `act_hi_actinst` VALUES ('074105ae-95d0-11eb-a17a-00e04c1b045a', 1, 'Process_1j3wmm0:3:57b4cfb9-95c7-11eb-ba86-00e04c1b045a', 'b0d9b42a-95c7-11eb-ba86-00e04c1b045a', 'b0da777f-95c7-11eb-ba86-00e04c1b045a', 'Flow_0w13gt7', NULL, NULL, NULL, 'sequenceFlow', NULL, '2021-04-05 13:30:27.237', '2021-04-05 13:30:27.237', 0, NULL, '');
INSERT INTO `act_hi_actinst` VALUES ('074153cf-95d0-11eb-a17a-00e04c1b045a', 1, 'Process_1j3wmm0:3:57b4cfb9-95c7-11eb-ba86-00e04c1b045a', 'b0d9b42a-95c7-11eb-ba86-00e04c1b045a', 'b0da777f-95c7-11eb-ba86-00e04c1b045a', 'Activity_0nr9sh5', '0745c0a0-95d0-11eb-a17a-00e04c1b045a', NULL, '经理审批', 'userTask', '2', '2021-04-05 13:30:27.239', NULL, NULL, NULL, '');
INSERT INTO `act_hi_actinst` VALUES ('0a1af2b5-96e4-11eb-8fb1-00e04c1b045a', 1, 'Process_1j3wmm0:4:cac6aa52-95d2-11eb-b06c-00e04c1b045a', '0a18a8bf-96e4-11eb-8fb1-00e04c1b045a', '0a1af2b4-96e4-11eb-8fb1-00e04c1b045a', 'StartEvent_0924kj6', NULL, NULL, '开始', 'startEvent', NULL, '2021-04-06 22:26:13.118', '2021-04-06 22:26:13.124', 6, NULL, '');
INSERT INTO `act_hi_actinst` VALUES ('0a1c7956-96e4-11eb-8fb1-00e04c1b045a', 1, 'Process_1j3wmm0:4:cac6aa52-95d2-11eb-b06c-00e04c1b045a', '0a18a8bf-96e4-11eb-8fb1-00e04c1b045a', '0a1af2b4-96e4-11eb-8fb1-00e04c1b045a', 'Flow_06v57pz', NULL, NULL, NULL, 'sequenceFlow', NULL, '2021-04-06 22:26:13.128', '2021-04-06 22:26:13.128', 0, NULL, '');
INSERT INTO `act_hi_actinst` VALUES ('0a1c7957-96e4-11eb-8fb1-00e04c1b045a', 3, 'Process_1j3wmm0:4:cac6aa52-95d2-11eb-b06c-00e04c1b045a', '0a18a8bf-96e4-11eb-8fb1-00e04c1b045a', '0a1af2b4-96e4-11eb-8fb1-00e04c1b045a', 'Activity_1tsbpqv', '0a266468-96e4-11eb-8fb1-00e04c1b045a', NULL, '行政审批', 'userTask', '1', '2021-04-06 22:26:13.128', '2021-04-06 22:39:08.455', 775327, NULL, '');
INSERT INTO `act_hi_actinst` VALUES ('1f346f59-95d3-11eb-b06c-00e04c1b045a', 1, 'Process_1j3wmm0:4:cac6aa52-95d2-11eb-b06c-00e04c1b045a', '1f3336d3-95d3-11eb-b06c-00e04c1b045a', '1f346f58-95d3-11eb-b06c-00e04c1b045a', 'StartEvent_0924kj6', NULL, NULL, '开始', 'startEvent', NULL, '2021-04-05 13:52:35.910', '2021-04-05 13:52:35.917', 7, NULL, '');
INSERT INTO `act_hi_actinst` VALUES ('1f35f5fa-95d3-11eb-b06c-00e04c1b045a', 1, 'Process_1j3wmm0:4:cac6aa52-95d2-11eb-b06c-00e04c1b045a', '1f3336d3-95d3-11eb-b06c-00e04c1b045a', '1f346f58-95d3-11eb-b06c-00e04c1b045a', 'Flow_06v57pz', NULL, NULL, NULL, 'sequenceFlow', NULL, '2021-04-05 13:52:35.920', '2021-04-05 13:52:35.920', 0, NULL, '');
INSERT INTO `act_hi_actinst` VALUES ('1f35f5fb-95d3-11eb-b06c-00e04c1b045a', 3, 'Process_1j3wmm0:4:cac6aa52-95d2-11eb-b06c-00e04c1b045a', '1f3336d3-95d3-11eb-b06c-00e04c1b045a', '1f346f58-95d3-11eb-b06c-00e04c1b045a', 'Activity_1tsbpqv', '1f3b4d2c-95d3-11eb-b06c-00e04c1b045a', NULL, '行政审批', 'userTask', '1', '2021-04-05 13:52:35.920', '2021-04-05 13:58:13.568', 337648, NULL, '');
INSERT INTO `act_hi_actinst` VALUES ('92382e3e-95d5-11eb-a86b-00e04c1b045a', 1, 'Process_1j3wmm0:4:cac6aa52-95d2-11eb-b06c-00e04c1b045a', '1f3336d3-95d3-11eb-b06c-00e04c1b045a', '1f346f58-95d3-11eb-b06c-00e04c1b045a', 'Flow_0fjx9nh', NULL, NULL, NULL, 'sequenceFlow', NULL, '2021-04-05 14:10:07.866', '2021-04-05 14:10:07.866', 0, NULL, '');
INSERT INTO `act_hi_actinst` VALUES ('92387c5f-95d5-11eb-a86b-00e04c1b045a', 3, 'Process_1j3wmm0:4:cac6aa52-95d2-11eb-b06c-00e04c1b045a', '1f3336d3-95d3-11eb-b06c-00e04c1b045a', '1f346f58-95d3-11eb-b06c-00e04c1b045a', 'Activity_18lr8yj', '923d5e60-95d5-11eb-a86b-00e04c1b045a', NULL, '老板审批', 'userTask', '1', '2021-04-05 14:10:07.868', '2021-04-05 14:25:00.115', 892247, NULL, '');
INSERT INTO `act_hi_actinst` VALUES ('a60ba41c-95d7-11eb-9b2d-00e04c1b045a', 1, 'Process_1j3wmm0:4:cac6aa52-95d2-11eb-b06c-00e04c1b045a', '1f3336d3-95d3-11eb-b06c-00e04c1b045a', '1f346f58-95d3-11eb-b06c-00e04c1b045a', 'Flow_03sjb4m', NULL, NULL, NULL, 'sequenceFlow', NULL, '2021-04-05 14:25:00.122', '2021-04-05 14:25:00.122', 0, NULL, '');
INSERT INTO `act_hi_actinst` VALUES ('a60bcb2d-95d7-11eb-9b2d-00e04c1b045a', 1, 'Process_1j3wmm0:4:cac6aa52-95d2-11eb-b06c-00e04c1b045a', '1f3336d3-95d3-11eb-b06c-00e04c1b045a', '1f346f58-95d3-11eb-b06c-00e04c1b045a', 'Event_03s39as', NULL, NULL, '结束', 'endEvent', NULL, '2021-04-05 14:25:00.123', '2021-04-05 14:25:00.127', 4, NULL, '');
INSERT INTO `act_hi_actinst` VALUES ('b0da7780-95c7-11eb-ba86-00e04c1b045a', 1, 'Process_1j3wmm0:3:57b4cfb9-95c7-11eb-ba86-00e04c1b045a', 'b0d9b42a-95c7-11eb-ba86-00e04c1b045a', 'b0da777f-95c7-11eb-ba86-00e04c1b045a', 'StartEvent_0924kj6', NULL, NULL, '开始', 'startEvent', NULL, '2021-04-05 12:30:46.307', '2021-04-05 12:30:46.309', 2, NULL, '');
INSERT INTO `act_hi_actinst` VALUES ('b0dac5a1-95c7-11eb-ba86-00e04c1b045a', 1, 'Process_1j3wmm0:3:57b4cfb9-95c7-11eb-ba86-00e04c1b045a', 'b0d9b42a-95c7-11eb-ba86-00e04c1b045a', 'b0da777f-95c7-11eb-ba86-00e04c1b045a', 'Flow_06v57pz', NULL, NULL, NULL, 'sequenceFlow', NULL, '2021-04-05 12:30:46.309', '2021-04-05 12:30:46.309', 0, NULL, '');
INSERT INTO `act_hi_actinst` VALUES ('b0dac5a2-95c7-11eb-ba86-00e04c1b045a', 3, 'Process_1j3wmm0:3:57b4cfb9-95c7-11eb-ba86-00e04c1b045a', 'b0d9b42a-95c7-11eb-ba86-00e04c1b045a', 'b0da777f-95c7-11eb-ba86-00e04c1b045a', 'Activity_1tsbpqv', 'b0daecb3-95c7-11eb-ba86-00e04c1b045a', NULL, '行政审批', 'userTask', '1', '2021-04-05 12:30:46.309', '2021-04-05 13:30:27.228', 3580919, NULL, '');
INSERT INTO `act_hi_actinst` VALUES ('d83e2362-96e5-11eb-8fb1-00e04c1b045a', 1, 'Process_1j3wmm0:4:cac6aa52-95d2-11eb-b06c-00e04c1b045a', '0a18a8bf-96e4-11eb-8fb1-00e04c1b045a', '0a1af2b4-96e4-11eb-8fb1-00e04c1b045a', 'Flow_0w13gt7', NULL, NULL, NULL, 'sequenceFlow', NULL, '2021-04-06 22:39:08.456', '2021-04-06 22:39:08.456', 0, NULL, '');
INSERT INTO `act_hi_actinst` VALUES ('d83e2363-96e5-11eb-8fb1-00e04c1b045a', 3, 'Process_1j3wmm0:4:cac6aa52-95d2-11eb-b06c-00e04c1b045a', '0a18a8bf-96e4-11eb-8fb1-00e04c1b045a', '0a1af2b4-96e4-11eb-8fb1-00e04c1b045a', 'Activity_0nr9sh5', 'd83e4a74-96e5-11eb-8fb1-00e04c1b045a', NULL, '经理审批', 'userTask', '1', '2021-04-06 22:39:08.456', '2021-04-06 22:39:36.052', 27596, NULL, '');
INSERT INTO `act_hi_actinst` VALUES ('e8780642-95d3-11eb-8399-00e04c1b045a', 1, 'Process_1j3wmm0:4:cac6aa52-95d2-11eb-b06c-00e04c1b045a', '1f3336d3-95d3-11eb-b06c-00e04c1b045a', '1f346f58-95d3-11eb-b06c-00e04c1b045a', 'Flow_0w13gt7', NULL, NULL, NULL, 'sequenceFlow', NULL, '2021-04-05 13:58:13.575', '2021-04-05 13:58:13.575', 0, NULL, '');
INSERT INTO `act_hi_actinst` VALUES ('e8785463-95d3-11eb-8399-00e04c1b045a', 3, 'Process_1j3wmm0:4:cac6aa52-95d2-11eb-b06c-00e04c1b045a', '1f3336d3-95d3-11eb-b06c-00e04c1b045a', '1f346f58-95d3-11eb-b06c-00e04c1b045a', 'Activity_0nr9sh5', 'e87d8484-95d3-11eb-8399-00e04c1b045a', NULL, '经理审批', 'userTask', '1', '2021-04-05 13:58:13.577', '2021-04-05 14:10:07.858', 714281, NULL, '');
INSERT INTO `act_hi_actinst` VALUES ('e8b1424b-96e5-11eb-8fb1-00e04c1b045a', 1, 'Process_1j3wmm0:4:cac6aa52-95d2-11eb-b06c-00e04c1b045a', '0a18a8bf-96e4-11eb-8fb1-00e04c1b045a', '0a1af2b4-96e4-11eb-8fb1-00e04c1b045a', 'Flow_0fjx9nh', NULL, NULL, NULL, 'sequenceFlow', NULL, '2021-04-06 22:39:36.054', '2021-04-06 22:39:36.054', 0, NULL, '');
INSERT INTO `act_hi_actinst` VALUES ('e8b1424c-96e5-11eb-8fb1-00e04c1b045a', 3, 'Process_1j3wmm0:4:cac6aa52-95d2-11eb-b06c-00e04c1b045a', '0a18a8bf-96e4-11eb-8fb1-00e04c1b045a', '0a1af2b4-96e4-11eb-8fb1-00e04c1b045a', 'Activity_18lr8yj', 'e8b1695d-96e5-11eb-8fb1-00e04c1b045a', NULL, '老板审批', 'userTask', '1', '2021-04-06 22:39:36.054', '2021-04-06 22:39:51.185', 15131, NULL, '');
INSERT INTO `act_hi_actinst` VALUES ('f1b63812-96e5-11eb-8fb1-00e04c1b045a', 1, 'Process_1j3wmm0:4:cac6aa52-95d2-11eb-b06c-00e04c1b045a', '0a18a8bf-96e4-11eb-8fb1-00e04c1b045a', '0a1af2b4-96e4-11eb-8fb1-00e04c1b045a', 'Flow_03sjb4m', NULL, NULL, NULL, 'sequenceFlow', NULL, '2021-04-06 22:39:51.186', '2021-04-06 22:39:51.186', 0, NULL, '');
INSERT INTO `act_hi_actinst` VALUES ('f1b65f23-96e5-11eb-8fb1-00e04c1b045a', 1, 'Process_1j3wmm0:4:cac6aa52-95d2-11eb-b06c-00e04c1b045a', '0a18a8bf-96e4-11eb-8fb1-00e04c1b045a', '0a1af2b4-96e4-11eb-8fb1-00e04c1b045a', 'Event_03s39as', NULL, NULL, '结束', 'endEvent', NULL, '2021-04-06 22:39:51.187', '2021-04-06 22:39:51.190', 3, NULL, '');

-- ----------------------------
-- Table structure for act_hi_attachment
-- ----------------------------
DROP TABLE IF EXISTS `act_hi_attachment`;
CREATE TABLE `act_hi_attachment`  (
                                      `ID_` varchar(64) NOT NULL,
                                      `REV_` int(11) NULL DEFAULT NULL,
                                      `USER_ID_` varchar(255) NULL DEFAULT NULL,
                                      `NAME_` varchar(255) NULL DEFAULT NULL,
                                      `DESCRIPTION_` varchar(4000) NULL DEFAULT NULL,
                                      `TYPE_` varchar(255) NULL DEFAULT NULL,
                                      `TASK_ID_` varchar(64) NULL DEFAULT NULL,
                                      `PROC_INST_ID_` varchar(64) NULL DEFAULT NULL,
                                      `URL_` varchar(4000) NULL DEFAULT NULL,
                                      `CONTENT_ID_` varchar(64) NULL DEFAULT NULL,
                                      `TIME_` datetime(3) NULL DEFAULT NULL,
                                      PRIMARY KEY (`ID_`) USING BTREE
) ENGINE = InnoDB  ROW_FORMAT = Dynamic;

-- ----------------------------
-- Records of act_hi_attachment
-- ----------------------------

-- ----------------------------
-- Table structure for act_hi_comment
-- ----------------------------
DROP TABLE IF EXISTS `act_hi_comment`;
CREATE TABLE `act_hi_comment`  (
                                   `ID_` varchar(64) NOT NULL,
                                   `TYPE_` varchar(255) NULL DEFAULT NULL,
                                   `TIME_` datetime(3) NOT NULL,
                                   `USER_ID_` varchar(255) NULL DEFAULT NULL,
                                   `TASK_ID_` varchar(64) NULL DEFAULT NULL,
                                   `PROC_INST_ID_` varchar(64) NULL DEFAULT NULL,
                                   `ACTION_` varchar(255) NULL DEFAULT NULL,
                                   `MESSAGE_` varchar(4000) NULL DEFAULT NULL,
                                   `FULL_MSG_` longblob NULL,
                                   PRIMARY KEY (`ID_`) USING BTREE
) ENGINE = InnoDB  ROW_FORMAT = Dynamic;

-- ----------------------------
-- Records of act_hi_comment
-- ----------------------------
INSERT INTO `act_hi_comment` VALUES ('07325fab-95d0-11eb-a17a-00e04c1b045a', '1', '2021-04-05 13:30:27.141', NULL, 'b0daecb3-95c7-11eb-ba86-00e04c1b045a', 'b0d9b42a-95c7-11eb-ba86-00e04c1b045a', 'AddComment', '同意', 0xE5908CE6848F);
INSERT INTO `act_hi_comment` VALUES ('07387a2d-95d0-11eb-a17a-00e04c1b045a', 'event', '2021-04-05 13:30:27.181', NULL, 'b0daecb3-95c7-11eb-ba86-00e04c1b045a', NULL, 'AddUserLink', '1_|_assignee', NULL);
INSERT INTO `act_hi_comment` VALUES ('922ac0bb-95d5-11eb-a86b-00e04c1b045a', '1', '2021-04-05 14:10:07.778', NULL, 'e87d8484-95d3-11eb-8399-00e04c1b045a', '1f3336d3-95d3-11eb-b06c-00e04c1b045a', 'AddComment', '同意愿意i有意义i有', 0xE5908CE6848FE684BFE6848F69E69C89E6848FE4B98969E69C89);
INSERT INTO `act_hi_comment` VALUES ('922f549d-95d5-11eb-a86b-00e04c1b045a', 'event', '2021-04-05 14:10:07.808', NULL, 'e87d8484-95d3-11eb-8399-00e04c1b045a', NULL, 'AddUserLink', '1_|_assignee', NULL);
INSERT INTO `act_hi_comment` VALUES ('a5fd2529-95d7-11eb-9b2d-00e04c1b045a', '1', '2021-04-05 14:25:00.027', NULL, '923d5e60-95d5-11eb-a86b-00e04c1b045a', '1f3336d3-95d3-11eb-b06c-00e04c1b045a', 'AddComment', '好的', 0xE5A5BDE79A84);
INSERT INTO `act_hi_comment` VALUES ('a602a36b-95d7-11eb-9b2d-00e04c1b045a', 'event', '2021-04-05 14:25:00.063', NULL, '923d5e60-95d5-11eb-a86b-00e04c1b045a', NULL, 'AddUserLink', '1_|_assignee', NULL);
INSERT INTO `act_hi_comment` VALUES ('d8328a9f-96e5-11eb-8fb1-00e04c1b045a', '1', '2021-04-06 22:39:08.379', NULL, '0a266468-96e4-11eb-8fb1-00e04c1b045a', '0a18a8bf-96e4-11eb-8fb1-00e04c1b045a', 'AddComment', '同意撒', 0xE5908CE6848FE69292);
INSERT INTO `act_hi_comment` VALUES ('d83570d1-96e5-11eb-8fb1-00e04c1b045a', 'event', '2021-04-06 22:39:08.399', NULL, '0a266468-96e4-11eb-8fb1-00e04c1b045a', NULL, 'AddUserLink', '1_|_assignee', NULL);
INSERT INTO `act_hi_comment` VALUES ('e866ef3f-95d3-11eb-8399-00e04c1b045a', '1', '2021-04-05 13:58:13.463', NULL, '1f3b4d2c-95d3-11eb-b06c-00e04c1b045a', '1f3336d3-95d3-11eb-b06c-00e04c1b045a', 'AddComment', '同意丫丫丫丫丫丫丫丫丫', 0xE5908CE6848FE4B8ABE4B8ABE4B8ABE4B8ABE4B8ABE4B8ABE4B8ABE4B8ABE4B8AB);
INSERT INTO `act_hi_comment` VALUES ('e86c1f61-95d3-11eb-8399-00e04c1b045a', 'event', '2021-04-05 13:58:13.497', NULL, '1f3b4d2c-95d3-11eb-b06c-00e04c1b045a', NULL, 'AddUserLink', '1_|_assignee', NULL);
INSERT INTO `act_hi_comment` VALUES ('e8acfc88-96e5-11eb-8fb1-00e04c1b045a', '1', '2021-04-06 22:39:36.026', NULL, 'd83e4a74-96e5-11eb-8fb1-00e04c1b045a', '0a18a8bf-96e4-11eb-8fb1-00e04c1b045a', 'AddComment', '同意嘛', 0xE5908CE6848FE5989B);
INSERT INTO `act_hi_comment` VALUES ('e8ae5c1a-96e5-11eb-8fb1-00e04c1b045a', 'event', '2021-04-06 22:39:36.035', NULL, 'd83e4a74-96e5-11eb-8fb1-00e04c1b045a', NULL, 'AddUserLink', '1_|_assignee', NULL);
INSERT INTO `act_hi_comment` VALUES ('f1b2677f-96e5-11eb-8fb1-00e04c1b045a', '1', '2021-04-06 22:39:51.161', NULL, 'e8b1695d-96e5-11eb-8fb1-00e04c1b045a', '0a18a8bf-96e4-11eb-8fb1-00e04c1b045a', 'AddComment', '同意呀', 0xE5908CE6848FE59180);
INSERT INTO `act_hi_comment` VALUES ('f1b3a001-96e5-11eb-8fb1-00e04c1b045a', 'event', '2021-04-06 22:39:51.169', NULL, 'e8b1695d-96e5-11eb-8fb1-00e04c1b045a', NULL, 'AddUserLink', '1_|_assignee', NULL);

-- ----------------------------
-- Table structure for act_hi_detail
-- ----------------------------
DROP TABLE IF EXISTS `act_hi_detail`;
CREATE TABLE `act_hi_detail`  (
                                  `ID_` varchar(64) NOT NULL,
                                  `TYPE_` varchar(255) NOT NULL,
                                  `PROC_INST_ID_` varchar(64) NULL DEFAULT NULL,
                                  `EXECUTION_ID_` varchar(64) NULL DEFAULT NULL,
                                  `TASK_ID_` varchar(64) NULL DEFAULT NULL,
                                  `ACT_INST_ID_` varchar(64) NULL DEFAULT NULL,
                                  `NAME_` varchar(255) NOT NULL,
                                  `VAR_TYPE_` varchar(255) NULL DEFAULT NULL,
                                  `REV_` int(11) NULL DEFAULT NULL,
                                  `TIME_` datetime(3) NOT NULL,
                                  `BYTEARRAY_ID_` varchar(64) NULL DEFAULT NULL,
                                  `DOUBLE_` double NULL DEFAULT NULL,
                                  `LONG_` bigint(20) NULL DEFAULT NULL,
                                  `TEXT_` varchar(4000) NULL DEFAULT NULL,
                                  `TEXT2_` varchar(4000) NULL DEFAULT NULL,
                                  PRIMARY KEY (`ID_`) USING BTREE,
                                  INDEX `ACT_IDX_HI_DETAIL_PROC_INST`(`PROC_INST_ID_`) USING BTREE,
                                  INDEX `ACT_IDX_HI_DETAIL_ACT_INST`(`ACT_INST_ID_`) USING BTREE,
                                  INDEX `ACT_IDX_HI_DETAIL_TIME`(`TIME_`) USING BTREE,
                                  INDEX `ACT_IDX_HI_DETAIL_NAME`(`NAME_`) USING BTREE,
                                  INDEX `ACT_IDX_HI_DETAIL_TASK_ID`(`TASK_ID_`) USING BTREE
) ENGINE = InnoDB  ROW_FORMAT = Dynamic;

-- ----------------------------
-- Records of act_hi_detail
-- ----------------------------

-- ----------------------------
-- Table structure for act_hi_entitylink
-- ----------------------------
DROP TABLE IF EXISTS `act_hi_entitylink`;
CREATE TABLE `act_hi_entitylink`  (
                                      `ID_` varchar(64) NOT NULL,
                                      `LINK_TYPE_` varchar(255) NULL DEFAULT NULL,
                                      `CREATE_TIME_` datetime(3) NULL DEFAULT NULL,
                                      `SCOPE_ID_` varchar(255) NULL DEFAULT NULL,
                                      `SCOPE_TYPE_` varchar(255) NULL DEFAULT NULL,
                                      `SCOPE_DEFINITION_ID_` varchar(255) NULL DEFAULT NULL,
                                      `REF_SCOPE_ID_` varchar(255) NULL DEFAULT NULL,
                                      `REF_SCOPE_TYPE_` varchar(255) NULL DEFAULT NULL,
                                      `REF_SCOPE_DEFINITION_ID_` varchar(255) NULL DEFAULT NULL,
                                      `HIERARCHY_TYPE_` varchar(255) NULL DEFAULT NULL,
                                      PRIMARY KEY (`ID_`) USING BTREE,
                                      INDEX `ACT_IDX_HI_ENT_LNK_SCOPE`(`SCOPE_ID_`, `SCOPE_TYPE_`, `LINK_TYPE_`) USING BTREE,
                                      INDEX `ACT_IDX_HI_ENT_LNK_SCOPE_DEF`(`SCOPE_DEFINITION_ID_`, `SCOPE_TYPE_`, `LINK_TYPE_`) USING BTREE
) ENGINE = InnoDB  ROW_FORMAT = Dynamic;

-- ----------------------------
-- Records of act_hi_entitylink
-- ----------------------------

-- ----------------------------
-- Table structure for act_hi_identitylink
-- ----------------------------
DROP TABLE IF EXISTS `act_hi_identitylink`;
CREATE TABLE `act_hi_identitylink`  (
                                        `ID_` varchar(64) NOT NULL,
                                        `GROUP_ID_` varchar(255) NULL DEFAULT NULL,
                                        `TYPE_` varchar(255) NULL DEFAULT NULL,
                                        `USER_ID_` varchar(255) NULL DEFAULT NULL,
                                        `TASK_ID_` varchar(64) NULL DEFAULT NULL,
                                        `CREATE_TIME_` datetime(3) NULL DEFAULT NULL,
                                        `PROC_INST_ID_` varchar(64) NULL DEFAULT NULL,
                                        `SCOPE_ID_` varchar(255) NULL DEFAULT NULL,
                                        `SUB_SCOPE_ID_` varchar(255) NULL DEFAULT NULL,
                                        `SCOPE_TYPE_` varchar(255) NULL DEFAULT NULL,
                                        `SCOPE_DEFINITION_ID_` varchar(255) NULL DEFAULT NULL,
                                        PRIMARY KEY (`ID_`) USING BTREE,
                                        INDEX `ACT_IDX_HI_IDENT_LNK_USER`(`USER_ID_`) USING BTREE,
                                        INDEX `ACT_IDX_HI_IDENT_LNK_SCOPE`(`SCOPE_ID_`, `SCOPE_TYPE_`) USING BTREE,
                                        INDEX `ACT_IDX_HI_IDENT_LNK_SUB_SCOPE`(`SUB_SCOPE_ID_`, `SCOPE_TYPE_`) USING BTREE,
                                        INDEX `ACT_IDX_HI_IDENT_LNK_SCOPE_DEF`(`SCOPE_DEFINITION_ID_`, `SCOPE_TYPE_`) USING BTREE,
                                        INDEX `ACT_IDX_HI_IDENT_LNK_TASK`(`TASK_ID_`) USING BTREE,
                                        INDEX `ACT_IDX_HI_IDENT_LNK_PROCINST`(`PROC_INST_ID_`) USING BTREE
) ENGINE = InnoDB  ROW_FORMAT = Dynamic;

-- ----------------------------
-- Records of act_hi_identitylink
-- ----------------------------
INSERT INTO `act_hi_identitylink` VALUES ('073768bc-95d0-11eb-a17a-00e04c1b045a', NULL, 'assignee', '1', 'b0daecb3-95c7-11eb-ba86-00e04c1b045a', '2021-04-05 13:30:27.174', NULL, NULL, NULL, NULL, NULL);
INSERT INTO `act_hi_identitylink` VALUES ('0745e7b1-95d0-11eb-a17a-00e04c1b045a', NULL, 'assignee', '2', '0745c0a0-95d0-11eb-a17a-00e04c1b045a', '2021-04-05 13:30:27.269', NULL, NULL, NULL, NULL, NULL);
INSERT INTO `act_hi_identitylink` VALUES ('0a18cfd0-96e4-11eb-8fb1-00e04c1b045a', NULL, 'starter', '1', NULL, '2021-04-06 22:26:13.106', '0a18a8bf-96e4-11eb-8fb1-00e04c1b045a', NULL, NULL, NULL, NULL);
INSERT INTO `act_hi_identitylink` VALUES ('0a26b289-96e4-11eb-8fb1-00e04c1b045a', NULL, 'candidate', '1', '0a266468-96e4-11eb-8fb1-00e04c1b045a', '2021-04-06 22:26:13.195', NULL, NULL, NULL, NULL, NULL);
INSERT INTO `act_hi_identitylink` VALUES ('0a26d99a-96e4-11eb-8fb1-00e04c1b045a', NULL, 'participant', '1', NULL, '2021-04-06 22:26:13.196', '0a18a8bf-96e4-11eb-8fb1-00e04c1b045a', NULL, NULL, NULL, NULL);
INSERT INTO `act_hi_identitylink` VALUES ('0a2700ab-96e4-11eb-8fb1-00e04c1b045a', NULL, 'candidate', '2', '0a266468-96e4-11eb-8fb1-00e04c1b045a', '2021-04-06 22:26:13.197', NULL, NULL, NULL, NULL, NULL);
INSERT INTO `act_hi_identitylink` VALUES ('0a2700ac-96e4-11eb-8fb1-00e04c1b045a', NULL, 'participant', '2', NULL, '2021-04-06 22:26:13.197', '0a18a8bf-96e4-11eb-8fb1-00e04c1b045a', NULL, NULL, NULL, NULL);
INSERT INTO `act_hi_identitylink` VALUES ('0a2700ad-96e4-11eb-8fb1-00e04c1b045a', NULL, 'candidate', '100', '0a266468-96e4-11eb-8fb1-00e04c1b045a', '2021-04-06 22:26:13.197', NULL, NULL, NULL, NULL, NULL);
INSERT INTO `act_hi_identitylink` VALUES ('0a2700ae-96e4-11eb-8fb1-00e04c1b045a', NULL, 'participant', '100', NULL, '2021-04-06 22:26:13.198', '0a18a8bf-96e4-11eb-8fb1-00e04c1b045a', NULL, NULL, NULL, NULL);
INSERT INTO `act_hi_identitylink` VALUES ('1f335de4-95d3-11eb-b06c-00e04c1b045a', NULL, 'starter', '1', NULL, '2021-04-05 13:52:35.904', '1f3336d3-95d3-11eb-b06c-00e04c1b045a', NULL, NULL, NULL, NULL);
INSERT INTO `act_hi_identitylink` VALUES ('1f3b9b4d-95d3-11eb-b06c-00e04c1b045a', NULL, 'candidate', '1', '1f3b4d2c-95d3-11eb-b06c-00e04c1b045a', '2021-04-05 13:52:35.958', NULL, NULL, NULL, NULL, NULL);
INSERT INTO `act_hi_identitylink` VALUES ('1f3c107e-95d3-11eb-b06c-00e04c1b045a', NULL, 'participant', '1', NULL, '2021-04-05 13:52:35.960', '1f3336d3-95d3-11eb-b06c-00e04c1b045a', NULL, NULL, NULL, NULL);
INSERT INTO `act_hi_identitylink` VALUES ('1f3c107f-95d3-11eb-b06c-00e04c1b045a', NULL, 'candidate', '2', '1f3b4d2c-95d3-11eb-b06c-00e04c1b045a', '2021-04-05 13:52:35.960', NULL, NULL, NULL, NULL, NULL);
INSERT INTO `act_hi_identitylink` VALUES ('1f3c1080-95d3-11eb-b06c-00e04c1b045a', NULL, 'participant', '2', NULL, '2021-04-05 13:52:35.960', '1f3336d3-95d3-11eb-b06c-00e04c1b045a', NULL, NULL, NULL, NULL);
INSERT INTO `act_hi_identitylink` VALUES ('1f3c3691-95d3-11eb-b06c-00e04c1b045a', NULL, 'candidate', '100', '1f3b4d2c-95d3-11eb-b06c-00e04c1b045a', '2021-04-05 13:52:35.961', NULL, NULL, NULL, NULL, NULL);
INSERT INTO `act_hi_identitylink` VALUES ('1f3c3692-95d3-11eb-b06c-00e04c1b045a', NULL, 'participant', '100', NULL, '2021-04-05 13:52:35.961', '1f3336d3-95d3-11eb-b06c-00e04c1b045a', NULL, NULL, NULL, NULL);
INSERT INTO `act_hi_identitylink` VALUES ('922e1c1c-95d5-11eb-a86b-00e04c1b045a', NULL, 'assignee', '1', 'e87d8484-95d3-11eb-8399-00e04c1b045a', '2021-04-05 14:10:07.800', NULL, NULL, NULL, NULL, NULL);
INSERT INTO `act_hi_identitylink` VALUES ('923d5e61-95d5-11eb-a86b-00e04c1b045a', NULL, 'assignee', '100', '923d5e60-95d5-11eb-a86b-00e04c1b045a', '2021-04-05 14:10:07.900', NULL, NULL, NULL, NULL, NULL);
INSERT INTO `act_hi_identitylink` VALUES ('a6016aea-95d7-11eb-9b2d-00e04c1b045a', NULL, 'assignee', '1', '923d5e60-95d5-11eb-a86b-00e04c1b045a', '2021-04-05 14:25:00.055', NULL, NULL, NULL, NULL, NULL);
INSERT INTO `act_hi_identitylink` VALUES ('b0d9b42b-95c7-11eb-ba86-00e04c1b045a', NULL, 'starter', '1', NULL, '2021-04-05 12:30:46.302', 'b0d9b42a-95c7-11eb-ba86-00e04c1b045a', NULL, NULL, NULL, NULL);
INSERT INTO `act_hi_identitylink` VALUES ('b0daecb4-95c7-11eb-ba86-00e04c1b045a', NULL, 'candidate', '1', 'b0daecb3-95c7-11eb-ba86-00e04c1b045a', '2021-04-05 12:30:46.310', NULL, NULL, NULL, NULL, NULL);
INSERT INTO `act_hi_identitylink` VALUES ('b0db13c5-95c7-11eb-ba86-00e04c1b045a', NULL, 'participant', '1', NULL, '2021-04-05 12:30:46.311', 'b0d9b42a-95c7-11eb-ba86-00e04c1b045a', NULL, NULL, NULL, NULL);
INSERT INTO `act_hi_identitylink` VALUES ('b0db13c6-95c7-11eb-ba86-00e04c1b045a', NULL, 'candidate', '2', 'b0daecb3-95c7-11eb-ba86-00e04c1b045a', '2021-04-05 12:30:46.312', NULL, NULL, NULL, NULL, NULL);
INSERT INTO `act_hi_identitylink` VALUES ('b0db3ad7-95c7-11eb-ba86-00e04c1b045a', NULL, 'participant', '2', NULL, '2021-04-05 12:30:46.312', 'b0d9b42a-95c7-11eb-ba86-00e04c1b045a', NULL, NULL, NULL, NULL);
INSERT INTO `act_hi_identitylink` VALUES ('b0db3ad8-95c7-11eb-ba86-00e04c1b045a', NULL, 'candidate', '100', 'b0daecb3-95c7-11eb-ba86-00e04c1b045a', '2021-04-05 12:30:46.312', NULL, NULL, NULL, NULL, NULL);
INSERT INTO `act_hi_identitylink` VALUES ('b0db3ad9-95c7-11eb-ba86-00e04c1b045a', NULL, 'participant', '100', NULL, '2021-04-05 12:30:46.312', 'b0d9b42a-95c7-11eb-ba86-00e04c1b045a', NULL, NULL, NULL, NULL);
INSERT INTO `act_hi_identitylink` VALUES ('d834fba0-96e5-11eb-8fb1-00e04c1b045a', NULL, 'assignee', '1', '0a266468-96e4-11eb-8fb1-00e04c1b045a', '2021-04-06 22:39:08.396', NULL, NULL, NULL, NULL, NULL);
INSERT INTO `act_hi_identitylink` VALUES ('d83e4a75-96e5-11eb-8fb1-00e04c1b045a', '1', 'candidate', NULL, 'd83e4a74-96e5-11eb-8fb1-00e04c1b045a', '2021-04-06 22:39:08.457', NULL, NULL, NULL, NULL, NULL);
INSERT INTO `act_hi_identitylink` VALUES ('d83e4a76-96e5-11eb-8fb1-00e04c1b045a', '100', 'candidate', NULL, 'd83e4a74-96e5-11eb-8fb1-00e04c1b045a', '2021-04-06 22:39:08.457', NULL, NULL, NULL, NULL, NULL);
INSERT INTO `act_hi_identitylink` VALUES ('d83e4a77-96e5-11eb-8fb1-00e04c1b045a', '2', 'candidate', NULL, 'd83e4a74-96e5-11eb-8fb1-00e04c1b045a', '2021-04-06 22:39:08.457', NULL, NULL, NULL, NULL, NULL);
INSERT INTO `act_hi_identitylink` VALUES ('e86b3500-95d3-11eb-8399-00e04c1b045a', NULL, 'assignee', '1', '1f3b4d2c-95d3-11eb-b06c-00e04c1b045a', '2021-04-05 13:58:13.491', NULL, NULL, NULL, NULL, NULL);
INSERT INTO `act_hi_identitylink` VALUES ('e87dab95-95d3-11eb-8399-00e04c1b045a', '1', 'candidate', NULL, 'e87d8484-95d3-11eb-8399-00e04c1b045a', '2021-04-05 13:58:13.612', NULL, NULL, NULL, NULL, NULL);
INSERT INTO `act_hi_identitylink` VALUES ('e87dd2a6-95d3-11eb-8399-00e04c1b045a', '100', 'candidate', NULL, 'e87d8484-95d3-11eb-8399-00e04c1b045a', '2021-04-05 13:58:13.613', NULL, NULL, NULL, NULL, NULL);
INSERT INTO `act_hi_identitylink` VALUES ('e87dd2a7-95d3-11eb-8399-00e04c1b045a', '2', 'candidate', NULL, 'e87d8484-95d3-11eb-8399-00e04c1b045a', '2021-04-05 13:58:13.613', NULL, NULL, NULL, NULL, NULL);
INSERT INTO `act_hi_identitylink` VALUES ('e8ae0df9-96e5-11eb-8fb1-00e04c1b045a', NULL, 'assignee', '1', 'd83e4a74-96e5-11eb-8fb1-00e04c1b045a', '2021-04-06 22:39:36.033', NULL, NULL, NULL, NULL, NULL);
INSERT INTO `act_hi_identitylink` VALUES ('e8b1695e-96e5-11eb-8fb1-00e04c1b045a', NULL, 'assignee', '100', 'e8b1695d-96e5-11eb-8fb1-00e04c1b045a', '2021-04-06 22:39:36.055', NULL, NULL, NULL, NULL, NULL);
INSERT INTO `act_hi_identitylink` VALUES ('f1b32ad0-96e5-11eb-8fb1-00e04c1b045a', NULL, 'assignee', '1', 'e8b1695d-96e5-11eb-8fb1-00e04c1b045a', '2021-04-06 22:39:51.166', NULL, NULL, NULL, NULL, NULL);

-- ----------------------------
-- Table structure for act_hi_procinst
-- ----------------------------
DROP TABLE IF EXISTS `act_hi_procinst`;
CREATE TABLE `act_hi_procinst`  (
                                    `ID_` varchar(64) NOT NULL,
                                    `REV_` int(11) NULL DEFAULT 1,
                                    `PROC_INST_ID_` varchar(64) NOT NULL,
                                    `BUSINESS_KEY_` varchar(255) NULL DEFAULT NULL,
                                    `PROC_DEF_ID_` varchar(64) NOT NULL,
                                    `START_TIME_` datetime(3) NOT NULL,
                                    `END_TIME_` datetime(3) NULL DEFAULT NULL,
                                    `DURATION_` bigint(20) NULL DEFAULT NULL,
                                    `START_USER_ID_` varchar(255) NULL DEFAULT NULL,
                                    `START_ACT_ID_` varchar(255) NULL DEFAULT NULL,
                                    `END_ACT_ID_` varchar(255) NULL DEFAULT NULL,
                                    `SUPER_PROCESS_INSTANCE_ID_` varchar(64) NULL DEFAULT NULL,
                                    `DELETE_REASON_` varchar(4000) NULL DEFAULT NULL,
                                    `TENANT_ID_` varchar(255) NULL DEFAULT '',
                                    `NAME_` varchar(255) NULL DEFAULT NULL,
                                    `CALLBACK_ID_` varchar(255) NULL DEFAULT NULL,
                                    `CALLBACK_TYPE_` varchar(255) NULL DEFAULT NULL,
                                    `REFERENCE_ID_` varchar(255) NULL DEFAULT NULL,
                                    `REFERENCE_TYPE_` varchar(255) NULL DEFAULT NULL,
                                    PRIMARY KEY (`ID_`) USING BTREE,
                                    UNIQUE INDEX `PROC_INST_ID_`(`PROC_INST_ID_`) USING BTREE,
                                    INDEX `ACT_IDX_HI_PRO_INST_END`(`END_TIME_`) USING BTREE,
                                    INDEX `ACT_IDX_HI_PRO_I_BUSKEY`(`BUSINESS_KEY_`) USING BTREE
) ENGINE = InnoDB  ROW_FORMAT = Dynamic;

-- ----------------------------
-- Records of act_hi_procinst
-- ----------------------------
INSERT INTO `act_hi_procinst` VALUES ('0a18a8bf-96e4-11eb-8fb1-00e04c1b045a', 2, '0a18a8bf-96e4-11eb-8fb1-00e04c1b045a', NULL, 'Process_1j3wmm0:4:cac6aa52-95d2-11eb-b06c-00e04c1b045a', '2021-04-06 22:26:13.103', '2021-04-06 22:39:51.230', 818127, '1', 'StartEvent_0924kj6', 'Event_03s39as', NULL, NULL, '', NULL, NULL, NULL, NULL, NULL);
INSERT INTO `act_hi_procinst` VALUES ('1f3336d3-95d3-11eb-b06c-00e04c1b045a', 2, '1f3336d3-95d3-11eb-b06c-00e04c1b045a', NULL, 'Process_1j3wmm0:4:cac6aa52-95d2-11eb-b06c-00e04c1b045a', '2021-04-05 13:52:35.901', '2021-04-05 14:25:00.162', 1944261, '1', 'StartEvent_0924kj6', 'Event_03s39as', NULL, NULL, '', NULL, NULL, NULL, NULL, NULL);
INSERT INTO `act_hi_procinst` VALUES ('b0d9b42a-95c7-11eb-ba86-00e04c1b045a', 1, 'b0d9b42a-95c7-11eb-ba86-00e04c1b045a', NULL, 'Process_1j3wmm0:3:57b4cfb9-95c7-11eb-ba86-00e04c1b045a', '2021-04-05 12:30:46.302', NULL, NULL, '1', 'StartEvent_0924kj6', NULL, NULL, NULL, '', NULL, NULL, NULL, NULL, NULL);

-- ----------------------------
-- Table structure for act_hi_taskinst
-- ----------------------------
DROP TABLE IF EXISTS `act_hi_taskinst`;
CREATE TABLE `act_hi_taskinst`  (
                                    `ID_` varchar(64) NOT NULL,
                                    `REV_` int(11) NULL DEFAULT 1,
                                    `PROC_DEF_ID_` varchar(64) NULL DEFAULT NULL,
                                    `TASK_DEF_ID_` varchar(64) NULL DEFAULT NULL,
                                    `TASK_DEF_KEY_` varchar(255) NULL DEFAULT NULL,
                                    `PROC_INST_ID_` varchar(64) NULL DEFAULT NULL,
                                    `EXECUTION_ID_` varchar(64) NULL DEFAULT NULL,
                                    `SCOPE_ID_` varchar(255) NULL DEFAULT NULL,
                                    `SUB_SCOPE_ID_` varchar(255) NULL DEFAULT NULL,
                                    `SCOPE_TYPE_` varchar(255) NULL DEFAULT NULL,
                                    `SCOPE_DEFINITION_ID_` varchar(255) NULL DEFAULT NULL,
                                    `PROPAGATED_STAGE_INST_ID_` varchar(255) NULL DEFAULT NULL,
                                    `NAME_` varchar(255) NULL DEFAULT NULL,
                                    `PARENT_TASK_ID_` varchar(64) NULL DEFAULT NULL,
                                    `DESCRIPTION_` varchar(4000) NULL DEFAULT NULL,
                                    `OWNER_` varchar(255) NULL DEFAULT NULL,
                                    `ASSIGNEE_` varchar(255) NULL DEFAULT NULL,
                                    `START_TIME_` datetime(3) NOT NULL,
                                    `CLAIM_TIME_` datetime(3) NULL DEFAULT NULL,
                                    `END_TIME_` datetime(3) NULL DEFAULT NULL,
                                    `DURATION_` bigint(20) NULL DEFAULT NULL,
                                    `DELETE_REASON_` varchar(4000) NULL DEFAULT NULL,
                                    `PRIORITY_` int(11) NULL DEFAULT NULL,
                                    `DUE_DATE_` datetime(3) NULL DEFAULT NULL,
                                    `FORM_KEY_` varchar(255) NULL DEFAULT NULL,
                                    `CATEGORY_` varchar(255) NULL DEFAULT NULL,
                                    `TENANT_ID_` varchar(255) NULL DEFAULT '',
                                    `LAST_UPDATED_TIME_` datetime(3) NULL DEFAULT NULL,
                                    PRIMARY KEY (`ID_`) USING BTREE,
                                    INDEX `ACT_IDX_HI_TASK_SCOPE`(`SCOPE_ID_`, `SCOPE_TYPE_`) USING BTREE,
                                    INDEX `ACT_IDX_HI_TASK_SUB_SCOPE`(`SUB_SCOPE_ID_`, `SCOPE_TYPE_`) USING BTREE,
                                    INDEX `ACT_IDX_HI_TASK_SCOPE_DEF`(`SCOPE_DEFINITION_ID_`, `SCOPE_TYPE_`) USING BTREE,
                                    INDEX `ACT_IDX_HI_TASK_INST_PROCINST`(`PROC_INST_ID_`) USING BTREE
) ENGINE = InnoDB  ROW_FORMAT = Dynamic;

-- ----------------------------
-- Records of act_hi_taskinst
-- ----------------------------
INSERT INTO `act_hi_taskinst` VALUES ('0745c0a0-95d0-11eb-a17a-00e04c1b045a', 1, 'Process_1j3wmm0:3:57b4cfb9-95c7-11eb-ba86-00e04c1b045a', NULL, 'Activity_0nr9sh5', 'b0d9b42a-95c7-11eb-ba86-00e04c1b045a', 'b0da777f-95c7-11eb-ba86-00e04c1b045a', NULL, NULL, NULL, NULL, NULL, '经理审批', NULL, NULL, NULL, '2', '2021-04-05 13:30:27.239', NULL, NULL, NULL, NULL, 50, NULL, NULL, NULL, '', '2021-04-05 13:30:27.269');
INSERT INTO `act_hi_taskinst` VALUES ('0a266468-96e4-11eb-8fb1-00e04c1b045a', 3, 'Process_1j3wmm0:4:cac6aa52-95d2-11eb-b06c-00e04c1b045a', NULL, 'Activity_1tsbpqv', '0a18a8bf-96e4-11eb-8fb1-00e04c1b045a', '0a1af2b4-96e4-11eb-8fb1-00e04c1b045a', NULL, NULL, NULL, NULL, NULL, '行政审批', NULL, NULL, NULL, '1', '2021-04-06 22:26:13.128', NULL, '2021-04-06 22:39:08.441', 775313, NULL, 50, NULL, NULL, NULL, '', '2021-04-06 22:39:08.441');
INSERT INTO `act_hi_taskinst` VALUES ('1f3b4d2c-95d3-11eb-b06c-00e04c1b045a', 3, 'Process_1j3wmm0:4:cac6aa52-95d2-11eb-b06c-00e04c1b045a', NULL, 'Activity_1tsbpqv', '1f3336d3-95d3-11eb-b06c-00e04c1b045a', '1f346f58-95d3-11eb-b06c-00e04c1b045a', NULL, NULL, NULL, NULL, NULL, '行政审批', NULL, NULL, NULL, '1', '2021-04-05 13:52:35.921', NULL, '2021-04-05 13:58:13.558', 337637, NULL, 50, NULL, NULL, NULL, '', '2021-04-05 13:58:13.558');
INSERT INTO `act_hi_taskinst` VALUES ('923d5e60-95d5-11eb-a86b-00e04c1b045a', 3, 'Process_1j3wmm0:4:cac6aa52-95d2-11eb-b06c-00e04c1b045a', NULL, 'Activity_18lr8yj', '1f3336d3-95d3-11eb-b06c-00e04c1b045a', '1f346f58-95d3-11eb-b06c-00e04c1b045a', NULL, NULL, NULL, NULL, NULL, '老板审批', NULL, NULL, NULL, '1', '2021-04-05 14:10:07.868', NULL, '2021-04-05 14:25:00.105', 892237, NULL, 50, NULL, NULL, NULL, '', '2021-04-05 14:25:00.105');
INSERT INTO `act_hi_taskinst` VALUES ('b0daecb3-95c7-11eb-ba86-00e04c1b045a', 3, 'Process_1j3wmm0:3:57b4cfb9-95c7-11eb-ba86-00e04c1b045a', NULL, 'Activity_1tsbpqv', 'b0d9b42a-95c7-11eb-ba86-00e04c1b045a', 'b0da777f-95c7-11eb-ba86-00e04c1b045a', NULL, NULL, NULL, NULL, NULL, '行政审批', NULL, NULL, NULL, '1', '2021-04-05 12:30:46.309', NULL, '2021-04-05 13:30:27.220', 3580911, NULL, 50, NULL, NULL, NULL, '', '2021-04-05 13:30:27.220');
INSERT INTO `act_hi_taskinst` VALUES ('d83e4a74-96e5-11eb-8fb1-00e04c1b045a', 3, 'Process_1j3wmm0:4:cac6aa52-95d2-11eb-b06c-00e04c1b045a', NULL, 'Activity_0nr9sh5', '0a18a8bf-96e4-11eb-8fb1-00e04c1b045a', '0a1af2b4-96e4-11eb-8fb1-00e04c1b045a', NULL, NULL, NULL, NULL, NULL, '经理审批', NULL, NULL, NULL, '1', '2021-04-06 22:39:08.456', NULL, '2021-04-06 22:39:36.049', 27593, NULL, 50, NULL, NULL, NULL, '', '2021-04-06 22:39:36.049');
INSERT INTO `act_hi_taskinst` VALUES ('e87d8484-95d3-11eb-8399-00e04c1b045a', 3, 'Process_1j3wmm0:4:cac6aa52-95d2-11eb-b06c-00e04c1b045a', NULL, 'Activity_0nr9sh5', '1f3336d3-95d3-11eb-b06c-00e04c1b045a', '1f346f58-95d3-11eb-b06c-00e04c1b045a', NULL, NULL, NULL, NULL, NULL, '经理审批', NULL, NULL, NULL, '1', '2021-04-05 13:58:13.578', NULL, '2021-04-05 14:10:07.849', 714271, NULL, 50, NULL, NULL, NULL, '', '2021-04-05 14:10:07.849');
INSERT INTO `act_hi_taskinst` VALUES ('e8b1695d-96e5-11eb-8fb1-00e04c1b045a', 3, 'Process_1j3wmm0:4:cac6aa52-95d2-11eb-b06c-00e04c1b045a', NULL, 'Activity_18lr8yj', '0a18a8bf-96e4-11eb-8fb1-00e04c1b045a', '0a1af2b4-96e4-11eb-8fb1-00e04c1b045a', NULL, NULL, NULL, NULL, NULL, '老板审批', NULL, NULL, NULL, '1', '2021-04-06 22:39:36.054', NULL, '2021-04-06 22:39:51.182', 15128, NULL, 50, NULL, NULL, NULL, '', '2021-04-06 22:39:51.182');

-- ----------------------------
-- Table structure for act_hi_tsk_log
-- ----------------------------
DROP TABLE IF EXISTS `act_hi_tsk_log`;
CREATE TABLE `act_hi_tsk_log`  (
                                   `ID_` bigint(20) NOT NULL AUTO_INCREMENT,
                                   `TYPE_` varchar(64) NULL DEFAULT NULL,
                                   `TASK_ID_` varchar(64) NOT NULL,
                                   `TIME_STAMP_` timestamp(3) NOT NULL DEFAULT CURRENT_TIMESTAMP(3) ON UPDATE CURRENT_TIMESTAMP(3),
                                   `USER_ID_` varchar(255) NULL DEFAULT NULL,
                                   `DATA_` varchar(4000) NULL DEFAULT NULL,
                                   `EXECUTION_ID_` varchar(64) NULL DEFAULT NULL,
                                   `PROC_INST_ID_` varchar(64) NULL DEFAULT NULL,
                                   `PROC_DEF_ID_` varchar(64) NULL DEFAULT NULL,
                                   `SCOPE_ID_` varchar(255) NULL DEFAULT NULL,
                                   `SCOPE_DEFINITION_ID_` varchar(255) NULL DEFAULT NULL,
                                   `SUB_SCOPE_ID_` varchar(255) NULL DEFAULT NULL,
                                   `SCOPE_TYPE_` varchar(255) NULL DEFAULT NULL,
                                   `TENANT_ID_` varchar(255) NULL DEFAULT '',
                                   PRIMARY KEY (`ID_`) USING BTREE
) ENGINE = InnoDB AUTO_INCREMENT = 1  ROW_FORMAT = Dynamic;

-- ----------------------------
-- Records of act_hi_tsk_log
-- ----------------------------

-- ----------------------------
-- Table structure for act_hi_varinst
-- ----------------------------
DROP TABLE IF EXISTS `act_hi_varinst`;
CREATE TABLE `act_hi_varinst`  (
                                   `ID_` varchar(64) NOT NULL,
                                   `REV_` int(11) NULL DEFAULT 1,
                                   `PROC_INST_ID_` varchar(64) NULL DEFAULT NULL,
                                   `EXECUTION_ID_` varchar(64) NULL DEFAULT NULL,
                                   `TASK_ID_` varchar(64) NULL DEFAULT NULL,
                                   `NAME_` varchar(255) NOT NULL,
                                   `VAR_TYPE_` varchar(100) NULL DEFAULT NULL,
                                   `SCOPE_ID_` varchar(255) NULL DEFAULT NULL,
                                   `SUB_SCOPE_ID_` varchar(255) NULL DEFAULT NULL,
                                   `SCOPE_TYPE_` varchar(255) NULL DEFAULT NULL,
                                   `BYTEARRAY_ID_` varchar(64) NULL DEFAULT NULL,
                                   `DOUBLE_` double NULL DEFAULT NULL,
                                   `LONG_` bigint(20) NULL DEFAULT NULL,
                                   `TEXT_` varchar(4000) NULL DEFAULT NULL,
                                   `TEXT2_` varchar(4000) NULL DEFAULT NULL,
                                   `CREATE_TIME_` datetime(3) NULL DEFAULT NULL,
                                   `LAST_UPDATED_TIME_` datetime(3) NULL DEFAULT NULL,
                                   PRIMARY KEY (`ID_`) USING BTREE,
                                   INDEX `ACT_IDX_HI_PROCVAR_NAME_TYPE`(`NAME_`, `VAR_TYPE_`) USING BTREE,
                                   INDEX `ACT_IDX_HI_VAR_SCOPE_ID_TYPE`(`SCOPE_ID_`, `SCOPE_TYPE_`) USING BTREE,
                                   INDEX `ACT_IDX_HI_VAR_SUB_ID_TYPE`(`SUB_SCOPE_ID_`, `SCOPE_TYPE_`) USING BTREE,
                                   INDEX `ACT_IDX_HI_PROCVAR_PROC_INST`(`PROC_INST_ID_`) USING BTREE,
                                   INDEX `ACT_IDX_HI_PROCVAR_TASK_ID`(`TASK_ID_`) USING BTREE,
                                   INDEX `ACT_IDX_HI_PROCVAR_EXE`(`EXECUTION_ID_`) USING BTREE
) ENGINE = InnoDB  ROW_FORMAT = Dynamic;

-- ----------------------------
-- Records of act_hi_varinst
-- ----------------------------
INSERT INTO `act_hi_varinst` VALUES ('0a1a2f62-96e4-11eb-8fb1-00e04c1b045a', 0, '0a18a8bf-96e4-11eb-8fb1-00e04c1b045a', '0a18a8bf-96e4-11eb-8fb1-00e04c1b045a', NULL, 'variables', 'serializable', NULL, NULL, NULL, '0a1aa493-96e4-11eb-8fb1-00e04c1b045a', NULL, NULL, NULL, NULL, '2021-04-06 22:26:13.115', '2021-04-06 22:26:13.115');
INSERT INTO `act_hi_varinst` VALUES ('1f33ac06-95d3-11eb-b06c-00e04c1b045a', 0, '1f3336d3-95d3-11eb-b06c-00e04c1b045a', '1f3336d3-95d3-11eb-b06c-00e04c1b045a', NULL, 'variables', 'serializable', NULL, NULL, NULL, '1f342137-95d3-11eb-b06c-00e04c1b045a', NULL, NULL, NULL, NULL, '2021-04-05 13:52:35.908', '2021-04-05 13:52:35.908');
INSERT INTO `act_hi_varinst` VALUES ('b0d9db3d-95c7-11eb-ba86-00e04c1b045a', 0, 'b0d9b42a-95c7-11eb-ba86-00e04c1b045a', 'b0d9b42a-95c7-11eb-ba86-00e04c1b045a', NULL, 'variables', 'serializable', NULL, NULL, NULL, 'b0da506e-95c7-11eb-ba86-00e04c1b045a', NULL, NULL, NULL, NULL, '2021-04-05 12:30:46.305', '2021-04-05 12:30:46.305');

-- ----------------------------
-- Table structure for act_id_bytearray
-- ----------------------------
DROP TABLE IF EXISTS `act_id_bytearray`;
CREATE TABLE `act_id_bytearray`  (
                                     `ID_` varchar(64) NOT NULL,
                                     `REV_` int(11) NULL DEFAULT NULL,
                                     `NAME_` varchar(255) NULL DEFAULT NULL,
                                     `BYTES_` longblob NULL,
                                     PRIMARY KEY (`ID_`) USING BTREE
) ENGINE = InnoDB  ROW_FORMAT = Dynamic;

-- ----------------------------
-- Records of act_id_bytearray
-- ----------------------------

-- ----------------------------
-- Table structure for act_id_group
-- ----------------------------
DROP TABLE IF EXISTS `act_id_group`;
CREATE TABLE `act_id_group`  (
                                 `ID_` varchar(64) NOT NULL,
                                 `REV_` int(11) NULL DEFAULT NULL,
                                 `NAME_` varchar(255) NULL DEFAULT NULL,
                                 `TYPE_` varchar(255) NULL DEFAULT NULL,
                                 PRIMARY KEY (`ID_`) USING BTREE
) ENGINE = InnoDB  ROW_FORMAT = Dynamic;

-- ----------------------------
-- Records of act_id_group
-- ----------------------------

-- ----------------------------
-- Table structure for act_id_info
-- ----------------------------
DROP TABLE IF EXISTS `act_id_info`;
CREATE TABLE `act_id_info`  (
                                `ID_` varchar(64) NOT NULL,
                                `REV_` int(11) NULL DEFAULT NULL,
                                `USER_ID_` varchar(64) NULL DEFAULT NULL,
                                `TYPE_` varchar(64) NULL DEFAULT NULL,
                                `KEY_` varchar(255) NULL DEFAULT NULL,
                                `VALUE_` varchar(255) NULL DEFAULT NULL,
                                `PASSWORD_` longblob NULL,
                                `PARENT_ID_` varchar(255) NULL DEFAULT NULL,
                                PRIMARY KEY (`ID_`) USING BTREE
) ENGINE = InnoDB  ROW_FORMAT = Dynamic;

-- ----------------------------
-- Records of act_id_info
-- ----------------------------

-- ----------------------------
-- Table structure for act_id_membership
-- ----------------------------
DROP TABLE IF EXISTS `act_id_membership`;
CREATE TABLE `act_id_membership`  (
                                      `USER_ID_` varchar(64) NOT NULL,
                                      `GROUP_ID_` varchar(64) NOT NULL,
                                      PRIMARY KEY (`USER_ID_`, `GROUP_ID_`) USING BTREE,
                                      INDEX `ACT_FK_MEMB_GROUP`(`GROUP_ID_`) USING BTREE,
                                      CONSTRAINT `ACT_FK_MEMB_GROUP` FOREIGN KEY (`GROUP_ID_`) REFERENCES `act_id_group` (`ID_`) ON DELETE RESTRICT ON UPDATE RESTRICT,
                                      CONSTRAINT `ACT_FK_MEMB_USER` FOREIGN KEY (`USER_ID_`) REFERENCES `act_id_user` (`ID_`) ON DELETE RESTRICT ON UPDATE RESTRICT
) ENGINE = InnoDB  ROW_FORMAT = Dynamic;

-- ----------------------------
-- Records of act_id_membership
-- ----------------------------

-- ----------------------------
-- Table structure for act_id_priv
-- ----------------------------
DROP TABLE IF EXISTS `act_id_priv`;
CREATE TABLE `act_id_priv`  (
                                `ID_` varchar(64) NOT NULL,
                                `NAME_` varchar(255) NOT NULL,
                                PRIMARY KEY (`ID_`) USING BTREE,
                                UNIQUE INDEX `ACT_UNIQ_PRIV_NAME`(`NAME_`) USING BTREE
) ENGINE = InnoDB  ROW_FORMAT = Dynamic;

-- ----------------------------
-- Records of act_id_priv
-- ----------------------------

-- ----------------------------
-- Table structure for act_id_priv_mapping
-- ----------------------------
DROP TABLE IF EXISTS `act_id_priv_mapping`;
CREATE TABLE `act_id_priv_mapping`  (
                                        `ID_` varchar(64) NOT NULL,
                                        `PRIV_ID_` varchar(64) NOT NULL,
                                        `USER_ID_` varchar(255) NULL DEFAULT NULL,
                                        `GROUP_ID_` varchar(255) NULL DEFAULT NULL,
                                        PRIMARY KEY (`ID_`) USING BTREE,
                                        INDEX `ACT_FK_PRIV_MAPPING`(`PRIV_ID_`) USING BTREE,
                                        INDEX `ACT_IDX_PRIV_USER`(`USER_ID_`) USING BTREE,
                                        INDEX `ACT_IDX_PRIV_GROUP`(`GROUP_ID_`) USING BTREE,
                                        CONSTRAINT `ACT_FK_PRIV_MAPPING` FOREIGN KEY (`PRIV_ID_`) REFERENCES `act_id_priv` (`ID_`) ON DELETE RESTRICT ON UPDATE RESTRICT
) ENGINE = InnoDB  ROW_FORMAT = Dynamic;

-- ----------------------------
-- Records of act_id_priv_mapping
-- ----------------------------

-- ----------------------------
-- Table structure for act_id_property
-- ----------------------------
DROP TABLE IF EXISTS `act_id_property`;
CREATE TABLE `act_id_property`  (
                                    `NAME_` varchar(64) NOT NULL,
                                    `VALUE_` varchar(300) NULL DEFAULT NULL,
                                    `REV_` int(11) NULL DEFAULT NULL,
                                    PRIMARY KEY (`NAME_`) USING BTREE
) ENGINE = InnoDB  ROW_FORMAT = Dynamic;

-- ----------------------------
-- Records of act_id_property
-- ----------------------------
INSERT INTO `act_id_property` VALUES ('schema.version', '6.5.0.6', 1);

-- ----------------------------
-- Table structure for act_id_token
-- ----------------------------
DROP TABLE IF EXISTS `act_id_token`;
CREATE TABLE `act_id_token`  (
                                 `ID_` varchar(64) NOT NULL,
                                 `REV_` int(11) NULL DEFAULT NULL,
                                 `TOKEN_VALUE_` varchar(255) NULL DEFAULT NULL,
                                 `TOKEN_DATE_` timestamp(3) NOT NULL DEFAULT CURRENT_TIMESTAMP(3) ON UPDATE CURRENT_TIMESTAMP(3),
                                 `IP_ADDRESS_` varchar(255) NULL DEFAULT NULL,
                                 `USER_AGENT_` varchar(255) NULL DEFAULT NULL,
                                 `USER_ID_` varchar(255) NULL DEFAULT NULL,
                                 `TOKEN_DATA_` varchar(2000) NULL DEFAULT NULL,
                                 PRIMARY KEY (`ID_`) USING BTREE
) ENGINE = InnoDB  ROW_FORMAT = Dynamic;

-- ----------------------------
-- Records of act_id_token
-- ----------------------------

-- ----------------------------
-- Table structure for act_id_user
-- ----------------------------
DROP TABLE IF EXISTS `act_id_user`;
CREATE TABLE `act_id_user`  (
                                `ID_` varchar(64) NOT NULL,
                                `REV_` int(11) NULL DEFAULT NULL,
                                `FIRST_` varchar(255) NULL DEFAULT NULL,
                                `LAST_` varchar(255) NULL DEFAULT NULL,
                                `DISPLAY_NAME_` varchar(255) NULL DEFAULT NULL,
                                `EMAIL_` varchar(255) NULL DEFAULT NULL,
                                `PWD_` varchar(255) NULL DEFAULT NULL,
                                `PICTURE_ID_` varchar(64) NULL DEFAULT NULL,
                                `TENANT_ID_` varchar(255) NULL DEFAULT '',
                                PRIMARY KEY (`ID_`) USING BTREE
) ENGINE = InnoDB  ROW_FORMAT = Dynamic;

-- ----------------------------
-- Records of act_id_user
-- ----------------------------

-- ----------------------------
-- Table structure for act_procdef_info
-- ----------------------------
DROP TABLE IF EXISTS `act_procdef_info`;
CREATE TABLE `act_procdef_info`  (
                                     `ID_` varchar(64) NOT NULL,
                                     `PROC_DEF_ID_` varchar(64) NOT NULL,
                                     `REV_` int(11) NULL DEFAULT NULL,
                                     `INFO_JSON_ID_` varchar(64) NULL DEFAULT NULL,
                                     PRIMARY KEY (`ID_`) USING BTREE,
                                     UNIQUE INDEX `ACT_UNIQ_INFO_PROCDEF`(`PROC_DEF_ID_`) USING BTREE,
                                     INDEX `ACT_IDX_INFO_PROCDEF`(`PROC_DEF_ID_`) USING BTREE,
                                     INDEX `ACT_FK_INFO_JSON_BA`(`INFO_JSON_ID_`) USING BTREE,
                                     CONSTRAINT `ACT_FK_INFO_JSON_BA` FOREIGN KEY (`INFO_JSON_ID_`) REFERENCES `act_ge_bytearray` (`ID_`) ON DELETE RESTRICT ON UPDATE RESTRICT,
                                     CONSTRAINT `ACT_FK_INFO_PROCDEF` FOREIGN KEY (`PROC_DEF_ID_`) REFERENCES `act_re_procdef` (`ID_`) ON DELETE RESTRICT ON UPDATE RESTRICT
) ENGINE = InnoDB  ROW_FORMAT = Dynamic;

-- ----------------------------
-- Records of act_procdef_info
-- ----------------------------

-- ----------------------------
-- Table structure for act_re_deployment
-- ----------------------------
DROP TABLE IF EXISTS `act_re_deployment`;
CREATE TABLE `act_re_deployment`  (
                                      `ID_` varchar(64) NOT NULL,
                                      `NAME_` varchar(255) NULL DEFAULT NULL,
                                      `CATEGORY_` varchar(255) NULL DEFAULT NULL,
                                      `KEY_` varchar(255) NULL DEFAULT NULL,
                                      `TENANT_ID_` varchar(255) NULL DEFAULT '',
                                      `DEPLOY_TIME_` timestamp(3) NULL DEFAULT NULL,
                                      `DERIVED_FROM_` varchar(64) NULL DEFAULT NULL,
                                      `DERIVED_FROM_ROOT_` varchar(64) NULL DEFAULT NULL,
                                      `PARENT_DEPLOYMENT_ID_` varchar(255) NULL DEFAULT NULL,
                                      `ENGINE_VERSION_` varchar(255) NULL DEFAULT NULL,
                                      PRIMARY KEY (`ID_`) USING BTREE
) ENGINE = InnoDB  ROW_FORMAT = Dynamic;

-- ----------------------------
-- Records of act_re_deployment
-- ----------------------------
INSERT INTO `act_re_deployment` VALUES ('57949d86-95c7-11eb-ba86-00e04c1b045a', '请假流程', 'leave', NULL, '', '2021-04-05 12:28:16.532', NULL, NULL, NULL, NULL);
INSERT INTO `act_re_deployment` VALUES ('65603596-960c-11eb-a9be-00e04c1b045a', 'name_fxtjzjic', 'leave', NULL, '', '2021-04-05 20:42:34.951', NULL, NULL, NULL, NULL);
INSERT INTO `act_re_deployment` VALUES ('ca4915df-95d2-11eb-b06c-00e04c1b045a', '请假流程', 'leave', NULL, '', '2021-04-05 13:50:13.439', NULL, NULL, NULL, NULL);

-- ----------------------------
-- Table structure for act_re_model
-- ----------------------------
DROP TABLE IF EXISTS `act_re_model`;
CREATE TABLE `act_re_model`  (
                                 `ID_` varchar(64) NOT NULL,
                                 `REV_` int(11) NULL DEFAULT NULL,
                                 `NAME_` varchar(255) NULL DEFAULT NULL,
                                 `KEY_` varchar(255) NULL DEFAULT NULL,
                                 `CATEGORY_` varchar(255) NULL DEFAULT NULL,
                                 `CREATE_TIME_` timestamp(3) NULL DEFAULT NULL,
                                 `LAST_UPDATE_TIME_` timestamp(3) NULL DEFAULT NULL,
                                 `VERSION_` int(11) NULL DEFAULT NULL,
                                 `META_INFO_` varchar(4000) NULL DEFAULT NULL,
                                 `DEPLOYMENT_ID_` varchar(64) NULL DEFAULT NULL,
                                 `EDITOR_SOURCE_VALUE_ID_` varchar(64) NULL DEFAULT NULL,
                                 `EDITOR_SOURCE_EXTRA_VALUE_ID_` varchar(64) NULL DEFAULT NULL,
                                 `TENANT_ID_` varchar(255) NULL DEFAULT '',
                                 PRIMARY KEY (`ID_`) USING BTREE,
                                 INDEX `ACT_FK_MODEL_SOURCE`(`EDITOR_SOURCE_VALUE_ID_`) USING BTREE,
                                 INDEX `ACT_FK_MODEL_SOURCE_EXTRA`(`EDITOR_SOURCE_EXTRA_VALUE_ID_`) USING BTREE,
                                 INDEX `ACT_FK_MODEL_DEPLOYMENT`(`DEPLOYMENT_ID_`) USING BTREE,
                                 CONSTRAINT `ACT_FK_MODEL_DEPLOYMENT` FOREIGN KEY (`DEPLOYMENT_ID_`) REFERENCES `act_re_deployment` (`ID_`) ON DELETE RESTRICT ON UPDATE RESTRICT,
                                 CONSTRAINT `ACT_FK_MODEL_SOURCE` FOREIGN KEY (`EDITOR_SOURCE_VALUE_ID_`) REFERENCES `act_ge_bytearray` (`ID_`) ON DELETE RESTRICT ON UPDATE RESTRICT,
                                 CONSTRAINT `ACT_FK_MODEL_SOURCE_EXTRA` FOREIGN KEY (`EDITOR_SOURCE_EXTRA_VALUE_ID_`) REFERENCES `act_ge_bytearray` (`ID_`) ON DELETE RESTRICT ON UPDATE RESTRICT
) ENGINE = InnoDB  ROW_FORMAT = Dynamic;

-- ----------------------------
-- Records of act_re_model
-- ----------------------------

-- ----------------------------
-- Table structure for act_re_procdef
-- ----------------------------
DROP TABLE IF EXISTS `act_re_procdef`;
CREATE TABLE `act_re_procdef`  (
                                   `ID_` varchar(64) NOT NULL,
                                   `REV_` int(11) NULL DEFAULT NULL,
                                   `CATEGORY_` varchar(255) NULL DEFAULT NULL,
                                   `NAME_` varchar(255) NULL DEFAULT NULL,
                                   `KEY_` varchar(255) NOT NULL,
                                   `VERSION_` int(11) NOT NULL,
                                   `DEPLOYMENT_ID_` varchar(64) NULL DEFAULT NULL,
                                   `RESOURCE_NAME_` varchar(4000) NULL DEFAULT NULL,
                                   `DGRM_RESOURCE_NAME_` varchar(4000) NULL DEFAULT NULL,
                                   `DESCRIPTION_` varchar(4000) NULL DEFAULT NULL,
                                   `HAS_START_FORM_KEY_` tinyint(4) NULL DEFAULT NULL,
                                   `HAS_GRAPHICAL_NOTATION_` tinyint(4) NULL DEFAULT NULL,
                                   `SUSPENSION_STATE_` int(11) NULL DEFAULT NULL,
                                   `TENANT_ID_` varchar(255) NULL DEFAULT '',
                                   `ENGINE_VERSION_` varchar(255) NULL DEFAULT NULL,
                                   `DERIVED_FROM_` varchar(64) NULL DEFAULT NULL,
                                   `DERIVED_FROM_ROOT_` varchar(64) NULL DEFAULT NULL,
                                   `DERIVED_VERSION_` int(11) NOT NULL DEFAULT 0,
                                   PRIMARY KEY (`ID_`) USING BTREE,
                                   UNIQUE INDEX `ACT_UNIQ_PROCDEF`(`KEY_`, `VERSION_`, `DERIVED_VERSION_`, `TENANT_ID_`) USING BTREE
) ENGINE = InnoDB  ROW_FORMAT = Dynamic;

-- ----------------------------
-- Records of act_re_procdef
-- ----------------------------
INSERT INTO `act_re_procdef` VALUES ('Process_1j3wmm0:3:57b4cfb9-95c7-11eb-ba86-00e04c1b045a', 2, 'leave', '请假流程', 'Process_1j3wmm0', 3, '57949d86-95c7-11eb-ba86-00e04c1b045a', '请假流程.bpmn', '请假流程.Process_1j3wmm0.png', NULL, 0, 1, 1, '', NULL, NULL, NULL, 0);
INSERT INTO `act_re_procdef` VALUES ('Process_1j3wmm0:4:cac6aa52-95d2-11eb-b06c-00e04c1b045a', 2, 'leave', '请假流程', 'Process_1j3wmm0', 4, 'ca4915df-95d2-11eb-b06c-00e04c1b045a', '请假流程.bpmn', '请假流程.Process_1j3wmm0.png', NULL, 0, 1, 1, '', NULL, NULL, NULL, 0);
INSERT INTO `act_re_procdef` VALUES ('process_myhl32us:1:65823c89-960c-11eb-a9be-00e04c1b045a', 4, 'leave', 'name_fxtjzjic', 'process_myhl32us', 1, '65603596-960c-11eb-a9be-00e04c1b045a', 'name_fxtjzjic.bpmn', 'name_fxtjzjic.process_myhl32us.png', NULL, 0, 1, 1, '', NULL, NULL, NULL, 0);

-- ----------------------------
-- Table structure for act_ru_actinst
-- ----------------------------
DROP TABLE IF EXISTS `act_ru_actinst`;
CREATE TABLE `act_ru_actinst`  (
                                   `ID_` varchar(64) NOT NULL,
                                   `REV_` int(11) NULL DEFAULT 1,
                                   `PROC_DEF_ID_` varchar(64) NOT NULL,
                                   `PROC_INST_ID_` varchar(64) NOT NULL,
                                   `EXECUTION_ID_` varchar(64) NOT NULL,
                                   `ACT_ID_` varchar(255) NOT NULL,
                                   `TASK_ID_` varchar(64) NULL DEFAULT NULL,
                                   `CALL_PROC_INST_ID_` varchar(64) NULL DEFAULT NULL,
                                   `ACT_NAME_` varchar(255) NULL DEFAULT NULL,
                                   `ACT_TYPE_` varchar(255) NOT NULL,
                                   `ASSIGNEE_` varchar(255) NULL DEFAULT NULL,
                                   `START_TIME_` datetime(3) NOT NULL,
                                   `END_TIME_` datetime(3) NULL DEFAULT NULL,
                                   `DURATION_` bigint(20) NULL DEFAULT NULL,
                                   `DELETE_REASON_` varchar(4000) NULL DEFAULT NULL,
                                   `TENANT_ID_` varchar(255) NULL DEFAULT '',
                                   PRIMARY KEY (`ID_`) USING BTREE,
                                   INDEX `ACT_IDX_RU_ACTI_START`(`START_TIME_`) USING BTREE,
                                   INDEX `ACT_IDX_RU_ACTI_END`(`END_TIME_`) USING BTREE,
                                   INDEX `ACT_IDX_RU_ACTI_PROC`(`PROC_INST_ID_`) USING BTREE,
                                   INDEX `ACT_IDX_RU_ACTI_PROC_ACT`(`PROC_INST_ID_`, `ACT_ID_`) USING BTREE,
                                   INDEX `ACT_IDX_RU_ACTI_EXEC`(`EXECUTION_ID_`) USING BTREE,
                                   INDEX `ACT_IDX_RU_ACTI_EXEC_ACT`(`EXECUTION_ID_`, `ACT_ID_`) USING BTREE
) ENGINE = InnoDB  ROW_FORMAT = Dynamic;

-- ----------------------------
-- Records of act_ru_actinst
-- ----------------------------
INSERT INTO `act_ru_actinst` VALUES ('074105ae-95d0-11eb-a17a-00e04c1b045a', 1, 'Process_1j3wmm0:3:57b4cfb9-95c7-11eb-ba86-00e04c1b045a', 'b0d9b42a-95c7-11eb-ba86-00e04c1b045a', 'b0da777f-95c7-11eb-ba86-00e04c1b045a', 'Flow_0w13gt7', NULL, NULL, NULL, 'sequenceFlow', NULL, '2021-04-05 13:30:27.237', '2021-04-05 13:30:27.237', 0, NULL, '');
INSERT INTO `act_ru_actinst` VALUES ('074153cf-95d0-11eb-a17a-00e04c1b045a', 1, 'Process_1j3wmm0:3:57b4cfb9-95c7-11eb-ba86-00e04c1b045a', 'b0d9b42a-95c7-11eb-ba86-00e04c1b045a', 'b0da777f-95c7-11eb-ba86-00e04c1b045a', 'Activity_0nr9sh5', '0745c0a0-95d0-11eb-a17a-00e04c1b045a', NULL, '经理审批', 'userTask', '2', '2021-04-05 13:30:27.239', NULL, NULL, NULL, '');
INSERT INTO `act_ru_actinst` VALUES ('b0da7780-95c7-11eb-ba86-00e04c1b045a', 1, 'Process_1j3wmm0:3:57b4cfb9-95c7-11eb-ba86-00e04c1b045a', 'b0d9b42a-95c7-11eb-ba86-00e04c1b045a', 'b0da777f-95c7-11eb-ba86-00e04c1b045a', 'StartEvent_0924kj6', NULL, NULL, '开始', 'startEvent', NULL, '2021-04-05 12:30:46.307', '2021-04-05 12:30:46.309', 2, NULL, '');
INSERT INTO `act_ru_actinst` VALUES ('b0dac5a1-95c7-11eb-ba86-00e04c1b045a', 1, 'Process_1j3wmm0:3:57b4cfb9-95c7-11eb-ba86-00e04c1b045a', 'b0d9b42a-95c7-11eb-ba86-00e04c1b045a', 'b0da777f-95c7-11eb-ba86-00e04c1b045a', 'Flow_06v57pz', NULL, NULL, NULL, 'sequenceFlow', NULL, '2021-04-05 12:30:46.309', '2021-04-05 12:30:46.309', 0, NULL, '');
INSERT INTO `act_ru_actinst` VALUES ('b0dac5a2-95c7-11eb-ba86-00e04c1b045a', 3, 'Process_1j3wmm0:3:57b4cfb9-95c7-11eb-ba86-00e04c1b045a', 'b0d9b42a-95c7-11eb-ba86-00e04c1b045a', 'b0da777f-95c7-11eb-ba86-00e04c1b045a', 'Activity_1tsbpqv', 'b0daecb3-95c7-11eb-ba86-00e04c1b045a', NULL, '行政审批', 'userTask', '1', '2021-04-05 12:30:46.309', '2021-04-05 13:30:27.228', 3580919, NULL, '');

-- ----------------------------
-- Table structure for act_ru_deadletter_job
-- ----------------------------
DROP TABLE IF EXISTS `act_ru_deadletter_job`;
CREATE TABLE `act_ru_deadletter_job`  (
                                          `ID_` varchar(64) NOT NULL,
                                          `REV_` int(11) NULL DEFAULT NULL,
                                          `TYPE_` varchar(255) NOT NULL,
                                          `EXCLUSIVE_` tinyint(1) NULL DEFAULT NULL,
                                          `EXECUTION_ID_` varchar(64) NULL DEFAULT NULL,
                                          `PROCESS_INSTANCE_ID_` varchar(64) NULL DEFAULT NULL,
                                          `PROC_DEF_ID_` varchar(64) NULL DEFAULT NULL,
                                          `ELEMENT_ID_` varchar(255) NULL DEFAULT NULL,
                                          `ELEMENT_NAME_` varchar(255) NULL DEFAULT NULL,
                                          `SCOPE_ID_` varchar(255) NULL DEFAULT NULL,
                                          `SUB_SCOPE_ID_` varchar(255) NULL DEFAULT NULL,
                                          `SCOPE_TYPE_` varchar(255) NULL DEFAULT NULL,
                                          `SCOPE_DEFINITION_ID_` varchar(255) NULL DEFAULT NULL,
                                          `EXCEPTION_STACK_ID_` varchar(64) NULL DEFAULT NULL,
                                          `EXCEPTION_MSG_` varchar(4000) NULL DEFAULT NULL,
                                          `DUEDATE_` timestamp(3) NULL DEFAULT NULL,
                                          `REPEAT_` varchar(255) NULL DEFAULT NULL,
                                          `HANDLER_TYPE_` varchar(255) NULL DEFAULT NULL,
                                          `HANDLER_CFG_` varchar(4000) NULL DEFAULT NULL,
                                          `CUSTOM_VALUES_ID_` varchar(64) NULL DEFAULT NULL,
                                          `CREATE_TIME_` timestamp(3) NULL DEFAULT NULL,
                                          `TENANT_ID_` varchar(255) NULL DEFAULT '',
                                          PRIMARY KEY (`ID_`) USING BTREE,
                                          INDEX `ACT_IDX_DEADLETTER_JOB_EXCEPTION_STACK_ID`(`EXCEPTION_STACK_ID_`) USING BTREE,
                                          INDEX `ACT_IDX_DEADLETTER_JOB_CUSTOM_VALUES_ID`(`CUSTOM_VALUES_ID_`) USING BTREE,
                                          INDEX `ACT_IDX_DJOB_SCOPE`(`SCOPE_ID_`, `SCOPE_TYPE_`) USING BTREE,
                                          INDEX `ACT_IDX_DJOB_SUB_SCOPE`(`SUB_SCOPE_ID_`, `SCOPE_TYPE_`) USING BTREE,
                                          INDEX `ACT_IDX_DJOB_SCOPE_DEF`(`SCOPE_DEFINITION_ID_`, `SCOPE_TYPE_`) USING BTREE,
                                          INDEX `ACT_FK_DEADLETTER_JOB_EXECUTION`(`EXECUTION_ID_`) USING BTREE,
                                          INDEX `ACT_FK_DEADLETTER_JOB_PROCESS_INSTANCE`(`PROCESS_INSTANCE_ID_`) USING BTREE,
                                          INDEX `ACT_FK_DEADLETTER_JOB_PROC_DEF`(`PROC_DEF_ID_`) USING BTREE,
                                          CONSTRAINT `ACT_FK_DEADLETTER_JOB_CUSTOM_VALUES` FOREIGN KEY (`CUSTOM_VALUES_ID_`) REFERENCES `act_ge_bytearray` (`ID_`) ON DELETE RESTRICT ON UPDATE RESTRICT,
                                          CONSTRAINT `ACT_FK_DEADLETTER_JOB_EXCEPTION` FOREIGN KEY (`EXCEPTION_STACK_ID_`) REFERENCES `act_ge_bytearray` (`ID_`) ON DELETE RESTRICT ON UPDATE RESTRICT,
                                          CONSTRAINT `ACT_FK_DEADLETTER_JOB_EXECUTION` FOREIGN KEY (`EXECUTION_ID_`) REFERENCES `act_ru_execution` (`ID_`) ON DELETE RESTRICT ON UPDATE RESTRICT,
                                          CONSTRAINT `ACT_FK_DEADLETTER_JOB_PROCESS_INSTANCE` FOREIGN KEY (`PROCESS_INSTANCE_ID_`) REFERENCES `act_ru_execution` (`ID_`) ON DELETE RESTRICT ON UPDATE RESTRICT,
                                          CONSTRAINT `ACT_FK_DEADLETTER_JOB_PROC_DEF` FOREIGN KEY (`PROC_DEF_ID_`) REFERENCES `act_re_procdef` (`ID_`) ON DELETE RESTRICT ON UPDATE RESTRICT
) ENGINE = InnoDB  ROW_FORMAT = Dynamic;

-- ----------------------------
-- Records of act_ru_deadletter_job
-- ----------------------------

-- ----------------------------
-- Table structure for act_ru_entitylink
-- ----------------------------
DROP TABLE IF EXISTS `act_ru_entitylink`;
CREATE TABLE `act_ru_entitylink`  (
                                      `ID_` varchar(64) NOT NULL,
                                      `REV_` int(11) NULL DEFAULT NULL,
                                      `CREATE_TIME_` datetime(3) NULL DEFAULT NULL,
                                      `LINK_TYPE_` varchar(255) NULL DEFAULT NULL,
                                      `SCOPE_ID_` varchar(255) NULL DEFAULT NULL,
                                      `SCOPE_TYPE_` varchar(255) NULL DEFAULT NULL,
                                      `SCOPE_DEFINITION_ID_` varchar(255) NULL DEFAULT NULL,
                                      `REF_SCOPE_ID_` varchar(255) NULL DEFAULT NULL,
                                      `REF_SCOPE_TYPE_` varchar(255) NULL DEFAULT NULL,
                                      `REF_SCOPE_DEFINITION_ID_` varchar(255) NULL DEFAULT NULL,
                                      `HIERARCHY_TYPE_` varchar(255) NULL DEFAULT NULL,
                                      PRIMARY KEY (`ID_`) USING BTREE,
                                      INDEX `ACT_IDX_ENT_LNK_SCOPE`(`SCOPE_ID_`, `SCOPE_TYPE_`, `LINK_TYPE_`) USING BTREE,
                                      INDEX `ACT_IDX_ENT_LNK_SCOPE_DEF`(`SCOPE_DEFINITION_ID_`, `SCOPE_TYPE_`, `LINK_TYPE_`) USING BTREE
) ENGINE = InnoDB  ROW_FORMAT = Dynamic;

-- ----------------------------
-- Records of act_ru_entitylink
-- ----------------------------

-- ----------------------------
-- Table structure for act_ru_event_subscr
-- ----------------------------
DROP TABLE IF EXISTS `act_ru_event_subscr`;
CREATE TABLE `act_ru_event_subscr`  (
                                        `ID_` varchar(64) NOT NULL,
                                        `REV_` int(11) NULL DEFAULT NULL,
                                        `EVENT_TYPE_` varchar(255) NOT NULL,
                                        `EVENT_NAME_` varchar(255) NULL DEFAULT NULL,
                                        `EXECUTION_ID_` varchar(64) NULL DEFAULT NULL,
                                        `PROC_INST_ID_` varchar(64) NULL DEFAULT NULL,
                                        `ACTIVITY_ID_` varchar(64) NULL DEFAULT NULL,
                                        `CONFIGURATION_` varchar(255) NULL DEFAULT NULL,
                                        `CREATED_` timestamp(3) NOT NULL DEFAULT CURRENT_TIMESTAMP(3),
                                        `PROC_DEF_ID_` varchar(64) NULL DEFAULT NULL,
                                        `SUB_SCOPE_ID_` varchar(64) NULL DEFAULT NULL,
                                        `SCOPE_ID_` varchar(64) NULL DEFAULT NULL,
                                        `SCOPE_DEFINITION_ID_` varchar(64) NULL DEFAULT NULL,
                                        `SCOPE_TYPE_` varchar(64) NULL DEFAULT NULL,
                                        `TENANT_ID_` varchar(255) NULL DEFAULT '',
                                        PRIMARY KEY (`ID_`) USING BTREE,
                                        INDEX `ACT_IDX_EVENT_SUBSCR_CONFIG_`(`CONFIGURATION_`) USING BTREE,
                                        INDEX `ACT_FK_EVENT_EXEC`(`EXECUTION_ID_`) USING BTREE,
                                        CONSTRAINT `ACT_FK_EVENT_EXEC` FOREIGN KEY (`EXECUTION_ID_`) REFERENCES `act_ru_execution` (`ID_`) ON DELETE RESTRICT ON UPDATE RESTRICT
) ENGINE = InnoDB  ROW_FORMAT = Dynamic;

-- ----------------------------
-- Records of act_ru_event_subscr
-- ----------------------------

-- ----------------------------
-- Table structure for act_ru_execution
-- ----------------------------
DROP TABLE IF EXISTS `act_ru_execution`;
CREATE TABLE `act_ru_execution`  (
                                     `ID_` varchar(64) NOT NULL,
                                     `REV_` int(11) NULL DEFAULT NULL,
                                     `PROC_INST_ID_` varchar(64) NULL DEFAULT NULL,
                                     `BUSINESS_KEY_` varchar(255) NULL DEFAULT NULL,
                                     `PARENT_ID_` varchar(64) NULL DEFAULT NULL,
                                     `PROC_DEF_ID_` varchar(64) NULL DEFAULT NULL,
                                     `SUPER_EXEC_` varchar(64) NULL DEFAULT NULL,
                                     `ROOT_PROC_INST_ID_` varchar(64) NULL DEFAULT NULL,
                                     `ACT_ID_` varchar(255) NULL DEFAULT NULL,
                                     `IS_ACTIVE_` tinyint(4) NULL DEFAULT NULL,
                                     `IS_CONCURRENT_` tinyint(4) NULL DEFAULT NULL,
                                     `IS_SCOPE_` tinyint(4) NULL DEFAULT NULL,
                                     `IS_EVENT_SCOPE_` tinyint(4) NULL DEFAULT NULL,
                                     `IS_MI_ROOT_` tinyint(4) NULL DEFAULT NULL,
                                     `SUSPENSION_STATE_` int(11) NULL DEFAULT NULL,
                                     `CACHED_ENT_STATE_` int(11) NULL DEFAULT NULL,
                                     `TENANT_ID_` varchar(255) NULL DEFAULT '',
                                     `NAME_` varchar(255) NULL DEFAULT NULL,
                                     `START_ACT_ID_` varchar(255) NULL DEFAULT NULL,
                                     `START_TIME_` datetime(3) NULL DEFAULT NULL,
                                     `START_USER_ID_` varchar(255) NULL DEFAULT NULL,
                                     `LOCK_TIME_` timestamp(3) NULL DEFAULT NULL,
                                     `IS_COUNT_ENABLED_` tinyint(4) NULL DEFAULT NULL,
                                     `EVT_SUBSCR_COUNT_` int(11) NULL DEFAULT NULL,
                                     `TASK_COUNT_` int(11) NULL DEFAULT NULL,
                                     `JOB_COUNT_` int(11) NULL DEFAULT NULL,
                                     `TIMER_JOB_COUNT_` int(11) NULL DEFAULT NULL,
                                     `SUSP_JOB_COUNT_` int(11) NULL DEFAULT NULL,
                                     `DEADLETTER_JOB_COUNT_` int(11) NULL DEFAULT NULL,
                                     `VAR_COUNT_` int(11) NULL DEFAULT NULL,
                                     `ID_LINK_COUNT_` int(11) NULL DEFAULT NULL,
                                     `CALLBACK_ID_` varchar(255) NULL DEFAULT NULL,
                                     `CALLBACK_TYPE_` varchar(255) NULL DEFAULT NULL,
                                     `REFERENCE_ID_` varchar(255) NULL DEFAULT NULL,
                                     `REFERENCE_TYPE_` varchar(255) NULL DEFAULT NULL,
                                     `PROPAGATED_STAGE_INST_ID_` varchar(255) NULL DEFAULT NULL,
                                     PRIMARY KEY (`ID_`) USING BTREE,
                                     INDEX `ACT_IDX_EXEC_BUSKEY`(`BUSINESS_KEY_`) USING BTREE,
                                     INDEX `ACT_IDC_EXEC_ROOT`(`ROOT_PROC_INST_ID_`) USING BTREE,
                                     INDEX `ACT_FK_EXE_PROCINST`(`PROC_INST_ID_`) USING BTREE,
                                     INDEX `ACT_FK_EXE_PARENT`(`PARENT_ID_`) USING BTREE,
                                     INDEX `ACT_FK_EXE_SUPER`(`SUPER_EXEC_`) USING BTREE,
                                     INDEX `ACT_FK_EXE_PROCDEF`(`PROC_DEF_ID_`) USING BTREE,
                                     CONSTRAINT `ACT_FK_EXE_PARENT` FOREIGN KEY (`PARENT_ID_`) REFERENCES `act_ru_execution` (`ID_`) ON DELETE CASCADE ON UPDATE RESTRICT,
                                     CONSTRAINT `ACT_FK_EXE_PROCDEF` FOREIGN KEY (`PROC_DEF_ID_`) REFERENCES `act_re_procdef` (`ID_`) ON DELETE RESTRICT ON UPDATE RESTRICT,
                                     CONSTRAINT `ACT_FK_EXE_PROCINST` FOREIGN KEY (`PROC_INST_ID_`) REFERENCES `act_ru_execution` (`ID_`) ON DELETE CASCADE ON UPDATE CASCADE,
                                     CONSTRAINT `ACT_FK_EXE_SUPER` FOREIGN KEY (`SUPER_EXEC_`) REFERENCES `act_ru_execution` (`ID_`) ON DELETE CASCADE ON UPDATE RESTRICT
) ENGINE = InnoDB  ROW_FORMAT = Dynamic;

-- ----------------------------
-- Records of act_ru_execution
-- ----------------------------
INSERT INTO `act_ru_execution` VALUES ('b0d9b42a-95c7-11eb-ba86-00e04c1b045a', 1, 'b0d9b42a-95c7-11eb-ba86-00e04c1b045a', NULL, NULL, 'Process_1j3wmm0:3:57b4cfb9-95c7-11eb-ba86-00e04c1b045a', NULL, 'b0d9b42a-95c7-11eb-ba86-00e04c1b045a', NULL, 1, 0, 1, 0, 0, 1, NULL, '', NULL, 'StartEvent_0924kj6', '2021-04-05 12:30:46.302', '1', NULL, 1, 0, 0, 0, 0, 0, 0, 0, 0, NULL, NULL, NULL, NULL, NULL);
INSERT INTO `act_ru_execution` VALUES ('b0da777f-95c7-11eb-ba86-00e04c1b045a', 2, 'b0d9b42a-95c7-11eb-ba86-00e04c1b045a', NULL, 'b0d9b42a-95c7-11eb-ba86-00e04c1b045a', 'Process_1j3wmm0:3:57b4cfb9-95c7-11eb-ba86-00e04c1b045a', NULL, 'b0d9b42a-95c7-11eb-ba86-00e04c1b045a', 'Activity_0nr9sh5', 1, 0, 0, 0, 0, 1, NULL, '', NULL, NULL, '2021-04-05 12:30:46.307', NULL, NULL, 1, 0, 1, 0, 0, 0, 0, 0, 0, NULL, NULL, NULL, NULL, NULL);

-- ----------------------------
-- Table structure for act_ru_history_job
-- ----------------------------
DROP TABLE IF EXISTS `act_ru_history_job`;
CREATE TABLE `act_ru_history_job`  (
                                       `ID_` varchar(64) NOT NULL,
                                       `REV_` int(11) NULL DEFAULT NULL,
                                       `LOCK_EXP_TIME_` timestamp(3) NULL DEFAULT NULL,
                                       `LOCK_OWNER_` varchar(255) NULL DEFAULT NULL,
                                       `RETRIES_` int(11) NULL DEFAULT NULL,
                                       `EXCEPTION_STACK_ID_` varchar(64) NULL DEFAULT NULL,
                                       `EXCEPTION_MSG_` varchar(4000) NULL DEFAULT NULL,
                                       `HANDLER_TYPE_` varchar(255) NULL DEFAULT NULL,
                                       `HANDLER_CFG_` varchar(4000) NULL DEFAULT NULL,
                                       `CUSTOM_VALUES_ID_` varchar(64) NULL DEFAULT NULL,
                                       `ADV_HANDLER_CFG_ID_` varchar(64) NULL DEFAULT NULL,
                                       `CREATE_TIME_` timestamp(3) NULL DEFAULT NULL,
                                       `SCOPE_TYPE_` varchar(255) NULL DEFAULT NULL,
                                       `TENANT_ID_` varchar(255) NULL DEFAULT '',
                                       PRIMARY KEY (`ID_`) USING BTREE
) ENGINE = InnoDB  ROW_FORMAT = Dynamic;

-- ----------------------------
-- Records of act_ru_history_job
-- ----------------------------

-- ----------------------------
-- Table structure for act_ru_identitylink
-- ----------------------------
DROP TABLE IF EXISTS `act_ru_identitylink`;
CREATE TABLE `act_ru_identitylink`  (
                                        `ID_` varchar(64) NOT NULL,
                                        `REV_` int(11) NULL DEFAULT NULL,
                                        `GROUP_ID_` varchar(255) NULL DEFAULT NULL,
                                        `TYPE_` varchar(255) NULL DEFAULT NULL,
                                        `USER_ID_` varchar(255) NULL DEFAULT NULL,
                                        `TASK_ID_` varchar(64) NULL DEFAULT NULL,
                                        `PROC_INST_ID_` varchar(64) NULL DEFAULT NULL,
                                        `PROC_DEF_ID_` varchar(64) NULL DEFAULT NULL,
                                        `SCOPE_ID_` varchar(255) NULL DEFAULT NULL,
                                        `SUB_SCOPE_ID_` varchar(255) NULL DEFAULT NULL,
                                        `SCOPE_TYPE_` varchar(255) NULL DEFAULT NULL,
                                        `SCOPE_DEFINITION_ID_` varchar(255) NULL DEFAULT NULL,
                                        PRIMARY KEY (`ID_`) USING BTREE,
                                        INDEX `ACT_IDX_IDENT_LNK_USER`(`USER_ID_`) USING BTREE,
                                        INDEX `ACT_IDX_IDENT_LNK_GROUP`(`GROUP_ID_`) USING BTREE,
                                        INDEX `ACT_IDX_IDENT_LNK_SCOPE`(`SCOPE_ID_`, `SCOPE_TYPE_`) USING BTREE,
                                        INDEX `ACT_IDX_IDENT_LNK_SUB_SCOPE`(`SUB_SCOPE_ID_`, `SCOPE_TYPE_`) USING BTREE,
                                        INDEX `ACT_IDX_IDENT_LNK_SCOPE_DEF`(`SCOPE_DEFINITION_ID_`, `SCOPE_TYPE_`) USING BTREE,
                                        INDEX `ACT_IDX_ATHRZ_PROCEDEF`(`PROC_DEF_ID_`) USING BTREE,
                                        INDEX `ACT_FK_TSKASS_TASK`(`TASK_ID_`) USING BTREE,
                                        INDEX `ACT_FK_IDL_PROCINST`(`PROC_INST_ID_`) USING BTREE,
                                        CONSTRAINT `ACT_FK_ATHRZ_PROCEDEF` FOREIGN KEY (`PROC_DEF_ID_`) REFERENCES `act_re_procdef` (`ID_`) ON DELETE RESTRICT ON UPDATE RESTRICT,
                                        CONSTRAINT `ACT_FK_IDL_PROCINST` FOREIGN KEY (`PROC_INST_ID_`) REFERENCES `act_ru_execution` (`ID_`) ON DELETE RESTRICT ON UPDATE RESTRICT,
                                        CONSTRAINT `ACT_FK_TSKASS_TASK` FOREIGN KEY (`TASK_ID_`) REFERENCES `act_ru_task` (`ID_`) ON DELETE RESTRICT ON UPDATE RESTRICT
) ENGINE = InnoDB  ROW_FORMAT = Dynamic;

-- ----------------------------
-- Records of act_ru_identitylink
-- ----------------------------
INSERT INTO `act_ru_identitylink` VALUES ('b0d9b42b-95c7-11eb-ba86-00e04c1b045a', 1, NULL, 'starter', '1', NULL, 'b0d9b42a-95c7-11eb-ba86-00e04c1b045a', NULL, NULL, NULL, NULL, NULL);
INSERT INTO `act_ru_identitylink` VALUES ('b0db13c5-95c7-11eb-ba86-00e04c1b045a', 1, NULL, 'participant', '1', NULL, 'b0d9b42a-95c7-11eb-ba86-00e04c1b045a', NULL, NULL, NULL, NULL, NULL);
INSERT INTO `act_ru_identitylink` VALUES ('b0db3ad7-95c7-11eb-ba86-00e04c1b045a', 1, NULL, 'participant', '2', NULL, 'b0d9b42a-95c7-11eb-ba86-00e04c1b045a', NULL, NULL, NULL, NULL, NULL);
INSERT INTO `act_ru_identitylink` VALUES ('b0db3ad9-95c7-11eb-ba86-00e04c1b045a', 1, NULL, 'participant', '100', NULL, 'b0d9b42a-95c7-11eb-ba86-00e04c1b045a', NULL, NULL, NULL, NULL, NULL);

-- ----------------------------
-- Table structure for act_ru_job
-- ----------------------------
DROP TABLE IF EXISTS `act_ru_job`;
CREATE TABLE `act_ru_job`  (
                               `ID_` varchar(64) NOT NULL,
                               `REV_` int(11) NULL DEFAULT NULL,
                               `TYPE_` varchar(255) NOT NULL,
                               `LOCK_EXP_TIME_` timestamp(3) NULL DEFAULT NULL,
                               `LOCK_OWNER_` varchar(255) NULL DEFAULT NULL,
                               `EXCLUSIVE_` tinyint(1) NULL DEFAULT NULL,
                               `EXECUTION_ID_` varchar(64) NULL DEFAULT NULL,
                               `PROCESS_INSTANCE_ID_` varchar(64) NULL DEFAULT NULL,
                               `PROC_DEF_ID_` varchar(64) NULL DEFAULT NULL,
                               `ELEMENT_ID_` varchar(255) NULL DEFAULT NULL,
                               `ELEMENT_NAME_` varchar(255) NULL DEFAULT NULL,
                               `SCOPE_ID_` varchar(255) NULL DEFAULT NULL,
                               `SUB_SCOPE_ID_` varchar(255) NULL DEFAULT NULL,
                               `SCOPE_TYPE_` varchar(255) NULL DEFAULT NULL,
                               `SCOPE_DEFINITION_ID_` varchar(255) NULL DEFAULT NULL,
                               `RETRIES_` int(11) NULL DEFAULT NULL,
                               `EXCEPTION_STACK_ID_` varchar(64) NULL DEFAULT NULL,
                               `EXCEPTION_MSG_` varchar(4000) NULL DEFAULT NULL,
                               `DUEDATE_` timestamp(3) NULL DEFAULT NULL,
                               `REPEAT_` varchar(255) NULL DEFAULT NULL,
                               `HANDLER_TYPE_` varchar(255) NULL DEFAULT NULL,
                               `HANDLER_CFG_` varchar(4000) NULL DEFAULT NULL,
                               `CUSTOM_VALUES_ID_` varchar(64) NULL DEFAULT NULL,
                               `CREATE_TIME_` timestamp(3) NULL DEFAULT NULL,
                               `TENANT_ID_` varchar(255) NULL DEFAULT '',
                               PRIMARY KEY (`ID_`) USING BTREE,
                               INDEX `ACT_IDX_JOB_EXCEPTION_STACK_ID`(`EXCEPTION_STACK_ID_`) USING BTREE,
                               INDEX `ACT_IDX_JOB_CUSTOM_VALUES_ID`(`CUSTOM_VALUES_ID_`) USING BTREE,
                               INDEX `ACT_IDX_JOB_SCOPE`(`SCOPE_ID_`, `SCOPE_TYPE_`) USING BTREE,
                               INDEX `ACT_IDX_JOB_SUB_SCOPE`(`SUB_SCOPE_ID_`, `SCOPE_TYPE_`) USING BTREE,
                               INDEX `ACT_IDX_JOB_SCOPE_DEF`(`SCOPE_DEFINITION_ID_`, `SCOPE_TYPE_`) USING BTREE,
                               INDEX `ACT_FK_JOB_EXECUTION`(`EXECUTION_ID_`) USING BTREE,
                               INDEX `ACT_FK_JOB_PROCESS_INSTANCE`(`PROCESS_INSTANCE_ID_`) USING BTREE,
                               INDEX `ACT_FK_JOB_PROC_DEF`(`PROC_DEF_ID_`) USING BTREE,
                               CONSTRAINT `ACT_FK_JOB_CUSTOM_VALUES` FOREIGN KEY (`CUSTOM_VALUES_ID_`) REFERENCES `act_ge_bytearray` (`ID_`) ON DELETE RESTRICT ON UPDATE RESTRICT,
                               CONSTRAINT `ACT_FK_JOB_EXCEPTION` FOREIGN KEY (`EXCEPTION_STACK_ID_`) REFERENCES `act_ge_bytearray` (`ID_`) ON DELETE RESTRICT ON UPDATE RESTRICT,
                               CONSTRAINT `ACT_FK_JOB_EXECUTION` FOREIGN KEY (`EXECUTION_ID_`) REFERENCES `act_ru_execution` (`ID_`) ON DELETE RESTRICT ON UPDATE RESTRICT,
                               CONSTRAINT `ACT_FK_JOB_PROCESS_INSTANCE` FOREIGN KEY (`PROCESS_INSTANCE_ID_`) REFERENCES `act_ru_execution` (`ID_`) ON DELETE RESTRICT ON UPDATE RESTRICT,
                               CONSTRAINT `ACT_FK_JOB_PROC_DEF` FOREIGN KEY (`PROC_DEF_ID_`) REFERENCES `act_re_procdef` (`ID_`) ON DELETE RESTRICT ON UPDATE RESTRICT
) ENGINE = InnoDB  ROW_FORMAT = Dynamic;

-- ----------------------------
-- Records of act_ru_job
-- ----------------------------

-- ----------------------------
-- Table structure for act_ru_suspended_job
-- ----------------------------
DROP TABLE IF EXISTS `act_ru_suspended_job`;
CREATE TABLE `act_ru_suspended_job`  (
                                         `ID_` varchar(64) NOT NULL,
                                         `REV_` int(11) NULL DEFAULT NULL,
                                         `TYPE_` varchar(255) NOT NULL,
                                         `EXCLUSIVE_` tinyint(1) NULL DEFAULT NULL,
                                         `EXECUTION_ID_` varchar(64) NULL DEFAULT NULL,
                                         `PROCESS_INSTANCE_ID_` varchar(64) NULL DEFAULT NULL,
                                         `PROC_DEF_ID_` varchar(64) NULL DEFAULT NULL,
                                         `ELEMENT_ID_` varchar(255) NULL DEFAULT NULL,
                                         `ELEMENT_NAME_` varchar(255) NULL DEFAULT NULL,
                                         `SCOPE_ID_` varchar(255) NULL DEFAULT NULL,
                                         `SUB_SCOPE_ID_` varchar(255) NULL DEFAULT NULL,
                                         `SCOPE_TYPE_` varchar(255) NULL DEFAULT NULL,
                                         `SCOPE_DEFINITION_ID_` varchar(255) NULL DEFAULT NULL,
                                         `RETRIES_` int(11) NULL DEFAULT NULL,
                                         `EXCEPTION_STACK_ID_` varchar(64) NULL DEFAULT NULL,
                                         `EXCEPTION_MSG_` varchar(4000) NULL DEFAULT NULL,
                                         `DUEDATE_` timestamp(3) NULL DEFAULT NULL,
                                         `REPEAT_` varchar(255) NULL DEFAULT NULL,
                                         `HANDLER_TYPE_` varchar(255) NULL DEFAULT NULL,
                                         `HANDLER_CFG_` varchar(4000) NULL DEFAULT NULL,
                                         `CUSTOM_VALUES_ID_` varchar(64) NULL DEFAULT NULL,
                                         `CREATE_TIME_` timestamp(3) NULL DEFAULT NULL,
                                         `TENANT_ID_` varchar(255) NULL DEFAULT '',
                                         PRIMARY KEY (`ID_`) USING BTREE,
                                         INDEX `ACT_IDX_SUSPENDED_JOB_EXCEPTION_STACK_ID`(`EXCEPTION_STACK_ID_`) USING BTREE,
                                         INDEX `ACT_IDX_SUSPENDED_JOB_CUSTOM_VALUES_ID`(`CUSTOM_VALUES_ID_`) USING BTREE,
                                         INDEX `ACT_IDX_SJOB_SCOPE`(`SCOPE_ID_`, `SCOPE_TYPE_`) USING BTREE,
                                         INDEX `ACT_IDX_SJOB_SUB_SCOPE`(`SUB_SCOPE_ID_`, `SCOPE_TYPE_`) USING BTREE,
                                         INDEX `ACT_IDX_SJOB_SCOPE_DEF`(`SCOPE_DEFINITION_ID_`, `SCOPE_TYPE_`) USING BTREE,
                                         INDEX `ACT_FK_SUSPENDED_JOB_EXECUTION`(`EXECUTION_ID_`) USING BTREE,
                                         INDEX `ACT_FK_SUSPENDED_JOB_PROCESS_INSTANCE`(`PROCESS_INSTANCE_ID_`) USING BTREE,
                                         INDEX `ACT_FK_SUSPENDED_JOB_PROC_DEF`(`PROC_DEF_ID_`) USING BTREE,
                                         CONSTRAINT `ACT_FK_SUSPENDED_JOB_CUSTOM_VALUES` FOREIGN KEY (`CUSTOM_VALUES_ID_`) REFERENCES `act_ge_bytearray` (`ID_`) ON DELETE RESTRICT ON UPDATE RESTRICT,
                                         CONSTRAINT `ACT_FK_SUSPENDED_JOB_EXCEPTION` FOREIGN KEY (`EXCEPTION_STACK_ID_`) REFERENCES `act_ge_bytearray` (`ID_`) ON DELETE RESTRICT ON UPDATE RESTRICT,
                                         CONSTRAINT `ACT_FK_SUSPENDED_JOB_EXECUTION` FOREIGN KEY (`EXECUTION_ID_`) REFERENCES `act_ru_execution` (`ID_`) ON DELETE RESTRICT ON UPDATE RESTRICT,
                                         CONSTRAINT `ACT_FK_SUSPENDED_JOB_PROCESS_INSTANCE` FOREIGN KEY (`PROCESS_INSTANCE_ID_`) REFERENCES `act_ru_execution` (`ID_`) ON DELETE RESTRICT ON UPDATE RESTRICT,
                                         CONSTRAINT `ACT_FK_SUSPENDED_JOB_PROC_DEF` FOREIGN KEY (`PROC_DEF_ID_`) REFERENCES `act_re_procdef` (`ID_`) ON DELETE RESTRICT ON UPDATE RESTRICT
) ENGINE = InnoDB  ROW_FORMAT = Dynamic;

-- ----------------------------
-- Records of act_ru_suspended_job
-- ----------------------------

-- ----------------------------
-- Table structure for act_ru_task
-- ----------------------------
DROP TABLE IF EXISTS `act_ru_task`;
CREATE TABLE `act_ru_task`  (
                                `ID_` varchar(64) NOT NULL,
                                `REV_` int(11) NULL DEFAULT NULL,
                                `EXECUTION_ID_` varchar(64) NULL DEFAULT NULL,
                                `PROC_INST_ID_` varchar(64) NULL DEFAULT NULL,
                                `PROC_DEF_ID_` varchar(64) NULL DEFAULT NULL,
                                `TASK_DEF_ID_` varchar(64) NULL DEFAULT NULL,
                                `SCOPE_ID_` varchar(255) NULL DEFAULT NULL,
                                `SUB_SCOPE_ID_` varchar(255) NULL DEFAULT NULL,
                                `SCOPE_TYPE_` varchar(255) NULL DEFAULT NULL,
                                `SCOPE_DEFINITION_ID_` varchar(255) NULL DEFAULT NULL,
                                `PROPAGATED_STAGE_INST_ID_` varchar(255) NULL DEFAULT NULL,
                                `NAME_` varchar(255) NULL DEFAULT NULL,
                                `PARENT_TASK_ID_` varchar(64) NULL DEFAULT NULL,
                                `DESCRIPTION_` varchar(4000) NULL DEFAULT NULL,
                                `TASK_DEF_KEY_` varchar(255) NULL DEFAULT NULL,
                                `OWNER_` varchar(255) NULL DEFAULT NULL,
                                `ASSIGNEE_` varchar(255) NULL DEFAULT NULL,
                                `DELEGATION_` varchar(64) NULL DEFAULT NULL,
                                `PRIORITY_` int(11) NULL DEFAULT NULL,
                                `CREATE_TIME_` timestamp(3) NULL DEFAULT NULL,
                                `DUE_DATE_` datetime(3) NULL DEFAULT NULL,
                                `CATEGORY_` varchar(255) NULL DEFAULT NULL,
                                `SUSPENSION_STATE_` int(11) NULL DEFAULT NULL,
                                `TENANT_ID_` varchar(255) NULL DEFAULT '',
                                `FORM_KEY_` varchar(255) NULL DEFAULT NULL,
                                `CLAIM_TIME_` datetime(3) NULL DEFAULT NULL,
                                `IS_COUNT_ENABLED_` tinyint(4) NULL DEFAULT NULL,
                                `VAR_COUNT_` int(11) NULL DEFAULT NULL,
                                `ID_LINK_COUNT_` int(11) NULL DEFAULT NULL,
                                `SUB_TASK_COUNT_` int(11) NULL DEFAULT NULL,
                                PRIMARY KEY (`ID_`) USING BTREE,
                                INDEX `ACT_IDX_TASK_CREATE`(`CREATE_TIME_`) USING BTREE,
                                INDEX `ACT_IDX_TASK_SCOPE`(`SCOPE_ID_`, `SCOPE_TYPE_`) USING BTREE,
                                INDEX `ACT_IDX_TASK_SUB_SCOPE`(`SUB_SCOPE_ID_`, `SCOPE_TYPE_`) USING BTREE,
                                INDEX `ACT_IDX_TASK_SCOPE_DEF`(`SCOPE_DEFINITION_ID_`, `SCOPE_TYPE_`) USING BTREE,
                                INDEX `ACT_FK_TASK_EXE`(`EXECUTION_ID_`) USING BTREE,
                                INDEX `ACT_FK_TASK_PROCINST`(`PROC_INST_ID_`) USING BTREE,
                                INDEX `ACT_FK_TASK_PROCDEF`(`PROC_DEF_ID_`) USING BTREE,
                                CONSTRAINT `ACT_FK_TASK_EXE` FOREIGN KEY (`EXECUTION_ID_`) REFERENCES `act_ru_execution` (`ID_`) ON DELETE RESTRICT ON UPDATE RESTRICT,
                                CONSTRAINT `ACT_FK_TASK_PROCDEF` FOREIGN KEY (`PROC_DEF_ID_`) REFERENCES `act_re_procdef` (`ID_`) ON DELETE RESTRICT ON UPDATE RESTRICT,
                                CONSTRAINT `ACT_FK_TASK_PROCINST` FOREIGN KEY (`PROC_INST_ID_`) REFERENCES `act_ru_execution` (`ID_`) ON DELETE RESTRICT ON UPDATE RESTRICT
) ENGINE = InnoDB  ROW_FORMAT = Dynamic;

-- ----------------------------
-- Records of act_ru_task
-- ----------------------------
INSERT INTO `act_ru_task` VALUES ('0745c0a0-95d0-11eb-a17a-00e04c1b045a', 1, 'b0da777f-95c7-11eb-ba86-00e04c1b045a', 'b0d9b42a-95c7-11eb-ba86-00e04c1b045a', 'Process_1j3wmm0:3:57b4cfb9-95c7-11eb-ba86-00e04c1b045a', NULL, NULL, NULL, NULL, NULL, NULL, '经理审批', NULL, NULL, 'Activity_0nr9sh5', NULL, '2', NULL, 50, '2021-04-05 13:30:27.239', NULL, NULL, 1, '', NULL, NULL, 1, 0, 0, 0);

-- ----------------------------
-- Table structure for act_ru_timer_job
-- ----------------------------
DROP TABLE IF EXISTS `act_ru_timer_job`;
CREATE TABLE `act_ru_timer_job`  (
                                     `ID_` varchar(64) NOT NULL,
                                     `REV_` int(11) NULL DEFAULT NULL,
                                     `TYPE_` varchar(255) NOT NULL,
                                     `LOCK_EXP_TIME_` timestamp(3) NULL DEFAULT NULL,
                                     `LOCK_OWNER_` varchar(255) NULL DEFAULT NULL,
                                     `EXCLUSIVE_` tinyint(1) NULL DEFAULT NULL,
                                     `EXECUTION_ID_` varchar(64) NULL DEFAULT NULL,
                                     `PROCESS_INSTANCE_ID_` varchar(64) NULL DEFAULT NULL,
                                     `PROC_DEF_ID_` varchar(64) NULL DEFAULT NULL,
                                     `ELEMENT_ID_` varchar(255) NULL DEFAULT NULL,
                                     `ELEMENT_NAME_` varchar(255) NULL DEFAULT NULL,
                                     `SCOPE_ID_` varchar(255) NULL DEFAULT NULL,
                                     `SUB_SCOPE_ID_` varchar(255) NULL DEFAULT NULL,
                                     `SCOPE_TYPE_` varchar(255) NULL DEFAULT NULL,
                                     `SCOPE_DEFINITION_ID_` varchar(255) NULL DEFAULT NULL,
                                     `RETRIES_` int(11) NULL DEFAULT NULL,
                                     `EXCEPTION_STACK_ID_` varchar(64) NULL DEFAULT NULL,
                                     `EXCEPTION_MSG_` varchar(4000) NULL DEFAULT NULL,
                                     `DUEDATE_` timestamp(3) NULL DEFAULT NULL,
                                     `REPEAT_` varchar(255) NULL DEFAULT NULL,
                                     `HANDLER_TYPE_` varchar(255) NULL DEFAULT NULL,
                                     `HANDLER_CFG_` varchar(4000) NULL DEFAULT NULL,
                                     `CUSTOM_VALUES_ID_` varchar(64) NULL DEFAULT NULL,
                                     `CREATE_TIME_` timestamp(3) NULL DEFAULT NULL,
                                     `TENANT_ID_` varchar(255) NULL DEFAULT '',
                                     PRIMARY KEY (`ID_`) USING BTREE,
                                     INDEX `ACT_IDX_TIMER_JOB_EXCEPTION_STACK_ID`(`EXCEPTION_STACK_ID_`) USING BTREE,
                                     INDEX `ACT_IDX_TIMER_JOB_CUSTOM_VALUES_ID`(`CUSTOM_VALUES_ID_`) USING BTREE,
                                     INDEX `ACT_IDX_TJOB_SCOPE`(`SCOPE_ID_`, `SCOPE_TYPE_`) USING BTREE,
                                     INDEX `ACT_IDX_TJOB_SUB_SCOPE`(`SUB_SCOPE_ID_`, `SCOPE_TYPE_`) USING BTREE,
                                     INDEX `ACT_IDX_TJOB_SCOPE_DEF`(`SCOPE_DEFINITION_ID_`, `SCOPE_TYPE_`) USING BTREE,
                                     INDEX `ACT_FK_TIMER_JOB_EXECUTION`(`EXECUTION_ID_`) USING BTREE,
                                     INDEX `ACT_FK_TIMER_JOB_PROCESS_INSTANCE`(`PROCESS_INSTANCE_ID_`) USING BTREE,
                                     INDEX `ACT_FK_TIMER_JOB_PROC_DEF`(`PROC_DEF_ID_`) USING BTREE,
                                     CONSTRAINT `ACT_FK_TIMER_JOB_CUSTOM_VALUES` FOREIGN KEY (`CUSTOM_VALUES_ID_`) REFERENCES `act_ge_bytearray` (`ID_`) ON DELETE RESTRICT ON UPDATE RESTRICT,
                                     CONSTRAINT `ACT_FK_TIMER_JOB_EXCEPTION` FOREIGN KEY (`EXCEPTION_STACK_ID_`) REFERENCES `act_ge_bytearray` (`ID_`) ON DELETE RESTRICT ON UPDATE RESTRICT,
                                     CONSTRAINT `ACT_FK_TIMER_JOB_EXECUTION` FOREIGN KEY (`EXECUTION_ID_`) REFERENCES `act_ru_execution` (`ID_`) ON DELETE RESTRICT ON UPDATE RESTRICT,
                                     CONSTRAINT `ACT_FK_TIMER_JOB_PROCESS_INSTANCE` FOREIGN KEY (`PROCESS_INSTANCE_ID_`) REFERENCES `act_ru_execution` (`ID_`) ON DELETE RESTRICT ON UPDATE RESTRICT,
                                     CONSTRAINT `ACT_FK_TIMER_JOB_PROC_DEF` FOREIGN KEY (`PROC_DEF_ID_`) REFERENCES `act_re_procdef` (`ID_`) ON DELETE RESTRICT ON UPDATE RESTRICT
) ENGINE = InnoDB  ROW_FORMAT = Dynamic;

-- ----------------------------
-- Records of act_ru_timer_job
-- ----------------------------

-- ----------------------------
-- Table structure for act_ru_variable
-- ----------------------------
DROP TABLE IF EXISTS `act_ru_variable`;
CREATE TABLE `act_ru_variable`  (
                                    `ID_` varchar(64) NOT NULL,
                                    `REV_` int(11) NULL DEFAULT NULL,
                                    `TYPE_` varchar(255) NOT NULL,
                                    `NAME_` varchar(255) NOT NULL,
                                    `EXECUTION_ID_` varchar(64) NULL DEFAULT NULL,
                                    `PROC_INST_ID_` varchar(64) NULL DEFAULT NULL,
                                    `TASK_ID_` varchar(64) NULL DEFAULT NULL,
                                    `SCOPE_ID_` varchar(255) NULL DEFAULT NULL,
                                    `SUB_SCOPE_ID_` varchar(255) NULL DEFAULT NULL,
                                    `SCOPE_TYPE_` varchar(255) NULL DEFAULT NULL,
                                    `BYTEARRAY_ID_` varchar(64) NULL DEFAULT NULL,
                                    `DOUBLE_` double NULL DEFAULT NULL,
                                    `LONG_` bigint(20) NULL DEFAULT NULL,
                                    `TEXT_` varchar(4000) NULL DEFAULT NULL,
                                    `TEXT2_` varchar(4000) NULL DEFAULT NULL,
                                    PRIMARY KEY (`ID_`) USING BTREE,
                                    INDEX `ACT_IDX_RU_VAR_SCOPE_ID_TYPE`(`SCOPE_ID_`, `SCOPE_TYPE_`) USING BTREE,
                                    INDEX `ACT_IDX_RU_VAR_SUB_ID_TYPE`(`SUB_SCOPE_ID_`, `SCOPE_TYPE_`) USING BTREE,
                                    INDEX `ACT_FK_VAR_BYTEARRAY`(`BYTEARRAY_ID_`) USING BTREE,
                                    INDEX `ACT_IDX_VARIABLE_TASK_ID`(`TASK_ID_`) USING BTREE,
                                    INDEX `ACT_FK_VAR_EXE`(`EXECUTION_ID_`) USING BTREE,
                                    INDEX `ACT_FK_VAR_PROCINST`(`PROC_INST_ID_`) USING BTREE,
                                    CONSTRAINT `ACT_FK_VAR_BYTEARRAY` FOREIGN KEY (`BYTEARRAY_ID_`) REFERENCES `act_ge_bytearray` (`ID_`) ON DELETE RESTRICT ON UPDATE RESTRICT,
                                    CONSTRAINT `ACT_FK_VAR_EXE` FOREIGN KEY (`EXECUTION_ID_`) REFERENCES `act_ru_execution` (`ID_`) ON DELETE RESTRICT ON UPDATE RESTRICT,
                                    CONSTRAINT `ACT_FK_VAR_PROCINST` FOREIGN KEY (`PROC_INST_ID_`) REFERENCES `act_ru_execution` (`ID_`) ON DELETE RESTRICT ON UPDATE RESTRICT
) ENGINE = InnoDB  ROW_FORMAT = Dynamic;

-- ----------------------------
-- Records of act_ru_variable
-- ----------------------------
INSERT INTO `act_ru_variable` VALUES ('b0d9db3d-95c7-11eb-ba86-00e04c1b045a', 1, 'serializable', 'variables', 'b0d9b42a-95c7-11eb-ba86-00e04c1b045a', 'b0d9b42a-95c7-11eb-ba86-00e04c1b045a', NULL, NULL, NULL, NULL, 'b0d9db3c-95c7-11eb-ba86-00e04c1b045a', NULL, NULL, NULL, NULL);

-- ----------------------------
-- Table structure for flw_channel_definition
-- ----------------------------
DROP TABLE IF EXISTS `flw_channel_definition`;
CREATE TABLE `flw_channel_definition`  (
                                           `ID_` varchar(255) NOT NULL,
                                           `NAME_` varchar(255) NULL DEFAULT NULL,
                                           `VERSION_` int(11) NULL DEFAULT NULL,
                                           `KEY_` varchar(255) NULL DEFAULT NULL,
                                           `CATEGORY_` varchar(255) NULL DEFAULT NULL,
                                           `DEPLOYMENT_ID_` varchar(255) NULL DEFAULT NULL,
                                           `CREATE_TIME_` datetime(3) NULL DEFAULT NULL,
                                           `TENANT_ID_` varchar(255) NULL DEFAULT NULL,
                                           `RESOURCE_NAME_` varchar(255) NULL DEFAULT NULL,
                                           `DESCRIPTION_` varchar(255) NULL DEFAULT NULL,
                                           PRIMARY KEY (`ID_`) USING BTREE,
                                           UNIQUE INDEX `ACT_IDX_CHANNEL_DEF_UNIQ`(`KEY_`, `VERSION_`, `TENANT_ID_`) USING BTREE
) ENGINE = InnoDB ROW_FORMAT = Dynamic;

-- ----------------------------
-- Records of flw_channel_definition
-- ----------------------------

-- ----------------------------
-- Table structure for flw_ev_databasechangelog
-- ----------------------------
DROP TABLE IF EXISTS `flw_ev_databasechangelog`;
CREATE TABLE `flw_ev_databasechangelog`  (
                                             `ID` varchar(255) NOT NULL,
                                             `AUTHOR` varchar(255) NOT NULL,
                                             `FILENAME` varchar(255) NOT NULL,
                                             `DATEEXECUTED` datetime(0) NOT NULL,
                                             `ORDEREXECUTED` int(11) NOT NULL,
                                             `EXECTYPE` varchar(10) NOT NULL,
                                             `MD5SUM` varchar(35) NULL DEFAULT NULL,
                                             `DESCRIPTION` varchar(255) NULL DEFAULT NULL,
                                             `COMMENTS` varchar(255) NULL DEFAULT NULL,
                                             `TAG` varchar(255) NULL DEFAULT NULL,
                                             `LIQUIBASE` varchar(20) NULL DEFAULT NULL,
                                             `CONTEXTS` varchar(255) NULL DEFAULT NULL,
                                             `LABELS` varchar(255) NULL DEFAULT NULL,
                                             `DEPLOYMENT_ID` varchar(10) NULL DEFAULT NULL
) ENGINE = InnoDB ROW_FORMAT = Dynamic;

-- ----------------------------
-- Records of flw_ev_databasechangelog
-- ----------------------------
INSERT INTO `flw_ev_databasechangelog` VALUES ('1', 'flowable', 'org/flowable/eventregistry/db/liquibase/flowable-eventregistry-db-changelog.xml', '2021-03-26 10:25:25', 1, 'EXECUTED', '8:1b0c48c9cf7945be799d868a2626d687', 'createTable tableName=FLW_EVENT_DEPLOYMENT; createTable tableName=FLW_EVENT_RESOURCE; createTable tableName=FLW_EVENT_DEFINITION; createIndex indexName=ACT_IDX_EVENT_DEF_UNIQ, tableName=FLW_EVENT_DEFINITION; createTable tableName=FLW_CHANNEL_DEFIN...', '', NULL, '3.8.9', NULL, NULL, '6725525524');

-- ----------------------------
-- Table structure for flw_ev_databasechangeloglock
-- ----------------------------
DROP TABLE IF EXISTS `flw_ev_databasechangeloglock`;
CREATE TABLE `flw_ev_databasechangeloglock`  (
                                                 `ID` int(11) NOT NULL,
                                                 `LOCKED` bit(1) NOT NULL,
                                                 `LOCKGRANTED` datetime(0) NULL DEFAULT NULL,
                                                 `LOCKEDBY` varchar(255) NULL DEFAULT NULL,
                                                 PRIMARY KEY (`ID`) USING BTREE
) ENGINE = InnoDB ROW_FORMAT = Dynamic;

-- ----------------------------
-- Records of flw_ev_databasechangeloglock
-- ----------------------------
INSERT INTO `flw_ev_databasechangeloglock` VALUES (1, b'0', NULL, NULL);

-- ----------------------------
-- Table structure for flw_event_definition
-- ----------------------------
DROP TABLE IF EXISTS `flw_event_definition`;
CREATE TABLE `flw_event_definition`  (
                                         `ID_` varchar(255) NOT NULL,
                                         `NAME_` varchar(255) NULL DEFAULT NULL,
                                         `VERSION_` int(11) NULL DEFAULT NULL,
                                         `KEY_` varchar(255) NULL DEFAULT NULL,
                                         `CATEGORY_` varchar(255) NULL DEFAULT NULL,
                                         `DEPLOYMENT_ID_` varchar(255) NULL DEFAULT NULL,
                                         `TENANT_ID_` varchar(255) NULL DEFAULT NULL,
                                         `RESOURCE_NAME_` varchar(255) NULL DEFAULT NULL,
                                         `DESCRIPTION_` varchar(255) NULL DEFAULT NULL,
                                         PRIMARY KEY (`ID_`) USING BTREE,
                                         UNIQUE INDEX `ACT_IDX_EVENT_DEF_UNIQ`(`KEY_`, `VERSION_`, `TENANT_ID_`) USING BTREE
) ENGINE = InnoDB ROW_FORMAT = Dynamic;

-- ----------------------------
-- Records of flw_event_definition
-- ----------------------------

-- ----------------------------
-- Table structure for flw_event_deployment
-- ----------------------------
DROP TABLE IF EXISTS `flw_event_deployment`;
CREATE TABLE `flw_event_deployment`  (
                                         `ID_` varchar(255) NOT NULL,
                                         `NAME_` varchar(255) NULL DEFAULT NULL,
                                         `CATEGORY_` varchar(255) NULL DEFAULT NULL,
                                         `DEPLOY_TIME_` datetime(3) NULL DEFAULT NULL,
                                         `TENANT_ID_` varchar(255) NULL DEFAULT NULL,
                                         `PARENT_DEPLOYMENT_ID_` varchar(255) NULL DEFAULT NULL,
                                         PRIMARY KEY (`ID_`) USING BTREE
) ENGINE = InnoDB ROW_FORMAT = Dynamic;

-- ----------------------------
-- Records of flw_event_deployment
-- ----------------------------

-- ----------------------------
-- Table structure for flw_event_resource
-- ----------------------------
DROP TABLE IF EXISTS `flw_event_resource`;
CREATE TABLE `flw_event_resource`  (
                                       `ID_` varchar(255) NOT NULL,
                                       `NAME_` varchar(255) NULL DEFAULT NULL,
                                       `DEPLOYMENT_ID_` varchar(255) NULL DEFAULT NULL,
                                       `RESOURCE_BYTES_` longblob NULL,
                                       PRIMARY KEY (`ID_`) USING BTREE
) ENGINE = InnoDB ROW_FORMAT = Dynamic;

-- ----------------------------
-- Records of flw_event_resource
-- ----------------------------

-- ----------------------------
-- Table structure for flw_ru_batch
-- ----------------------------
DROP TABLE IF EXISTS `flw_ru_batch`;
CREATE TABLE `flw_ru_batch`  (
                                 `ID_` varchar(64) NOT NULL,
                                 `REV_` int(11) NULL DEFAULT NULL,
                                 `TYPE_` varchar(64) NOT NULL,
                                 `SEARCH_KEY_` varchar(255) NULL DEFAULT NULL,
                                 `SEARCH_KEY2_` varchar(255) NULL DEFAULT NULL,
                                 `CREATE_TIME_` datetime(3) NOT NULL,
                                 `COMPLETE_TIME_` datetime(3) NULL DEFAULT NULL,
                                 `STATUS_` varchar(255) NULL DEFAULT NULL,
                                 `BATCH_DOC_ID_` varchar(64) NULL DEFAULT NULL,
                                 `TENANT_ID_` varchar(255) NULL DEFAULT '',
                                 PRIMARY KEY (`ID_`) USING BTREE
) ENGINE = InnoDB  ROW_FORMAT = Dynamic;

-- ----------------------------
-- Records of flw_ru_batch
-- ----------------------------

-- ----------------------------
-- Table structure for flw_ru_batch_part
-- ----------------------------
DROP TABLE IF EXISTS `flw_ru_batch_part`;
CREATE TABLE `flw_ru_batch_part`  (
                                      `ID_` varchar(64) NOT NULL,
                                      `REV_` int(11) NULL DEFAULT NULL,
                                      `BATCH_ID_` varchar(64) NULL DEFAULT NULL,
                                      `TYPE_` varchar(64) NOT NULL,
                                      `SCOPE_ID_` varchar(64) NULL DEFAULT NULL,
                                      `SUB_SCOPE_ID_` varchar(64) NULL DEFAULT NULL,
                                      `SCOPE_TYPE_` varchar(64) NULL DEFAULT NULL,
                                      `SEARCH_KEY_` varchar(255) NULL DEFAULT NULL,
                                      `SEARCH_KEY2_` varchar(255) NULL DEFAULT NULL,
                                      `CREATE_TIME_` datetime(3) NOT NULL,
                                      `COMPLETE_TIME_` datetime(3) NULL DEFAULT NULL,
                                      `STATUS_` varchar(255) NULL DEFAULT NULL,
                                      `RESULT_DOC_ID_` varchar(64) NULL DEFAULT NULL,
                                      `TENANT_ID_` varchar(255) NULL DEFAULT '',
                                      PRIMARY KEY (`ID_`) USING BTREE,
                                      INDEX `FLW_IDX_BATCH_PART`(`BATCH_ID_`) USING BTREE,
                                      CONSTRAINT `FLW_FK_BATCH_PART_PARENT` FOREIGN KEY (`BATCH_ID_`) REFERENCES `flw_ru_batch` (`ID_`) ON DELETE RESTRICT ON UPDATE RESTRICT
) ENGINE = InnoDB  ROW_FORMAT = Dynamic;

-- ----------------------------
-- Records of flw_ru_batch_part
-- ----------------------------

-- ----------------------------
-- Table structure for gen_table
-- ----------------------------
DROP TABLE IF EXISTS `gen_table`;
CREATE TABLE `gen_table`  (
                              `table_id` bigint(20) NOT NULL AUTO_INCREMENT COMMENT '编号',
                              `table_name` varchar(200) NULL DEFAULT '' COMMENT '表名称',
                              `table_comment` varchar(500) NULL DEFAULT '' COMMENT '表描述',
                              `sub_table_name` varchar(64) NULL DEFAULT NULL COMMENT '关联子表的表名',
                              `sub_table_fk_name` varchar(64) NULL DEFAULT NULL COMMENT '子表关联的外键名',
                              `class_name` varchar(100) NULL DEFAULT '' COMMENT '实体类名称',
                              `tpl_category` varchar(200) NULL DEFAULT 'crud' COMMENT '使用的模板（crud单表操作 tree树表操作）',
                              `package_name` varchar(100) NULL DEFAULT NULL COMMENT '生成包路径',
                              `module_name` varchar(30) NULL DEFAULT NULL COMMENT '生成模块名',
                              `business_name` varchar(30) NULL DEFAULT NULL COMMENT '生成业务名',
                              `function_name` varchar(50) NULL DEFAULT NULL COMMENT '生成功能名',
                              `function_author` varchar(50) NULL DEFAULT NULL COMMENT '生成功能作者',
                              `gen_type` char(1) NULL DEFAULT '0' COMMENT '生成代码方式（0zip压缩包 1自定义路径）',
                              `gen_path` varchar(200) NULL DEFAULT '/' COMMENT '生成路径（不填默认项目路径）',
                              `options` varchar(1000) NULL DEFAULT NULL COMMENT '其它生成选项',
                              `create_by` varchar(64) NULL DEFAULT '' COMMENT '创建者',
                              `create_time` datetime(0) NULL DEFAULT NULL COMMENT '创建时间',
                              `update_by` varchar(64) NULL DEFAULT '' COMMENT '更新者',
                              `update_time` datetime(0) NULL DEFAULT NULL COMMENT '更新时间',
                              `remark` varchar(500) NULL DEFAULT NULL COMMENT '备注',
                              PRIMARY KEY (`table_id`) USING BTREE
) ENGINE = InnoDB AUTO_INCREMENT = 9 COMMENT = '代码生成业务表' ROW_FORMAT = Dynamic;

-- ----------------------------
-- Records of gen_table
-- ----------------------------
INSERT INTO `gen_table` VALUES (1, 't_survey_answer', '问卷填写表', NULL, NULL, 'SurveyAnswer', 'crud', 'com.ucd.web.controller', 'survey', 'answer', '问卷填写', '2y', '0', 'E:\\model\\RuoYi-Vue\\ucd-admin\\src\\main\\java\\com\\ucd\\web\\controller\\survey', '{}', 'admin', '2021-03-19 22:08:45', '', '2021-03-19 22:23:51', NULL);
INSERT INTO `gen_table` VALUES (2, 't_survey_options', '题目选项表', '', '', 'SurveyOptions', 'crud', 'com.ucd.web.controller', 'survey', 'options', '题目选项', '2y', '0', 'E:\\model\\RuoYi-Vue\\ucd-admin\\src\\main\\java\\com\\ucd\\web\\controller\\survey', '{}', 'admin', '2021-03-19 22:09:05', '', '2021-03-19 22:31:44', NULL);
INSERT INTO `gen_table` VALUES (3, 't_survey_paper', '调查问卷模板', NULL, NULL, 'SurveyPaper', 'crud', 'com.ucd.web.controller', 'survey', 'paper', '调查问卷模板', '2y', '0', 'E:\\model\\RuoYi-Vue\\ucd-admin\\src\\main\\java\\com\\ucd\\web\\controller\\survey', '{}', 'admin', '2021-03-19 22:09:05', '', '2021-03-19 22:31:52', NULL);
INSERT INTO `gen_table` VALUES (4, 't_survey_question', '问卷题目表', NULL, NULL, 'SurveyQuestion', 'crud', 'com.ucd.web.controller', 'survey', 'question', '问卷题目', 'survey', '0', 'E:\\model\\RuoYi-Vue\\ucd-admin\\src\\main\\java\\com\\ucd\\web\\controller\\survey', '{}', 'admin', '2021-03-19 22:09:05', '', '2021-03-19 22:31:59', NULL);
INSERT INTO `gen_table` VALUES (5, 'act_re_deployment', '流程定义', NULL, NULL, 'ActReDeployment', 'crud', 'com.ucd.system', 'system', 'deployment', '流程定义', 'tony', '0', '/', '{}', 'tony', '2021-03-25 13:44:10', '', '2021-03-25 13:45:36', NULL);
INSERT INTO `gen_table` VALUES (6, 'sys_instance_form', '流程实例关联表单', NULL, NULL, 'SysInstanceForm', 'crud', 'com.ucd.flowable', 'flowable', 'form', '流程实例关联表单', 'Xuan Xuan', '1', 'E:\\tony\\flowable\\ucd-flowable\\src\\main\\java\\com\\ucd\\flowable', '{}', 'admin', '2021-03-30 22:40:06', '', '2021-03-30 22:43:44', NULL);
INSERT INTO `gen_table` VALUES (8, 'sys_task_form', '流程任务关联表单', NULL, NULL, 'SysTaskForm', 'crud', 'com.ucd.flowable', 'flowable', 'flowable', '流程任务关联单', 'Xuan Xuan', '1', 'E:\\tony\\flowable\\ucd-flowable\\src', '{}', 'admin', '2021-04-03 19:14:19', '', '2021-04-03 19:17:40', NULL);

-- ----------------------------
-- Table structure for gen_table_column
-- ----------------------------
DROP TABLE IF EXISTS `gen_table_column`;
CREATE TABLE `gen_table_column`  (
                                     `column_id` bigint(20) NOT NULL AUTO_INCREMENT COMMENT '编号',
                                     `table_id` varchar(64) NULL DEFAULT NULL COMMENT '归属表编号',
                                     `column_name` varchar(200) NULL DEFAULT NULL COMMENT '列名称',
                                     `column_comment` varchar(500) NULL DEFAULT NULL COMMENT '列描述',
                                     `column_type` varchar(100) NULL DEFAULT NULL COMMENT '列类型',
                                     `java_type` varchar(500) NULL DEFAULT NULL COMMENT 'JAVA类型',
                                     `java_field` varchar(200) NULL DEFAULT NULL COMMENT 'JAVA字段名',
                                     `is_pk` char(1) NULL DEFAULT NULL COMMENT '是否主键（1是）',
                                     `is_increment` char(1) NULL DEFAULT NULL COMMENT '是否自增（1是）',
                                     `is_required` char(1) NULL DEFAULT NULL COMMENT '是否必填（1是）',
                                     `is_insert` char(1) NULL DEFAULT NULL COMMENT '是否为插入字段（1是）',
                                     `is_edit` char(1) NULL DEFAULT NULL COMMENT '是否编辑字段（1是）',
                                     `is_list` char(1) NULL DEFAULT NULL COMMENT '是否列表字段（1是）',
                                     `is_query` char(1) NULL DEFAULT NULL COMMENT '是否查询字段（1是）',
                                     `query_type` varchar(200) NULL DEFAULT 'EQ' COMMENT '查询方式（等于、不等于、大于、小于、范围）',
                                     `html_type` varchar(200) NULL DEFAULT NULL COMMENT '显示类型（文本框、文本域、下拉框、复选框、单选框、日期控件）',
                                     `dict_type` varchar(200) NULL DEFAULT '' COMMENT '字典类型',
                                     `sort` int(11) NULL DEFAULT NULL COMMENT '排序',
                                     `create_by` varchar(64) NULL DEFAULT '' COMMENT '创建者',
                                     `create_time` datetime(0) NULL DEFAULT NULL COMMENT '创建时间',
                                     `update_by` varchar(64) NULL DEFAULT '' COMMENT '更新者',
                                     `update_time` datetime(0) NULL DEFAULT NULL COMMENT '更新时间',
                                     PRIMARY KEY (`column_id`) USING BTREE
) ENGINE = InnoDB AUTO_INCREMENT = 61 COMMENT = '代码生成业务表字段' ROW_FORMAT = Dynamic;

-- ----------------------------
-- Records of gen_table_column
-- ----------------------------
INSERT INTO `gen_table_column` VALUES (1, '1', 'answer_id', '问卷填写编号', 'bigint(20)', 'Long', 'answerId', '1', '0', NULL, '1', NULL, NULL, NULL, 'EQ', 'input', '', 1, 'admin', '2021-03-19 22:08:45', '', '2021-03-19 22:23:51');
INSERT INTO `gen_table_column` VALUES (2, '1', 'question_id', '题目编号', 'bigint(20)', 'Long', 'questionId', '0', '0', NULL, '1', '1', '1', '1', 'EQ', 'input', '', 2, 'admin', '2021-03-19 22:08:45', '', '2021-03-19 22:23:51');
INSERT INTO `gen_table_column` VALUES (3, '1', 'option_id', '选项编号', 'bigint(20)', 'Long', 'optionId', '0', '0', NULL, '1', '1', '1', '1', 'EQ', 'input', '', 3, 'admin', '2021-03-19 22:08:45', '', '2021-03-19 22:23:51');
INSERT INTO `gen_table_column` VALUES (4, '1', 'user_id', '用户编号', 'varchar(64)', 'String', 'userId', '0', '0', NULL, '1', '1', '1', '1', 'EQ', 'input', '', 4, 'admin', '2021-03-19 22:08:45', '', '2021-03-19 22:23:51');
INSERT INTO `gen_table_column` VALUES (5, '1', 'create_time', '创建时间', 'datetime', 'Date', 'createTime', '0', '0', NULL, '1', NULL, NULL, NULL, 'EQ', 'datetime', '', 5, 'admin', '2021-03-19 22:08:45', '', '2021-03-19 22:23:51');
INSERT INTO `gen_table_column` VALUES (6, '1', 'content', '自行填写内容', 'varchar(255)', 'String', 'content', '0', '0', NULL, '1', '1', '1', '1', 'EQ', 'editor', '', 6, 'admin', '2021-03-19 22:08:45', '', '2021-03-19 22:23:51');
INSERT INTO `gen_table_column` VALUES (7, '2', 'option_id', '选项编号', 'bigint(20)', 'Long', 'optionId', '1', '0', NULL, '1', NULL, NULL, NULL, 'EQ', 'input', '', 1, 'admin', '2021-03-19 22:09:05', '', '2021-03-19 22:31:44');
INSERT INTO `gen_table_column` VALUES (8, '2', 'option_content', '选项内容', 'varchar(255)', 'String', 'optionContent', '0', '0', NULL, '1', '1', '1', '1', 'EQ', 'editor', '', 2, 'admin', '2021-03-19 22:09:05', '', '2021-03-19 22:31:44');
INSERT INTO `gen_table_column` VALUES (9, '2', 'question_id', '问题编号', 'bigint(20)', 'Long', 'questionId', '0', '0', NULL, '1', '1', '1', '1', 'EQ', 'input', '', 3, 'admin', '2021-03-19 22:09:05', '', '2021-03-19 22:31:44');
INSERT INTO `gen_table_column` VALUES (10, '2', 'order', '排序', 'int(10)', 'Integer', 'order', '0', '0', NULL, '1', '1', '1', '1', 'EQ', 'input', '', 4, 'admin', '2021-03-19 22:09:05', '', '2021-03-19 22:31:44');
INSERT INTO `gen_table_column` VALUES (11, '2', 'create_by', '创建者', 'varchar(64)', 'String', 'createBy', '0', '0', NULL, '1', NULL, NULL, NULL, 'EQ', 'input', '', 5, 'admin', '2021-03-19 22:09:05', '', '2021-03-19 22:31:44');
INSERT INTO `gen_table_column` VALUES (12, '2', 'create_time', '创建时间', 'datetime', 'Date', 'createTime', '0', '0', NULL, '1', NULL, NULL, NULL, 'EQ', 'datetime', '', 6, 'admin', '2021-03-19 22:09:05', '', '2021-03-19 22:31:44');
INSERT INTO `gen_table_column` VALUES (13, '2', 'update_by', '更新者', 'varchar(64)', 'String', 'updateBy', '0', '0', NULL, '1', '1', NULL, NULL, 'EQ', 'input', '', 7, 'admin', '2021-03-19 22:09:05', '', '2021-03-19 22:31:44');
INSERT INTO `gen_table_column` VALUES (14, '2', 'update_time', '更新时间', 'datetime', 'Date', 'updateTime', '0', '0', NULL, '1', '1', NULL, NULL, 'EQ', 'datetime', '', 8, 'admin', '2021-03-19 22:09:05', '', '2021-03-19 22:31:44');
INSERT INTO `gen_table_column` VALUES (15, '2', 'remark', '备注', 'varchar(500)', 'String', 'remark', '0', '0', NULL, '1', '1', '1', NULL, 'EQ', 'textarea', '', 9, 'admin', '2021-03-19 22:09:05', '', '2021-03-19 22:31:44');
INSERT INTO `gen_table_column` VALUES (16, '3', 'id', '问卷id', 'bigint(20)', 'Long', 'id', '1', '0', NULL, '1', NULL, NULL, NULL, 'EQ', 'input', '', 1, 'admin', '2021-03-19 22:09:05', '', '2021-03-19 22:31:52');
INSERT INTO `gen_table_column` VALUES (17, '3', 'paper_title', '问卷名称', 'varchar(255)', 'String', 'paperTitle', '0', '0', NULL, '1', '1', '1', '1', 'EQ', 'input', '', 2, 'admin', '2021-03-19 22:09:05', '', '2021-03-19 22:31:52');
INSERT INTO `gen_table_column` VALUES (18, '3', 'paper_preface', '序言', 'varchar(255)', 'String', 'paperPreface', '0', '0', NULL, '1', '1', '1', '1', 'EQ', 'input', '', 3, 'admin', '2021-03-19 22:09:05', '', '2021-03-19 22:31:52');
INSERT INTO `gen_table_column` VALUES (19, '3', 'start_time', '开始时间', 'datetime', 'Date', 'startTime', '0', '0', NULL, '1', '1', '1', '1', 'EQ', 'datetime', '', 4, 'admin', '2021-03-19 22:09:05', '', '2021-03-19 22:31:52');
INSERT INTO `gen_table_column` VALUES (20, '3', 'end_time', '结束时间', 'datetime', 'Date', 'endTime', '0', '0', NULL, '1', '1', '1', '1', 'EQ', 'datetime', '', 5, 'admin', '2021-03-19 22:09:05', '', '2021-03-19 22:31:52');
INSERT INTO `gen_table_column` VALUES (21, '3', 'create_by', '创建者', 'varchar(64)', 'String', 'createBy', '0', '0', NULL, '1', NULL, NULL, NULL, 'EQ', 'input', '', 6, 'admin', '2021-03-19 22:09:05', '', '2021-03-19 22:31:52');
INSERT INTO `gen_table_column` VALUES (22, '3', 'create_time', '创建时间', 'datetime', 'Date', 'createTime', '0', '0', NULL, '1', NULL, NULL, NULL, 'EQ', 'datetime', '', 7, 'admin', '2021-03-19 22:09:05', '', '2021-03-19 22:31:52');
INSERT INTO `gen_table_column` VALUES (23, '3', 'update_by', '更新者', 'varchar(64)', 'String', 'updateBy', '0', '0', NULL, '1', '1', NULL, NULL, 'EQ', 'input', '', 8, 'admin', '2021-03-19 22:09:05', '', '2021-03-19 22:31:52');
INSERT INTO `gen_table_column` VALUES (24, '3', 'update_time', '更新时间', 'datetime', 'Date', 'updateTime', '0', '0', NULL, '1', '1', NULL, NULL, 'EQ', 'datetime', '', 9, 'admin', '2021-03-19 22:09:05', '', '2021-03-19 22:31:52');
INSERT INTO `gen_table_column` VALUES (25, '3', 'remark', '备注', 'varchar(500)', 'String', 'remark', '0', '0', NULL, '1', '1', '1', NULL, 'EQ', 'textarea', '', 10, 'admin', '2021-03-19 22:09:05', '', '2021-03-19 22:31:52');
INSERT INTO `gen_table_column` VALUES (26, '4', 'question_id', '题目id', 'bigint(20)', 'Long', 'questionId', '1', '0', NULL, '1', NULL, NULL, NULL, 'EQ', 'input', '', 1, 'admin', '2021-03-19 22:09:05', '', '2021-03-19 22:31:59');
INSERT INTO `gen_table_column` VALUES (27, '4', 'question_title', '题目名称', 'varchar(255)', 'String', 'questionTitle', '0', '0', NULL, '1', '1', '1', '1', 'EQ', 'input', '', 2, 'admin', '2021-03-19 22:09:05', '', '2021-03-19 22:31:59');
INSERT INTO `gen_table_column` VALUES (28, '4', 'answer', '单选：0 多选：1 自行填入：2', 'tinyint(1)', 'Integer', 'answer', '0', '0', NULL, '1', '1', '1', '1', 'EQ', 'input', '', 3, 'admin', '2021-03-19 22:09:05', '', '2021-03-19 22:31:59');
INSERT INTO `gen_table_column` VALUES (29, '4', 'create_by', '创建者', 'varchar(64)', 'String', 'createBy', '0', '0', NULL, '1', NULL, NULL, NULL, 'EQ', 'input', '', 4, 'admin', '2021-03-19 22:09:05', '', '2021-03-19 22:31:59');
INSERT INTO `gen_table_column` VALUES (30, '4', 'create_time', '创建时间', 'datetime', 'Date', 'createTime', '0', '0', NULL, '1', NULL, NULL, NULL, 'EQ', 'datetime', '', 5, 'admin', '2021-03-19 22:09:05', '', '2021-03-19 22:31:59');
INSERT INTO `gen_table_column` VALUES (31, '4', 'update_by', '更新者', 'varchar(64)', 'String', 'updateBy', '0', '0', NULL, '1', '1', NULL, NULL, 'EQ', 'input', '', 6, 'admin', '2021-03-19 22:09:05', '', '2021-03-19 22:31:59');
INSERT INTO `gen_table_column` VALUES (32, '4', 'update_time', '更新时间', 'datetime', 'Date', 'updateTime', '0', '0', NULL, '1', '1', NULL, NULL, 'EQ', 'datetime', '', 7, 'admin', '2021-03-19 22:09:05', '', '2021-03-19 22:31:59');
INSERT INTO `gen_table_column` VALUES (33, '4', 'remark', '备注', 'varchar(500)', 'String', 'remark', '0', '0', NULL, '1', '1', '1', NULL, 'EQ', 'textarea', '', 8, 'admin', '2021-03-19 22:09:05', '', '2021-03-19 22:31:59');
INSERT INTO `gen_table_column` VALUES (34, '4', 'paper_id', '问卷编号', 'bigint(20)', 'Long', 'paperId', '0', '0', NULL, '1', '1', '1', '1', 'EQ', 'input', '', 9, 'admin', '2021-03-19 22:09:05', '', '2021-03-19 22:31:59');
INSERT INTO `gen_table_column` VALUES (35, '5', 'ID_', NULL, 'varchar(64)', 'String', 'id', '1', '0', NULL, '1', NULL, NULL, NULL, 'EQ', 'input', '', 1, 'tony', '2021-03-25 13:44:10', '', '2021-03-25 13:45:36');
INSERT INTO `gen_table_column` VALUES (36, '5', 'NAME_', NULL, 'varchar(255)', 'String', 'name', '0', '0', NULL, '1', '1', '1', '1', 'EQ', 'input', '', 2, 'tony', '2021-03-25 13:44:10', '', '2021-03-25 13:45:36');
INSERT INTO `gen_table_column` VALUES (37, '5', 'CATEGORY_', NULL, 'varchar(255)', 'String', 'category', '0', '0', NULL, '1', '1', '1', '1', 'EQ', 'input', '', 3, 'tony', '2021-03-25 13:44:10', '', '2021-03-25 13:45:36');
INSERT INTO `gen_table_column` VALUES (38, '5', 'KEY_', NULL, 'varchar(255)', 'String', 'key', '0', '0', NULL, '1', '1', '1', '1', 'EQ', 'input', '', 4, 'tony', '2021-03-25 13:44:10', '', '2021-03-25 13:45:36');
INSERT INTO `gen_table_column` VALUES (39, '5', 'TENANT_ID_', NULL, 'varchar(255)', 'String', 'tenantId', '0', '0', NULL, '1', '1', '1', '1', 'EQ', 'input', '', 5, 'tony', '2021-03-25 13:44:10', '', '2021-03-25 13:45:36');
INSERT INTO `gen_table_column` VALUES (40, '5', 'DEPLOY_TIME_', NULL, 'timestamp(3)', 'Date', 'deployTime', '0', '0', NULL, '1', '1', '1', '1', 'EQ', 'datetime', '', 6, 'tony', '2021-03-25 13:44:10', '', '2021-03-25 13:45:36');
INSERT INTO `gen_table_column` VALUES (41, '5', 'DERIVED_FROM_', NULL, 'varchar(64)', 'String', 'derivedFrom', '0', '0', NULL, '1', '1', '1', '1', 'EQ', 'input', '', 7, 'tony', '2021-03-25 13:44:10', '', '2021-03-25 13:45:36');
INSERT INTO `gen_table_column` VALUES (42, '5', 'DERIVED_FROM_ROOT_', NULL, 'varchar(64)', 'String', 'derivedFromRoot', '0', '0', NULL, '1', '1', '1', '1', 'EQ', 'input', '', 8, 'tony', '2021-03-25 13:44:10', '', '2021-03-25 13:45:36');
INSERT INTO `gen_table_column` VALUES (43, '5', 'PARENT_DEPLOYMENT_ID_', NULL, 'varchar(255)', 'String', 'parentDeploymentId', '0', '0', NULL, '1', '1', '1', '1', 'EQ', 'input', '', 9, 'tony', '2021-03-25 13:44:10', '', '2021-03-25 13:45:36');
INSERT INTO `gen_table_column` VALUES (44, '5', 'ENGINE_VERSION_', NULL, 'varchar(255)', 'String', 'engineVersion', '0', '0', NULL, '1', '1', '1', '1', 'EQ', 'input', '', 10, 'tony', '2021-03-25 13:44:10', '', '2021-03-25 13:45:36');
INSERT INTO `gen_table_column` VALUES (45, '6', 'id', '主键', 'bigint(20)', 'Long', 'id', '1', '1', NULL, '1', NULL, NULL, NULL, 'EQ', 'input', '', 1, 'admin', '2021-03-30 22:40:06', '', '2021-03-30 22:43:44');
INSERT INTO `gen_table_column` VALUES (46, '6', 'form_id', '表单主键', 'bigint(20)', 'Long', 'formId', '0', '0', NULL, '1', '1', '1', '1', 'EQ', 'input', '', 2, 'admin', '2021-03-30 22:40:06', '', '2021-03-30 22:43:44');
INSERT INTO `gen_table_column` VALUES (47, '6', 'inst_id', '流程实例主键', 'varchar(50)', 'String', 'instId', '0', '0', NULL, '1', '1', '1', '1', 'EQ', 'input', '', 3, 'admin', '2021-03-30 22:40:06', '', '2021-03-30 22:43:44');
INSERT INTO `gen_table_column` VALUES (58, '8', 'id', '主键', 'bigint(20)', 'Long', 'id', '1', '1', NULL, '1', NULL, NULL, NULL, 'EQ', 'input', '', 1, 'admin', '2021-04-03 19:14:19', '', '2021-04-03 19:17:40');
INSERT INTO `gen_table_column` VALUES (59, '8', 'form_id', '表单主键', 'bigint(20)', 'Long', 'formId', '0', '0', NULL, '1', '1', '1', '1', 'EQ', 'input', '', 2, 'admin', '2021-04-03 19:14:19', '', '2021-04-03 19:17:40');
INSERT INTO `gen_table_column` VALUES (60, '8', 'task_id', '所属任务', 'varchar(50)', 'String', 'taskId', '0', '0', NULL, '1', '1', '1', '1', 'EQ', 'input', '', 3, 'admin', '2021-04-03 19:14:19', '', '2021-04-03 19:17:40');

-- ----------------------------
-- Table structure for qrtz_blob_triggers
-- ----------------------------
DROP TABLE IF EXISTS `qrtz_blob_triggers`;
CREATE TABLE `qrtz_blob_triggers`  (
                                       `sched_name` varchar(120) NOT NULL,
                                       `trigger_name` varchar(200) NOT NULL,
                                       `trigger_group` varchar(200) NOT NULL,
                                       `blob_data` blob NULL,
                                       PRIMARY KEY (`sched_name`, `trigger_name`, `trigger_group`) USING BTREE,
                                       CONSTRAINT `qrtz_blob_triggers_ibfk_1` FOREIGN KEY (`sched_name`, `trigger_name`, `trigger_group`) REFERENCES `qrtz_triggers` (`sched_name`, `trigger_name`, `trigger_group`) ON DELETE RESTRICT ON UPDATE RESTRICT
) ENGINE = InnoDB ROW_FORMAT = Dynamic;

-- ----------------------------
-- Records of qrtz_blob_triggers
-- ----------------------------

-- ----------------------------
-- Table structure for qrtz_calendars
-- ----------------------------
DROP TABLE IF EXISTS `qrtz_calendars`;
CREATE TABLE `qrtz_calendars`  (
                                   `sched_name` varchar(120) NOT NULL,
                                   `calendar_name` varchar(200) NOT NULL,
                                   `calendar` blob NOT NULL,
                                   PRIMARY KEY (`sched_name`, `calendar_name`) USING BTREE
) ENGINE = InnoDB ROW_FORMAT = Dynamic;

-- ----------------------------
-- Records of qrtz_calendars
-- ----------------------------

-- ----------------------------
-- Table structure for qrtz_cron_triggers
-- ----------------------------
DROP TABLE IF EXISTS `qrtz_cron_triggers`;
CREATE TABLE `qrtz_cron_triggers`  (
                                       `sched_name` varchar(120) NOT NULL,
                                       `trigger_name` varchar(200) NOT NULL,
                                       `trigger_group` varchar(200) NOT NULL,
                                       `cron_expression` varchar(200) NOT NULL,
                                       `time_zone_id` varchar(80) NULL DEFAULT NULL,
                                       PRIMARY KEY (`sched_name`, `trigger_name`, `trigger_group`) USING BTREE,
                                       CONSTRAINT `qrtz_cron_triggers_ibfk_1` FOREIGN KEY (`sched_name`, `trigger_name`, `trigger_group`) REFERENCES `qrtz_triggers` (`sched_name`, `trigger_name`, `trigger_group`) ON DELETE RESTRICT ON UPDATE RESTRICT
) ENGINE = InnoDB ROW_FORMAT = Dynamic;

-- ----------------------------
-- Records of qrtz_cron_triggers
-- ----------------------------
INSERT INTO `qrtz_cron_triggers` VALUES ('RuoyiScheduler', 'TASK_CLASS_NAME1', 'DEFAULT', '0/10 * * * * ?', 'Asia/Shanghai');
INSERT INTO `qrtz_cron_triggers` VALUES ('RuoyiScheduler', 'TASK_CLASS_NAME2', 'DEFAULT', '0/15 * * * * ?', 'Asia/Shanghai');
INSERT INTO `qrtz_cron_triggers` VALUES ('RuoyiScheduler', 'TASK_CLASS_NAME3', 'DEFAULT', '0/20 * * * * ?', 'Asia/Shanghai');

-- ----------------------------
-- Table structure for qrtz_fired_triggers
-- ----------------------------
DROP TABLE IF EXISTS `qrtz_fired_triggers`;
CREATE TABLE `qrtz_fired_triggers`  (
                                        `sched_name` varchar(120) NOT NULL,
                                        `entry_id` varchar(95) NOT NULL,
                                        `trigger_name` varchar(200) NOT NULL,
                                        `trigger_group` varchar(200) NOT NULL,
                                        `instance_name` varchar(200) NOT NULL,
                                        `fired_time` bigint(13) NOT NULL,
                                        `sched_time` bigint(13) NOT NULL,
                                        `priority` int(11) NOT NULL,
                                        `state` varchar(16) NOT NULL,
                                        `job_name` varchar(200) NULL DEFAULT NULL,
                                        `job_group` varchar(200) NULL DEFAULT NULL,
                                        `is_nonconcurrent` varchar(1) NULL DEFAULT NULL,
                                        `requests_recovery` varchar(1) NULL DEFAULT NULL,
                                        PRIMARY KEY (`sched_name`, `entry_id`) USING BTREE
) ENGINE = InnoDB ROW_FORMAT = Dynamic;

-- ----------------------------
-- Records of qrtz_fired_triggers
-- ----------------------------

-- ----------------------------
-- Table structure for qrtz_job_details
-- ----------------------------
DROP TABLE IF EXISTS `qrtz_job_details`;
CREATE TABLE `qrtz_job_details`  (
                                     `sched_name` varchar(120) NOT NULL,
                                     `job_name` varchar(200) NOT NULL,
                                     `job_group` varchar(200) NOT NULL,
                                     `description` varchar(250) NULL DEFAULT NULL,
                                     `job_class_name` varchar(250) NOT NULL,
                                     `is_durable` varchar(1) NOT NULL,
                                     `is_nonconcurrent` varchar(1) NOT NULL,
                                     `is_update_data` varchar(1) NOT NULL,
                                     `requests_recovery` varchar(1) NOT NULL,
                                     `job_data` blob NULL,
                                     PRIMARY KEY (`sched_name`, `job_name`, `job_group`) USING BTREE
) ENGINE = InnoDB ROW_FORMAT = Dynamic;

-- ----------------------------
-- Records of qrtz_job_details
-- ----------------------------
INSERT INTO `qrtz_job_details` VALUES ('RuoyiScheduler', 'TASK_CLASS_NAME1', 'DEFAULT', NULL, 'com.ucd.quartz.util.QuartzDisallowConcurrentExecution', '0', '1', '0', '0', 0xACED0005737200156F72672E71756172747A2E4A6F62446174614D61709FB083E8BFA9B0CB020000787200266F72672E71756172747A2E7574696C732E537472696E674B65794469727479466C61674D61708208E8C3FBC55D280200015A0013616C6C6F77735472616E7369656E74446174617872001D6F72672E71756172747A2E7574696C732E4469727479466C61674D617013E62EAD28760ACE0200025A000564697274794C00036D617074000F4C6A6176612F7574696C2F4D61703B787001737200116A6176612E7574696C2E486173684D61700507DAC1C31660D103000246000A6C6F6164466163746F724900097468726573686F6C6478703F4000000000000C7708000000100000000174000F5441534B5F50524F504552544945537372001E636F6D2E72756F79692E71756172747A2E646F6D61696E2E5379734A6F6200000000000000010200084C000A636F6E63757272656E747400124C6A6176612F6C616E672F537472696E673B4C000E63726F6E45787072657373696F6E71007E00094C000C696E766F6B6554617267657471007E00094C00086A6F6247726F757071007E00094C00056A6F6249647400104C6A6176612F6C616E672F4C6F6E673B4C00076A6F624E616D6571007E00094C000D6D697366697265506F6C69637971007E00094C000673746174757371007E000978720027636F6D2E72756F79692E636F6D6D6F6E2E636F72652E646F6D61696E2E42617365456E7469747900000000000000010200074C0008637265617465427971007E00094C000A63726561746554696D657400104C6A6176612F7574696C2F446174653B4C0006706172616D7371007E00034C000672656D61726B71007E00094C000B73656172636856616C756571007E00094C0008757064617465427971007E00094C000A75706461746554696D6571007E000C787074000561646D696E7372000E6A6176612E7574696C2E44617465686A81014B59741903000078707708000001784A9D062078707400007070707400013174000E302F3130202A202A202A202A203F74001172795461736B2E72794E6F506172616D7374000744454641554C547372000E6A6176612E6C616E672E4C6F6E673B8BE490CC8F23DF0200014A000576616C7565787200106A6176612E6C616E672E4E756D62657286AC951D0B94E08B02000078700000000000000001740018E7B3BBE7BB9FE9BB98E8AEA4EFBC88E697A0E58F82EFBC8974000133740001317800);
INSERT INTO `qrtz_job_details` VALUES ('RuoyiScheduler', 'TASK_CLASS_NAME2', 'DEFAULT', NULL, 'com.ucd.quartz.util.QuartzDisallowConcurrentExecution', '0', '1', '0', '0', 0xACED0005737200156F72672E71756172747A2E4A6F62446174614D61709FB083E8BFA9B0CB020000787200266F72672E71756172747A2E7574696C732E537472696E674B65794469727479466C61674D61708208E8C3FBC55D280200015A0013616C6C6F77735472616E7369656E74446174617872001D6F72672E71756172747A2E7574696C732E4469727479466C61674D617013E62EAD28760ACE0200025A000564697274794C00036D617074000F4C6A6176612F7574696C2F4D61703B787001737200116A6176612E7574696C2E486173684D61700507DAC1C31660D103000246000A6C6F6164466163746F724900097468726573686F6C6478703F4000000000000C7708000000100000000174000F5441534B5F50524F504552544945537372001E636F6D2E72756F79692E71756172747A2E646F6D61696E2E5379734A6F6200000000000000010200084C000A636F6E63757272656E747400124C6A6176612F6C616E672F537472696E673B4C000E63726F6E45787072657373696F6E71007E00094C000C696E766F6B6554617267657471007E00094C00086A6F6247726F757071007E00094C00056A6F6249647400104C6A6176612F6C616E672F4C6F6E673B4C00076A6F624E616D6571007E00094C000D6D697366697265506F6C69637971007E00094C000673746174757371007E000978720027636F6D2E72756F79692E636F6D6D6F6E2E636F72652E646F6D61696E2E42617365456E7469747900000000000000010200074C0008637265617465427971007E00094C000A63726561746554696D657400104C6A6176612F7574696C2F446174653B4C0006706172616D7371007E00034C000672656D61726B71007E00094C000B73656172636856616C756571007E00094C0008757064617465427971007E00094C000A75706461746554696D6571007E000C787074000561646D696E7372000E6A6176612E7574696C2E44617465686A81014B59741903000078707708000001784A9D062078707400007070707400013174000E302F3135202A202A202A202A203F74001572795461736B2E7279506172616D7328277279272974000744454641554C547372000E6A6176612E6C616E672E4C6F6E673B8BE490CC8F23DF0200014A000576616C7565787200106A6176612E6C616E672E4E756D62657286AC951D0B94E08B02000078700000000000000002740018E7B3BBE7BB9FE9BB98E8AEA4EFBC88E69C89E58F82EFBC8974000133740001317800);
INSERT INTO `qrtz_job_details` VALUES ('RuoyiScheduler', 'TASK_CLASS_NAME3', 'DEFAULT', NULL, 'com.ucd.quartz.util.QuartzDisallowConcurrentExecution', '0', '1', '0', '0', 0xACED0005737200156F72672E71756172747A2E4A6F62446174614D61709FB083E8BFA9B0CB020000787200266F72672E71756172747A2E7574696C732E537472696E674B65794469727479466C61674D61708208E8C3FBC55D280200015A0013616C6C6F77735472616E7369656E74446174617872001D6F72672E71756172747A2E7574696C732E4469727479466C61674D617013E62EAD28760ACE0200025A000564697274794C00036D617074000F4C6A6176612F7574696C2F4D61703B787001737200116A6176612E7574696C2E486173684D61700507DAC1C31660D103000246000A6C6F6164466163746F724900097468726573686F6C6478703F4000000000000C7708000000100000000174000F5441534B5F50524F504552544945537372001E636F6D2E72756F79692E71756172747A2E646F6D61696E2E5379734A6F6200000000000000010200084C000A636F6E63757272656E747400124C6A6176612F6C616E672F537472696E673B4C000E63726F6E45787072657373696F6E71007E00094C000C696E766F6B6554617267657471007E00094C00086A6F6247726F757071007E00094C00056A6F6249647400104C6A6176612F6C616E672F4C6F6E673B4C00076A6F624E616D6571007E00094C000D6D697366697265506F6C69637971007E00094C000673746174757371007E000978720027636F6D2E72756F79692E636F6D6D6F6E2E636F72652E646F6D61696E2E42617365456E7469747900000000000000010200074C0008637265617465427971007E00094C000A63726561746554696D657400104C6A6176612F7574696C2F446174653B4C0006706172616D7371007E00034C000672656D61726B71007E00094C000B73656172636856616C756571007E00094C0008757064617465427971007E00094C000A75706461746554696D6571007E000C787074000561646D696E7372000E6A6176612E7574696C2E44617465686A81014B59741903000078707708000001784A9D062078707400007070707400013174000E302F3230202A202A202A202A203F74003872795461736B2E72794D756C7469706C65506172616D7328277279272C20747275652C20323030304C2C203331362E3530442C203130302974000744454641554C547372000E6A6176612E6C616E672E4C6F6E673B8BE490CC8F23DF0200014A000576616C7565787200106A6176612E6C616E672E4E756D62657286AC951D0B94E08B02000078700000000000000003740018E7B3BBE7BB9FE9BB98E8AEA4EFBC88E5A49AE58F82EFBC8974000133740001317800);

-- ----------------------------
-- Table structure for qrtz_locks
-- ----------------------------
DROP TABLE IF EXISTS `qrtz_locks`;
CREATE TABLE `qrtz_locks`  (
                               `sched_name` varchar(120) NOT NULL,
                               `lock_name` varchar(40) NOT NULL,
                               PRIMARY KEY (`sched_name`, `lock_name`) USING BTREE
) ENGINE = InnoDB ROW_FORMAT = Dynamic;

-- ----------------------------
-- Records of qrtz_locks
-- ----------------------------
INSERT INTO `qrtz_locks` VALUES ('RuoyiScheduler', 'STATE_ACCESS');
INSERT INTO `qrtz_locks` VALUES ('RuoyiScheduler', 'TRIGGER_ACCESS');

-- ----------------------------
-- Table structure for qrtz_paused_trigger_grps
-- ----------------------------
DROP TABLE IF EXISTS `qrtz_paused_trigger_grps`;
CREATE TABLE `qrtz_paused_trigger_grps`  (
                                             `sched_name` varchar(120) NOT NULL,
                                             `trigger_group` varchar(200) NOT NULL,
                                             PRIMARY KEY (`sched_name`, `trigger_group`) USING BTREE
) ENGINE = InnoDB ROW_FORMAT = Dynamic;

-- ----------------------------
-- Records of qrtz_paused_trigger_grps
-- ----------------------------

-- ----------------------------
-- Table structure for qrtz_scheduler_state
-- ----------------------------
DROP TABLE IF EXISTS `qrtz_scheduler_state`;
CREATE TABLE `qrtz_scheduler_state`  (
                                         `sched_name` varchar(120) NOT NULL,
                                         `instance_name` varchar(200) NOT NULL,
                                         `last_checkin_time` bigint(13) NOT NULL,
                                         `checkin_interval` bigint(13) NOT NULL,
                                         PRIMARY KEY (`sched_name`, `instance_name`) USING BTREE
) ENGINE = InnoDB ROW_FORMAT = Dynamic;

-- ----------------------------
-- Records of qrtz_scheduler_state
-- ----------------------------
INSERT INTO `qrtz_scheduler_state` VALUES ('RuoyiScheduler', 'WIN-20210129ONT1617799125490', 1617803835302, 15000);

-- ----------------------------
-- Table structure for qrtz_simple_triggers
-- ----------------------------
DROP TABLE IF EXISTS `qrtz_simple_triggers`;
CREATE TABLE `qrtz_simple_triggers`  (
                                         `sched_name` varchar(120) NOT NULL,
                                         `trigger_name` varchar(200) NOT NULL,
                                         `trigger_group` varchar(200) NOT NULL,
                                         `repeat_count` bigint(7) NOT NULL,
                                         `repeat_interval` bigint(12) NOT NULL,
                                         `times_triggered` bigint(10) NOT NULL,
                                         PRIMARY KEY (`sched_name`, `trigger_name`, `trigger_group`) USING BTREE,
                                         CONSTRAINT `qrtz_simple_triggers_ibfk_1` FOREIGN KEY (`sched_name`, `trigger_name`, `trigger_group`) REFERENCES `qrtz_triggers` (`sched_name`, `trigger_name`, `trigger_group`) ON DELETE RESTRICT ON UPDATE RESTRICT
) ENGINE = InnoDB ROW_FORMAT = Dynamic;

-- ----------------------------
-- Records of qrtz_simple_triggers
-- ----------------------------

-- ----------------------------
-- Table structure for qrtz_simprop_triggers
-- ----------------------------
DROP TABLE IF EXISTS `qrtz_simprop_triggers`;
CREATE TABLE `qrtz_simprop_triggers`  (
                                          `sched_name` varchar(120) NOT NULL,
                                          `trigger_name` varchar(200) NOT NULL,
                                          `trigger_group` varchar(200) NOT NULL,
                                          `str_prop_1` varchar(512) NULL DEFAULT NULL,
                                          `str_prop_2` varchar(512) NULL DEFAULT NULL,
                                          `str_prop_3` varchar(512) NULL DEFAULT NULL,
                                          `int_prop_1` int(11) NULL DEFAULT NULL,
                                          `int_prop_2` int(11) NULL DEFAULT NULL,
                                          `long_prop_1` bigint(20) NULL DEFAULT NULL,
                                          `long_prop_2` bigint(20) NULL DEFAULT NULL,
                                          `dec_prop_1` decimal(13, 4) NULL DEFAULT NULL,
                                          `dec_prop_2` decimal(13, 4) NULL DEFAULT NULL,
                                          `bool_prop_1` varchar(1) NULL DEFAULT NULL,
                                          `bool_prop_2` varchar(1) NULL DEFAULT NULL,
                                          PRIMARY KEY (`sched_name`, `trigger_name`, `trigger_group`) USING BTREE,
                                          CONSTRAINT `qrtz_simprop_triggers_ibfk_1` FOREIGN KEY (`sched_name`, `trigger_name`, `trigger_group`) REFERENCES `qrtz_triggers` (`sched_name`, `trigger_name`, `trigger_group`) ON DELETE RESTRICT ON UPDATE RESTRICT
) ENGINE = InnoDB ROW_FORMAT = Dynamic;

-- ----------------------------
-- Records of qrtz_simprop_triggers
-- ----------------------------

-- ----------------------------
-- Table structure for qrtz_triggers
-- ----------------------------
DROP TABLE IF EXISTS `qrtz_triggers`;
CREATE TABLE `qrtz_triggers`  (
                                  `sched_name` varchar(120) NOT NULL,
                                  `trigger_name` varchar(200) NOT NULL,
                                  `trigger_group` varchar(200) NOT NULL,
                                  `job_name` varchar(200) NOT NULL,
                                  `job_group` varchar(200) NOT NULL,
                                  `description` varchar(250) NULL DEFAULT NULL,
                                  `next_fire_time` bigint(13) NULL DEFAULT NULL,
                                  `prev_fire_time` bigint(13) NULL DEFAULT NULL,
                                  `priority` int(11) NULL DEFAULT NULL,
                                  `trigger_state` varchar(16) NOT NULL,
                                  `trigger_type` varchar(8) NOT NULL,
                                  `start_time` bigint(13) NOT NULL,
                                  `end_time` bigint(13) NULL DEFAULT NULL,
                                  `calendar_name` varchar(200) NULL DEFAULT NULL,
                                  `misfire_instr` smallint(2) NULL DEFAULT NULL,
                                  `job_data` blob NULL,
                                  PRIMARY KEY (`sched_name`, `trigger_name`, `trigger_group`) USING BTREE,
                                  INDEX `sched_name`(`sched_name`, `job_name`, `job_group`) USING BTREE,
                                  CONSTRAINT `qrtz_triggers_ibfk_1` FOREIGN KEY (`sched_name`, `job_name`, `job_group`) REFERENCES `qrtz_job_details` (`sched_name`, `job_name`, `job_group`) ON DELETE RESTRICT ON UPDATE RESTRICT
) ENGINE = InnoDB ROW_FORMAT = Dynamic;

-- ----------------------------
-- Records of qrtz_triggers
-- ----------------------------
INSERT INTO `qrtz_triggers` VALUES ('RuoyiScheduler', 'TASK_CLASS_NAME1', 'DEFAULT', 'TASK_CLASS_NAME1', 'DEFAULT', NULL, 1617799130000, -1, 5, 'PAUSED', 'CRON', 1617799125000, 0, NULL, 2, '');
INSERT INTO `qrtz_triggers` VALUES ('RuoyiScheduler', 'TASK_CLASS_NAME2', 'DEFAULT', 'TASK_CLASS_NAME2', 'DEFAULT', NULL, 1617799125000, -1, 5, 'PAUSED', 'CRON', 1617799125000, 0, NULL, 2, '');
INSERT INTO `qrtz_triggers` VALUES ('RuoyiScheduler', 'TASK_CLASS_NAME3', 'DEFAULT', 'TASK_CLASS_NAME3', 'DEFAULT', NULL, 1617799140000, -1, 5, 'PAUSED', 'CRON', 1617799125000, 0, NULL, 2, '');

-- ----------------------------
-- Table structure for sys_config
-- ----------------------------
DROP TABLE IF EXISTS `sys_config`;
CREATE TABLE `sys_config`  (
                               `config_id` int(5) NOT NULL AUTO_INCREMENT COMMENT '参数主键',
                               `config_name` varchar(100) NULL DEFAULT '' COMMENT '参数名称',
                               `config_key` varchar(100) NULL DEFAULT '' COMMENT '参数键名',
                               `config_value` varchar(500) NULL DEFAULT '' COMMENT '参数键值',
                               `config_type` char(1) NULL DEFAULT 'N' COMMENT '系统内置（Y是 N否）',
                               `create_by` varchar(64) NULL DEFAULT '' COMMENT '创建者',
                               `create_time` datetime(0) NULL DEFAULT NULL COMMENT '创建时间',
                               `update_by` varchar(64) NULL DEFAULT '' COMMENT '更新者',
                               `update_time` datetime(0) NULL DEFAULT NULL COMMENT '更新时间',
                               `remark` varchar(500) NULL DEFAULT NULL COMMENT '备注',
                               PRIMARY KEY (`config_id`) USING BTREE
) ENGINE = InnoDB AUTO_INCREMENT = 4 COMMENT = '参数配置表' ROW_FORMAT = Dynamic;

-- ----------------------------
-- Records of sys_config
-- ----------------------------
INSERT INTO `sys_config` VALUES (1, '主框架页-默认皮肤样式名称', 'sys.index.skinName', 'skin-green', 'N', 'admin', '2021-03-19 21:11:48', 'admin', '2021-04-04 21:46:22', '蓝色 skin-blue、绿色 skin-green、紫色 skin-purple、红色 skin-red、黄色 skin-yellow');
INSERT INTO `sys_config` VALUES (2, '用户管理-账号初始密码', 'sys.user.initPassword', '123456', 'Y', 'admin', '2021-03-19 21:11:48', '', NULL, '初始化密码 123456');
INSERT INTO `sys_config` VALUES (3, '主框架页-侧边栏主题', 'sys.index.sideTheme', 'theme-dark', 'Y', 'admin', '2021-03-19 21:11:48', '', NULL, '深色主题theme-dark，浅色主题theme-light');

-- ----------------------------
-- Table structure for sys_deploy_form
-- ----------------------------
DROP TABLE IF EXISTS `sys_deploy_form`;
CREATE TABLE `sys_deploy_form`  (
                                    `id` bigint(20) NOT NULL AUTO_INCREMENT COMMENT '主键',
                                    `form_id` bigint(20) NULL DEFAULT NULL COMMENT '表单主键',
                                    `deploy_id` varchar(50) NULL DEFAULT NULL COMMENT '流程实例主键',
                                    PRIMARY KEY (`id`) USING BTREE
) ENGINE = InnoDB AUTO_INCREMENT = 7 COMMENT = '流程实例关联表单' ROW_FORMAT = Dynamic;

-- ----------------------------
-- Records of sys_deploy_form
-- ----------------------------
INSERT INTO `sys_deploy_form` VALUES (1, 2, '57949d86-95c7-11eb-ba86-00e04c1b045a');
INSERT INTO `sys_deploy_form` VALUES (2, 2, 'ca4915df-95d2-11eb-b06c-00e04c1b045a');
INSERT INTO `sys_deploy_form` VALUES (6, 2, '65603596-960c-11eb-a9be-00e04c1b045a');

-- ----------------------------
-- Table structure for sys_dept
-- ----------------------------
DROP TABLE IF EXISTS `sys_dept`;
CREATE TABLE `sys_dept`  (
                             `dept_id` bigint(20) NOT NULL AUTO_INCREMENT COMMENT '部门id',
                             `parent_id` bigint(20) NULL DEFAULT 0 COMMENT '父部门id',
                             `ancestors` varchar(50) NULL DEFAULT '' COMMENT '祖级列表',
                             `dept_name` varchar(30) NULL DEFAULT '' COMMENT '部门名称',
                             `order_num` int(4) NULL DEFAULT 0 COMMENT '显示顺序',
                             `leader` varchar(20) NULL DEFAULT NULL COMMENT '负责人',
                             `phone` varchar(11) NULL DEFAULT NULL COMMENT '联系电话',
                             `email` varchar(50) NULL DEFAULT NULL COMMENT '邮箱',
                             `status` char(1) NULL DEFAULT '0' COMMENT '部门状态（0正常 1停用）',
                             `del_flag` char(1) NULL DEFAULT '0' COMMENT '删除标志（0代表存在 2代表删除）',
                             `create_by` varchar(64) NULL DEFAULT '' COMMENT '创建者',
                             `create_time` datetime(0) NULL DEFAULT NULL COMMENT '创建时间',
                             `update_by` varchar(64) NULL DEFAULT '' COMMENT '更新者',
                             `update_time` datetime(0) NULL DEFAULT NULL COMMENT '更新时间',
                             PRIMARY KEY (`dept_id`) USING BTREE
) ENGINE = InnoDB AUTO_INCREMENT = 110 COMMENT = '部门表' ROW_FORMAT = Dynamic;

-- ----------------------------
-- Records of sys_dept
-- ----------------------------
INSERT INTO `sys_dept` VALUES (100, 0, '0', '若依科技', 0, '若依', '15888888888', 'ry@qq.com', '0', '0', 'admin', '2021-03-19 21:11:48', '', NULL);
INSERT INTO `sys_dept` VALUES (101, 100, '0,100', '深圳总公司', 1, '若依', '15888888888', 'ry@qq.com', '0', '0', 'admin', '2021-03-19 21:11:48', '', NULL);
INSERT INTO `sys_dept` VALUES (102, 100, '0,100', '长沙分公司', 2, '若依', '15888888888', 'ry@qq.com', '0', '0', 'admin', '2021-03-19 21:11:48', '', NULL);
INSERT INTO `sys_dept` VALUES (103, 101, '0,100,101', '研发部门', 1, '若依', '15888888888', 'ry@qq.com', '0', '0', 'admin', '2021-03-19 21:11:48', '', NULL);
INSERT INTO `sys_dept` VALUES (104, 101, '0,100,101', '市场部门', 2, '若依', '15888888888', 'ry@qq.com', '0', '0', 'admin', '2021-03-19 21:11:48', '', NULL);
INSERT INTO `sys_dept` VALUES (105, 101, '0,100,101', '测试部门', 3, '若依', '15888888888', 'ry@qq.com', '0', '0', 'admin', '2021-03-19 21:11:48', '', NULL);
INSERT INTO `sys_dept` VALUES (106, 101, '0,100,101', '财务部门', 4, '若依', '15888888888', 'ry@qq.com', '0', '0', 'admin', '2021-03-19 21:11:48', '', NULL);
INSERT INTO `sys_dept` VALUES (107, 101, '0,100,101', '运维部门', 5, '若依', '15888888888', 'ry@qq.com', '0', '0', 'admin', '2021-03-19 21:11:48', '', NULL);
INSERT INTO `sys_dept` VALUES (108, 102, '0,100,102', '市场部门', 1, '若依', '15888888888', 'ry@qq.com', '0', '0', 'admin', '2021-03-19 21:11:48', '', NULL);
INSERT INTO `sys_dept` VALUES (109, 102, '0,100,102', '财务部门', 2, '若依', '15888888888', 'ry@qq.com', '0', '0', 'admin', '2021-03-19 21:11:48', '', NULL);

-- ----------------------------
-- Table structure for sys_dict_data
-- ----------------------------
DROP TABLE IF EXISTS `sys_dict_data`;
CREATE TABLE `sys_dict_data`  (
                                  `dict_code` bigint(20) NOT NULL AUTO_INCREMENT COMMENT '字典编码',
                                  `dict_sort` int(4) NULL DEFAULT 0 COMMENT '字典排序',
                                  `dict_label` varchar(100) NULL DEFAULT '' COMMENT '字典标签',
                                  `dict_value` varchar(100) NULL DEFAULT '' COMMENT '字典键值',
                                  `dict_type` varchar(100) NULL DEFAULT '' COMMENT '字典类型',
                                  `css_class` varchar(100) NULL DEFAULT NULL COMMENT '样式属性（其他样式扩展）',
                                  `list_class` varchar(100) NULL DEFAULT NULL COMMENT '表格回显样式',
                                  `is_default` char(1) NULL DEFAULT 'N' COMMENT '是否默认（Y是 N否）',
                                  `status` char(1) NULL DEFAULT '0' COMMENT '状态（0正常 1停用）',
                                  `create_by` varchar(64) NULL DEFAULT '' COMMENT '创建者',
                                  `create_time` datetime(0) NULL DEFAULT NULL COMMENT '创建时间',
                                  `update_by` varchar(64) NULL DEFAULT '' COMMENT '更新者',
                                  `update_time` datetime(0) NULL DEFAULT NULL COMMENT '更新时间',
                                  `remark` varchar(500) NULL DEFAULT NULL COMMENT '备注',
                                  PRIMARY KEY (`dict_code`) USING BTREE
) ENGINE = InnoDB AUTO_INCREMENT = 103 COMMENT = '字典数据表' ROW_FORMAT = Dynamic;

-- ----------------------------
-- Records of sys_dict_data
-- ----------------------------
INSERT INTO `sys_dict_data` VALUES (1, 1, '男', '0', 'sys_user_sex', '', '', 'Y', '0', 'admin', '2021-03-19 21:11:48', '', NULL, '性别男');
INSERT INTO `sys_dict_data` VALUES (2, 2, '女', '1', 'sys_user_sex', '', '', 'N', '0', 'admin', '2021-03-19 21:11:48', '', NULL, '性别女');
INSERT INTO `sys_dict_data` VALUES (3, 3, '未知', '2', 'sys_user_sex', '', '', 'N', '0', 'admin', '2021-03-19 21:11:48', '', NULL, '性别未知');
INSERT INTO `sys_dict_data` VALUES (4, 1, '显示', '0', 'sys_show_hide', '', 'primary', 'Y', '0', 'admin', '2021-03-19 21:11:48', '', NULL, '显示菜单');
INSERT INTO `sys_dict_data` VALUES (5, 2, '隐藏', '1', 'sys_show_hide', '', 'danger', 'N', '0', 'admin', '2021-03-19 21:11:48', '', NULL, '隐藏菜单');
INSERT INTO `sys_dict_data` VALUES (6, 1, '正常', '0', 'sys_normal_disable', '', 'primary', 'Y', '0', 'admin', '2021-03-19 21:11:48', '', NULL, '正常状态');
INSERT INTO `sys_dict_data` VALUES (7, 2, '停用', '1', 'sys_normal_disable', '', 'danger', 'N', '0', 'admin', '2021-03-19 21:11:48', '', NULL, '停用状态');
INSERT INTO `sys_dict_data` VALUES (8, 1, '正常', '0', 'sys_job_status', '', 'primary', 'Y', '0', 'admin', '2021-03-19 21:11:48', '', NULL, '正常状态');
INSERT INTO `sys_dict_data` VALUES (9, 2, '暂停', '1', 'sys_job_status', '', 'danger', 'N', '0', 'admin', '2021-03-19 21:11:48', '', NULL, '停用状态');
INSERT INTO `sys_dict_data` VALUES (10, 1, '默认', 'DEFAULT', 'sys_job_group', '', '', 'Y', '0', 'admin', '2021-03-19 21:11:48', '', NULL, '默认分组');
INSERT INTO `sys_dict_data` VALUES (11, 2, '系统', 'SYSTEM', 'sys_job_group', '', '', 'N', '0', 'admin', '2021-03-19 21:11:48', '', NULL, '系统分组');
INSERT INTO `sys_dict_data` VALUES (12, 1, '是', 'Y', 'sys_yes_no', '', 'primary', 'Y', '0', 'admin', '2021-03-19 21:11:48', '', NULL, '系统默认是');
INSERT INTO `sys_dict_data` VALUES (13, 2, '否', 'N', 'sys_yes_no', '', 'danger', 'N', '0', 'admin', '2021-03-19 21:11:48', '', NULL, '系统默认否');
INSERT INTO `sys_dict_data` VALUES (14, 1, '通知', '1', 'sys_notice_type', '', 'warning', 'Y', '0', 'admin', '2021-03-19 21:11:48', '', NULL, '通知');
INSERT INTO `sys_dict_data` VALUES (15, 2, '公告', '2', 'sys_notice_type', '', 'success', 'N', '0', 'admin', '2021-03-19 21:11:48', '', NULL, '公告');
INSERT INTO `sys_dict_data` VALUES (16, 1, '正常', '0', 'sys_notice_status', '', 'primary', 'Y', '0', 'admin', '2021-03-19 21:11:48', '', NULL, '正常状态');
INSERT INTO `sys_dict_data` VALUES (17, 2, '关闭', '1', 'sys_notice_status', '', 'danger', 'N', '0', 'admin', '2021-03-19 21:11:48', '', NULL, '关闭状态');
INSERT INTO `sys_dict_data` VALUES (18, 1, '新增', '1', 'sys_oper_type', '', 'info', 'N', '0', 'admin', '2021-03-19 21:11:48', '', NULL, '新增操作');
INSERT INTO `sys_dict_data` VALUES (19, 2, '修改', '2', 'sys_oper_type', '', 'info', 'N', '0', 'admin', '2021-03-19 21:11:48', '', NULL, '修改操作');
INSERT INTO `sys_dict_data` VALUES (20, 3, '删除', '3', 'sys_oper_type', '', 'danger', 'N', '0', 'admin', '2021-03-19 21:11:48', '', NULL, '删除操作');
INSERT INTO `sys_dict_data` VALUES (21, 4, '授权', '4', 'sys_oper_type', '', 'primary', 'N', '0', 'admin', '2021-03-19 21:11:48', '', NULL, '授权操作');
INSERT INTO `sys_dict_data` VALUES (22, 5, '导出', '5', 'sys_oper_type', '', 'warning', 'N', '0', 'admin', '2021-03-19 21:11:48', '', NULL, '导出操作');
INSERT INTO `sys_dict_data` VALUES (23, 6, '导入', '6', 'sys_oper_type', '', 'warning', 'N', '0', 'admin', '2021-03-19 21:11:48', '', NULL, '导入操作');
INSERT INTO `sys_dict_data` VALUES (24, 7, '强退', '7', 'sys_oper_type', '', 'danger', 'N', '0', 'admin', '2021-03-19 21:11:48', '', NULL, '强退操作');
INSERT INTO `sys_dict_data` VALUES (25, 8, '生成代码', '8', 'sys_oper_type', '', 'warning', 'N', '0', 'admin', '2021-03-19 21:11:48', '', NULL, '生成操作');
INSERT INTO `sys_dict_data` VALUES (26, 9, '清空数据', '9', 'sys_oper_type', '', 'danger', 'N', '0', 'admin', '2021-03-19 21:11:48', '', NULL, '清空操作');
INSERT INTO `sys_dict_data` VALUES (27, 1, '成功', '0', 'sys_common_status', '', 'primary', 'N', '0', 'admin', '2021-03-19 21:11:48', '', NULL, '正常状态');
INSERT INTO `sys_dict_data` VALUES (28, 2, '失败', '1', 'sys_common_status', '', 'danger', 'N', '0', 'admin', '2021-03-19 21:11:48', '', NULL, '停用状态');
INSERT INTO `sys_dict_data` VALUES (100, 0, '单选', '0', 'question_type', NULL, NULL, 'N', '0', 'tony', '2021-03-19 23:44:51', '', NULL, NULL);
INSERT INTO `sys_dict_data` VALUES (101, 1, '多选', '1', 'question_type', NULL, NULL, 'N', '0', 'tony', '2021-03-19 23:45:02', '', NULL, NULL);
INSERT INTO `sys_dict_data` VALUES (102, 2, '自填', '2', 'question_type', NULL, NULL, 'N', '0', 'tony', '2021-03-19 23:45:17', '', NULL, NULL);

-- ----------------------------
-- Table structure for sys_dict_type
-- ----------------------------
DROP TABLE IF EXISTS `sys_dict_type`;
CREATE TABLE `sys_dict_type`  (
                                  `dict_id` bigint(20) NOT NULL AUTO_INCREMENT COMMENT '字典主键',
                                  `dict_name` varchar(100) NULL DEFAULT '' COMMENT '字典名称',
                                  `dict_type` varchar(100) NULL DEFAULT '' COMMENT '字典类型',
                                  `status` char(1) NULL DEFAULT '0' COMMENT '状态（0正常 1停用）',
                                  `create_by` varchar(64) NULL DEFAULT '' COMMENT '创建者',
                                  `create_time` datetime(0) NULL DEFAULT NULL COMMENT '创建时间',
                                  `update_by` varchar(64) NULL DEFAULT '' COMMENT '更新者',
                                  `update_time` datetime(0) NULL DEFAULT NULL COMMENT '更新时间',
                                  `remark` varchar(500) NULL DEFAULT NULL COMMENT '备注',
                                  PRIMARY KEY (`dict_id`) USING BTREE,
                                  UNIQUE INDEX `dict_type`(`dict_type`) USING BTREE
) ENGINE = InnoDB AUTO_INCREMENT = 101 COMMENT = '字典类型表' ROW_FORMAT = Dynamic;

-- ----------------------------
-- Records of sys_dict_type
-- ----------------------------
INSERT INTO `sys_dict_type` VALUES (1, '用户性别', 'sys_user_sex', '0', 'admin', '2021-03-19 21:11:48', '', NULL, '用户性别列表');
INSERT INTO `sys_dict_type` VALUES (2, '菜单状态', 'sys_show_hide', '0', 'admin', '2021-03-19 21:11:48', '', NULL, '菜单状态列表');
INSERT INTO `sys_dict_type` VALUES (3, '系统开关', 'sys_normal_disable', '0', 'admin', '2021-03-19 21:11:48', '', NULL, '系统开关列表');
INSERT INTO `sys_dict_type` VALUES (4, '任务状态', 'sys_job_status', '0', 'admin', '2021-03-19 21:11:48', '', NULL, '任务状态列表');
INSERT INTO `sys_dict_type` VALUES (5, '任务分组', 'sys_job_group', '0', 'admin', '2021-03-19 21:11:48', '', NULL, '任务分组列表');
INSERT INTO `sys_dict_type` VALUES (6, '系统是否', 'sys_yes_no', '0', 'admin', '2021-03-19 21:11:48', '', NULL, '系统是否列表');
INSERT INTO `sys_dict_type` VALUES (7, '通知类型', 'sys_notice_type', '0', 'admin', '2021-03-19 21:11:48', '', NULL, '通知类型列表');
INSERT INTO `sys_dict_type` VALUES (8, '通知状态', 'sys_notice_status', '0', 'admin', '2021-03-19 21:11:48', '', NULL, '通知状态列表');
INSERT INTO `sys_dict_type` VALUES (9, '操作类型', 'sys_oper_type', '0', 'admin', '2021-03-19 21:11:48', '', NULL, '操作类型列表');
INSERT INTO `sys_dict_type` VALUES (10, '系统状态', 'sys_common_status', '0', 'admin', '2021-03-19 21:11:48', '', NULL, '登录状态列表');
INSERT INTO `sys_dict_type` VALUES (100, '问题选项', 'question_type', '0', 'tony', '2021-03-19 23:44:16', '', NULL, NULL);

-- ----------------------------
-- Table structure for sys_form
-- ----------------------------
DROP TABLE IF EXISTS `sys_form`;
CREATE TABLE `sys_form`  (
                             `form_id` bigint(20) NOT NULL AUTO_INCREMENT COMMENT '表单主键',
                             `form_name` varchar(50) NULL DEFAULT NULL COMMENT '表单名称',
                             `form_content` longtext NULL COMMENT '表单内容',
                             `create_time` datetime(0) NULL DEFAULT NULL COMMENT '创建时间',
                             `update_time` datetime(0) NULL DEFAULT NULL COMMENT '更新时间',
                             `create_by` bigint(20) NULL DEFAULT NULL COMMENT '创建人员',
                             `update_by` bigint(20) NULL DEFAULT NULL COMMENT '更新人员',
                             `remark` varchar(255) NULL DEFAULT NULL COMMENT '备注',
                             PRIMARY KEY (`form_id`) USING BTREE
) ENGINE = InnoDB AUTO_INCREMENT = 3 COMMENT = '流程表单' ROW_FORMAT = Dynamic;

-- ----------------------------
-- Records of sys_form
-- ----------------------------
INSERT INTO `sys_form` VALUES (1, '请假', '{\r\n  \"fields\": [{\r\n    \"__config__\": {\r\n      \"label\": \"单行文本\",\r\n      \"labelWidth\": null,\r\n      \"showLabel\": true,\r\n      \"changeTag\": true,\r\n      \"tag\": \"el-input\",\r\n      \"tagIcon\": \"input\",\r\n      \"required\": true,\r\n      \"layout\": \"colFormItem\",\r\n      \"span\": 24,\r\n      \"document\": \"https://element.eleme.cn/#/zh-CN/component/input\",\r\n      \"regList\": [],\r\n      \"formId\": 101,\r\n      \"renderKey\": \"1011617616631023\"\r\n    },\r\n    \"__slot__\": {\r\n      \"prepend\": \"\",\r\n      \"append\": \"\"\r\n    },\r\n    \"placeholder\": \"请输入单行文本\",\r\n    \"style\": {\r\n      \"width\": \"100%\"\r\n    },\r\n    \"clearable\": true,\r\n    \"prefix-icon\": \"\",\r\n    \"suffix-icon\": \"\",\r\n    \"maxlength\": null,\r\n    \"show-word-limit\": false,\r\n    \"readonly\": false,\r\n    \"disabled\": false,\r\n    \"__vModel__\": \"field101\"\r\n  }, {\r\n    \"__config__\": {\r\n      \"label\": \"日期范围\",\r\n      \"tag\": \"el-date-picker\",\r\n      \"tagIcon\": \"date-range\",\r\n      \"defaultValue\": null,\r\n      \"span\": 24,\r\n      \"showLabel\": true,\r\n      \"labelWidth\": null,\r\n      \"required\": true,\r\n      \"layout\": \"colFormItem\",\r\n      \"regList\": [],\r\n      \"changeTag\": true,\r\n      \"document\": \"https://element.eleme.cn/#/zh-CN/component/date-picker\",\r\n      \"formId\": 103,\r\n      \"renderKey\": \"1031617616635899\"\r\n    },\r\n    \"style\": {\r\n      \"width\": \"100%\"\r\n    },\r\n    \"type\": \"daterange\",\r\n    \"range-separator\": \"至\",\r\n    \"start-placeholder\": \"开始日期\",\r\n    \"end-placeholder\": \"结束日期\",\r\n    \"disabled\": false,\r\n    \"clearable\": true,\r\n    \"format\": \"yyyy-MM-dd\",\r\n    \"value-format\": \"yyyy-MM-dd\",\r\n    \"readonly\": false,\r\n    \"__vModel__\": \"field103\"\r\n  }, {\r\n    \"__config__\": {\r\n      \"label\": \"多行文本\",\r\n      \"labelWidth\": null,\r\n      \"showLabel\": true,\r\n      \"tag\": \"el-input\",\r\n      \"tagIcon\": \"textarea\",\r\n      \"required\": true,\r\n      \"layout\": \"colFormItem\",\r\n      \"span\": 24,\r\n      \"regList\": [],\r\n      \"changeTag\": true,\r\n      \"document\": \"https://element.eleme.cn/#/zh-CN/component/input\",\r\n      \"formId\": 102,\r\n      \"renderKey\": \"1021617616633957\"\r\n    },\r\n    \"type\": \"textarea\",\r\n    \"placeholder\": \"请输入多行文本\",\r\n    \"autosize\": {\r\n      \"minRows\": 4,\r\n      \"maxRows\": 4\r\n    },\r\n    \"style\": {\r\n      \"width\": \"100%\"\r\n    },\r\n    \"maxlength\": null,\r\n    \"show-word-limit\": false,\r\n    \"readonly\": false,\r\n    \"disabled\": false,\r\n    \"__vModel__\": \"field102\"\r\n  }],\r\n  \"formRef\": \"elForm\",\r\n  \"formModel\": \"formData\",\r\n  \"size\": \"medium\",\r\n  \"labelPosition\": \"right\",\r\n  \"labelWidth\": 100,\r\n  \"formRules\": \"rules\",\r\n  \"gutter\": 15,\r\n  \"disabled\": false,\r\n  \"span\": 24,\r\n  \"formBtns\": true\r\n}', '2021-03-30 23:06:00', NULL, NULL, NULL, '123');
INSERT INTO `sys_form` VALUES (2, '请假表单2', '{\"fields\":[{\"__config__\":{\"label\":\"请假原因\",\"labelWidth\":null,\"showLabel\":true,\"changeTag\":true,\"tag\":\"el-input\",\"tagIcon\":\"input\",\"defaultValue\":\"\",\"required\":true,\"layout\":\"colFormItem\",\"span\":24,\"document\":\"https://element.eleme.cn/#/zh-CN/component/input\",\"regList\":[],\"formId\":102,\"renderKey\":1617285113041},\"__slot__\":{\"prepend\":\"\",\"append\":\"\"},\"placeholder\":\"请输入请假原因\",\"style\":{\"width\":\"50%\"},\"clearable\":true,\"prefix-icon\":\"\",\"suffix-icon\":\"\",\"maxlength\":null,\"show-word-limit\":false,\"readonly\":false,\"disabled\":false,\"__vModel__\":\"field102\"},{\"__config__\":{\"label\":\"请假时间\",\"tag\":\"el-date-picker\",\"tagIcon\":\"date-range\",\"defaultValue\":null,\"span\":24,\"showLabel\":true,\"labelWidth\":null,\"required\":true,\"layout\":\"colFormItem\",\"regList\":[],\"changeTag\":true,\"document\":\"https://element.eleme.cn/#/zh-CN/component/date-picker\",\"formId\":105,\"renderKey\":1617455776800},\"style\":{\"width\":\"50%\"},\"type\":\"daterange\",\"range-separator\":\"至\",\"start-placeholder\":\"开始日期\",\"end-placeholder\":\"结束日期\",\"disabled\":false,\"clearable\":true,\"format\":\"yyyy-MM-dd\",\"value-format\":\"yyyy-MM-dd\",\"readonly\":false,\"__vModel__\":\"field105\"},{\"__config__\":{\"label\":\"备注\",\"labelWidth\":null,\"showLabel\":true,\"tag\":\"el-input\",\"tagIcon\":\"textarea\",\"defaultValue\":\"\",\"required\":true,\"layout\":\"colFormItem\",\"span\":24,\"regList\":[],\"changeTag\":true,\"document\":\"https://element.eleme.cn/#/zh-CN/component/input\",\"formId\":104,\"renderKey\":1617455763381},\"type\":\"textarea\",\"placeholder\":\"请输入备注\",\"autosize\":{\"minRows\":4,\"maxRows\":4},\"style\":{\"width\":\"50%\"},\"maxlength\":null,\"show-word-limit\":false,\"readonly\":false,\"disabled\":false,\"__vModel__\":\"field104\"}],\"formRef\":\"elForm\",\"formModel\":\"formData\",\"size\":\"medium\",\"labelPosition\":\"right\",\"labelWidth\":100,\"formRules\":\"rules\",\"gutter\":15,\"disabled\":false,\"span\":24,\"formBtns\":true,\"unFocusedComponentBorder\":false}', '2021-04-05 18:46:31', NULL, NULL, NULL, '2222');

-- ----------------------------
-- Table structure for sys_job
-- ----------------------------
DROP TABLE IF EXISTS `sys_job`;
CREATE TABLE `sys_job`  (
                            `job_id` bigint(20) NOT NULL AUTO_INCREMENT COMMENT '任务ID',
                            `job_name` varchar(64) NOT NULL DEFAULT '' COMMENT '任务名称',
                            `job_group` varchar(64) NOT NULL DEFAULT 'DEFAULT' COMMENT '任务组名',
                            `invoke_target` varchar(500) NOT NULL COMMENT '调用目标字符串',
                            `cron_expression` varchar(255) NULL DEFAULT '' COMMENT 'cron执行表达式',
                            `misfire_policy` varchar(20) NULL DEFAULT '3' COMMENT '计划执行错误策略（1立即执行 2执行一次 3放弃执行）',
                            `concurrent` char(1) NULL DEFAULT '1' COMMENT '是否并发执行（0允许 1禁止）',
                            `status` char(1) NULL DEFAULT '0' COMMENT '状态（0正常 1暂停）',
                            `create_by` varchar(64) NULL DEFAULT '' COMMENT '创建者',
                            `create_time` datetime(0) NULL DEFAULT NULL COMMENT '创建时间',
                            `update_by` varchar(64) NULL DEFAULT '' COMMENT '更新者',
                            `update_time` datetime(0) NULL DEFAULT NULL COMMENT '更新时间',
                            `remark` varchar(500) NULL DEFAULT '' COMMENT '备注信息',
                            PRIMARY KEY (`job_id`, `job_name`, `job_group`) USING BTREE
) ENGINE = InnoDB AUTO_INCREMENT = 4 COMMENT = '定时任务调度表' ROW_FORMAT = Dynamic;

-- ----------------------------
-- Records of sys_job
-- ----------------------------
INSERT INTO `sys_job` VALUES (1, '系统默认（无参）', 'DEFAULT', 'ryTask.ryNoParams', '0/10 * * * * ?', '3', '1', '1', 'admin', '2021-03-19 21:11:48', '', NULL, '');
INSERT INTO `sys_job` VALUES (2, '系统默认（有参）', 'DEFAULT', 'ryTask.ryParams(\'ry\')', '0/15 * * * * ?', '3', '1', '1', 'admin', '2021-03-19 21:11:48', '', NULL, '');
INSERT INTO `sys_job` VALUES (3, '系统默认（多参）', 'DEFAULT', 'ryTask.ryMultipleParams(\'ry\', true, 2000L, 316.50D, 100)', '0/20 * * * * ?', '3', '1', '1', 'admin', '2021-03-19 21:11:48', '', NULL, '');

-- ----------------------------
-- Table structure for sys_job_log
-- ----------------------------
DROP TABLE IF EXISTS `sys_job_log`;
CREATE TABLE `sys_job_log`  (
                                `job_log_id` bigint(20) NOT NULL AUTO_INCREMENT COMMENT '任务日志ID',
                                `job_name` varchar(64) NOT NULL COMMENT '任务名称',
                                `job_group` varchar(64) NOT NULL COMMENT '任务组名',
                                `invoke_target` varchar(500) NOT NULL COMMENT '调用目标字符串',
                                `job_message` varchar(500) NULL DEFAULT NULL COMMENT '日志信息',
                                `status` char(1) NULL DEFAULT '0' COMMENT '执行状态（0正常 1失败）',
                                `exception_info` varchar(2000) NULL DEFAULT '' COMMENT '异常信息',
                                `create_time` datetime(0) NULL DEFAULT NULL COMMENT '创建时间',
                                PRIMARY KEY (`job_log_id`) USING BTREE
) ENGINE = InnoDB AUTO_INCREMENT = 1 COMMENT = '定时任务调度日志表' ROW_FORMAT = Dynamic;

-- ----------------------------
-- Records of sys_job_log
-- ----------------------------

-- ----------------------------
-- Table structure for sys_logininfor
-- ----------------------------
DROP TABLE IF EXISTS `sys_logininfor`;
CREATE TABLE `sys_logininfor`  (
                                   `info_id` bigint(20) NOT NULL AUTO_INCREMENT COMMENT '访问ID',
                                   `user_name` varchar(50) NULL DEFAULT '' COMMENT '用户账号',
                                   `ipaddr` varchar(128) NULL DEFAULT '' COMMENT '登录IP地址',
                                   `login_location` varchar(255) NULL DEFAULT '' COMMENT '登录地点',
                                   `browser` varchar(50) NULL DEFAULT '' COMMENT '浏览器类型',
                                   `os` varchar(50) NULL DEFAULT '' COMMENT '操作系统',
                                   `status` char(1) NULL DEFAULT '0' COMMENT '登录状态（0成功 1失败）',
                                   `msg` varchar(255) NULL DEFAULT '' COMMENT '提示消息',
                                   `login_time` datetime(0) NULL DEFAULT NULL COMMENT '访问时间',
                                   PRIMARY KEY (`info_id`) USING BTREE
) ENGINE = InnoDB AUTO_INCREMENT = 243 COMMENT = '系统访问记录' ROW_FORMAT = Dynamic;

-- ----------------------------
-- Records of sys_logininfor
-- ----------------------------
INSERT INTO `sys_logininfor` VALUES (100, 'admin', '127.0.0.1', '内网IP', 'Chrome 8', 'Windows 10', '0', '登录成功', '2021-03-19 22:05:03');
INSERT INTO `sys_logininfor` VALUES (101, 'admin', '127.0.0.1', '内网IP', 'Chrome 8', 'Windows 10', '0', '退出成功', '2021-03-19 22:58:17');
INSERT INTO `sys_logininfor` VALUES (102, 'tony', '127.0.0.1', '内网IP', 'Chrome 8', 'Windows 10', '1', '验证码错误', '2021-03-19 22:58:28');
INSERT INTO `sys_logininfor` VALUES (103, 'tony', '127.0.0.1', '内网IP', 'Chrome 8', 'Windows 10', '0', '登录成功', '2021-03-19 22:58:33');
INSERT INTO `sys_logininfor` VALUES (104, 'tony', '127.0.0.1', '内网IP', 'Chrome 8', 'Windows 10', '0', '退出成功', '2021-03-19 23:08:08');
INSERT INTO `sys_logininfor` VALUES (105, 'tony', '127.0.0.1', '内网IP', 'Chrome 8', 'Windows 10', '0', '登录成功', '2021-03-19 23:08:19');
INSERT INTO `sys_logininfor` VALUES (106, 'tony', '127.0.0.1', '内网IP', 'Chrome 8', 'Windows 10', '0', '退出成功', '2021-03-19 23:11:08');
INSERT INTO `sys_logininfor` VALUES (107, 'test', '127.0.0.1', '内网IP', 'Chrome 8', 'Windows 10', '1', '用户不存在/密码错误', '2021-03-19 23:11:20');
INSERT INTO `sys_logininfor` VALUES (108, 'test', '127.0.0.1', '内网IP', 'Chrome 8', 'Windows 10', '1', '用户不存在/密码错误', '2021-03-19 23:11:25');
INSERT INTO `sys_logininfor` VALUES (109, 'tony', '127.0.0.1', '内网IP', 'Chrome 8', 'Windows 10', '0', '登录成功', '2021-03-19 23:11:38');
INSERT INTO `sys_logininfor` VALUES (110, 'tony', '127.0.0.1', '内网IP', 'Chrome 8', 'Windows 10', '0', '退出成功', '2021-03-19 23:14:40');
INSERT INTO `sys_logininfor` VALUES (111, 'tony', '127.0.0.1', '内网IP', 'Chrome 8', 'Windows 10', '1', '验证码错误', '2021-03-19 23:14:50');
INSERT INTO `sys_logininfor` VALUES (112, 'tony', '127.0.0.1', '内网IP', 'Chrome 8', 'Windows 10', '0', '登录成功', '2021-03-19 23:14:55');
INSERT INTO `sys_logininfor` VALUES (113, 'tony', '127.0.0.1', '内网IP', 'Chrome 8', 'Windows 10', '0', '退出成功', '2021-03-19 23:20:00');
INSERT INTO `sys_logininfor` VALUES (114, 'tony', '127.0.0.1', '内网IP', 'Chrome 8', 'Windows 10', '1', '用户不存在/密码错误', '2021-03-19 23:20:10');
INSERT INTO `sys_logininfor` VALUES (115, 'tony', '127.0.0.1', '内网IP', 'Chrome 8', 'Windows 10', '0', '登录成功', '2021-03-19 23:20:19');
INSERT INTO `sys_logininfor` VALUES (116, 'tony', '127.0.0.1', '内网IP', 'Chrome 8', 'Windows 10', '0', '退出成功', '2021-03-19 23:25:16');
INSERT INTO `sys_logininfor` VALUES (117, 'admin', '127.0.0.1', '内网IP', 'Chrome 8', 'Windows 10', '0', '登录成功', '2021-03-19 23:25:23');
INSERT INTO `sys_logininfor` VALUES (118, 'admin', '127.0.0.1', '内网IP', 'Chrome 8', 'Windows 10', '0', '退出成功', '2021-03-19 23:30:43');
INSERT INTO `sys_logininfor` VALUES (119, 'tony', '127.0.0.1', '内网IP', 'Chrome 8', 'Windows 10', '1', '验证码错误', '2021-03-19 23:30:57');
INSERT INTO `sys_logininfor` VALUES (120, 'tony', '127.0.0.1', '内网IP', 'Chrome 8', 'Windows 10', '1', '验证码错误', '2021-03-19 23:31:04');
INSERT INTO `sys_logininfor` VALUES (121, 'tony', '127.0.0.1', '内网IP', 'Chrome 8', 'Windows 10', '0', '登录成功', '2021-03-19 23:31:09');
INSERT INTO `sys_logininfor` VALUES (122, 'tony', '127.0.0.1', '内网IP', 'Chrome 8', 'Windows 10', '0', '退出成功', '2021-03-19 23:45:55');
INSERT INTO `sys_logininfor` VALUES (123, 'tony', '127.0.0.1', '内网IP', 'Chrome 8', 'Windows 10', '0', '登录成功', '2021-03-19 23:46:05');
INSERT INTO `sys_logininfor` VALUES (124, 'test', '127.0.0.1', '内网IP', 'Chrome 8', 'Windows 10', '1', '用户不存在/密码错误', '2021-03-20 09:00:56');
INSERT INTO `sys_logininfor` VALUES (125, 'tony', '127.0.0.1', '内网IP', 'Chrome 8', 'Windows 10', '0', '登录成功', '2021-03-20 09:01:05');
INSERT INTO `sys_logininfor` VALUES (126, 'tony', '127.0.0.1', '内网IP', 'Chrome 8', 'Windows 10', '0', '退出成功', '2021-03-20 09:26:26');
INSERT INTO `sys_logininfor` VALUES (127, 'tony', '127.0.0.1', '内网IP', 'Chrome 8', 'Windows 10', '0', '登录成功', '2021-03-20 09:26:36');
INSERT INTO `sys_logininfor` VALUES (128, 'tony', '127.0.0.1', '内网IP', 'Chrome 8', 'Windows 10', '0', '退出成功', '2021-03-20 09:27:10');
INSERT INTO `sys_logininfor` VALUES (129, 'tony', '127.0.0.1', '内网IP', 'Chrome 8', 'Windows 10', '0', '登录成功', '2021-03-20 09:27:27');
INSERT INTO `sys_logininfor` VALUES (130, 'tony', '127.0.0.1', '内网IP', 'Chrome 8', 'Windows 10', '1', '验证码已失效', '2021-03-20 17:51:15');
INSERT INTO `sys_logininfor` VALUES (131, 'tony', '127.0.0.1', '内网IP', 'Chrome 8', 'Windows 10', '0', '登录成功', '2021-03-20 17:51:24');
INSERT INTO `sys_logininfor` VALUES (132, 'tony', '127.0.0.1', '内网IP', 'Chrome 8', 'Windows 10', '0', '登录成功', '2021-03-20 23:56:16');
INSERT INTO `sys_logininfor` VALUES (133, 'tony', '127.0.0.1', '内网IP', 'Chrome 8', 'Windows 10', '0', '退出成功', '2021-03-21 01:27:20');
INSERT INTO `sys_logininfor` VALUES (134, 'tony', '127.0.0.1', '内网IP', 'Chrome 8', 'Windows 10', '1', '验证码错误', '2021-03-21 01:27:28');
INSERT INTO `sys_logininfor` VALUES (135, 'tony', '127.0.0.1', '内网IP', 'Chrome 8', 'Windows 10', '0', '登录成功', '2021-03-21 01:27:35');
INSERT INTO `sys_logininfor` VALUES (136, 'tony', '127.0.0.1', '内网IP', 'Chrome 8', 'Windows 10', '0', '登录成功', '2021-03-21 12:44:52');
INSERT INTO `sys_logininfor` VALUES (137, 'tony', '127.0.0.1', '内网IP', 'Chrome 8', 'Windows 10', '0', '登录成功', '2021-03-21 19:30:40');
INSERT INTO `sys_logininfor` VALUES (138, 'tony', '127.0.0.1', '内网IP', 'Chrome 8', 'Windows 10', '0', '登录成功', '2021-03-22 10:14:48');
INSERT INTO `sys_logininfor` VALUES (139, 'tony', '127.0.0.1', '内网IP', 'Chrome 8', 'Windows 10', '0', '登录成功', '2021-03-22 10:59:11');
INSERT INTO `sys_logininfor` VALUES (140, 'tony', '127.0.0.1', '内网IP', 'Chrome 8', 'Windows 10', '0', '登录成功', '2021-03-24 15:29:25');
INSERT INTO `sys_logininfor` VALUES (141, 'ucd', '127.0.0.1', '内网IP', 'Chrome 8', 'Windows 10', '1', '用户不存在/密码错误', '2021-03-25 11:33:56');
INSERT INTO `sys_logininfor` VALUES (142, 'tony', '127.0.0.1', '内网IP', 'Chrome 8', 'Windows 10', '0', '登录成功', '2021-03-25 11:34:06');
INSERT INTO `sys_logininfor` VALUES (143, 'tony', '127.0.0.1', '内网IP', 'Chrome 8', 'Windows 10', '0', '退出成功', '2021-03-25 11:35:43');
INSERT INTO `sys_logininfor` VALUES (144, 'admin', '127.0.0.1', '内网IP', 'Chrome 8', 'Windows 10', '1', '用户不存在/密码错误', '2021-03-25 11:35:51');
INSERT INTO `sys_logininfor` VALUES (145, 'admin', '127.0.0.1', '内网IP', 'Chrome 8', 'Windows 10', '0', '登录成功', '2021-03-25 11:36:23');
INSERT INTO `sys_logininfor` VALUES (146, 'admin', '127.0.0.1', '内网IP', 'Chrome 8', 'Windows 10', '0', '退出成功', '2021-03-25 11:38:00');
INSERT INTO `sys_logininfor` VALUES (147, 'tony', '127.0.0.1', '内网IP', 'Chrome 8', 'Windows 10', '0', '登录成功', '2021-03-25 11:38:11');
INSERT INTO `sys_logininfor` VALUES (148, 'tony', '127.0.0.1', '内网IP', 'Chrome 8', 'Windows 10', '0', '登录成功', '2021-03-25 13:43:17');
INSERT INTO `sys_logininfor` VALUES (149, 'tony', '127.0.0.1', '内网IP', 'Chrome 8', 'Windows 10', '0', '退出成功', '2021-03-25 13:54:25');
INSERT INTO `sys_logininfor` VALUES (150, 'admin', '127.0.0.1', '内网IP', 'Chrome 8', 'Windows 10', '0', '登录成功', '2021-03-25 13:54:34');
INSERT INTO `sys_logininfor` VALUES (151, 'admin', '127.0.0.1', '内网IP', 'Chrome 8', 'Windows 10', '0', '退出成功', '2021-03-25 13:54:52');
INSERT INTO `sys_logininfor` VALUES (152, 'tony', '127.0.0.1', '内网IP', 'Chrome 8', 'Windows 10', '0', '登录成功', '2021-03-25 13:55:02');
INSERT INTO `sys_logininfor` VALUES (153, 'tony', '127.0.0.1', '内网IP', 'Chrome 8', 'Windows 10', '0', '退出成功', '2021-03-25 14:07:48');
INSERT INTO `sys_logininfor` VALUES (154, 'tony', '127.0.0.1', '内网IP', 'Chrome 8', 'Windows 10', '0', '登录成功', '2021-03-25 14:07:55');
INSERT INTO `sys_logininfor` VALUES (155, 'tony', '127.0.0.1', '内网IP', 'Chrome 8', 'Windows 10', '0', '登录成功', '2021-03-25 16:28:14');
INSERT INTO `sys_logininfor` VALUES (156, 'tony', '127.0.0.1', '内网IP', 'Chrome 8', 'Windows 10', '1', '验证码已失效', '2021-03-26 10:47:00');
INSERT INTO `sys_logininfor` VALUES (157, 'tony', '127.0.0.1', '内网IP', 'Chrome 8', 'Windows 10', '1', '验证码错误', '2021-03-26 10:47:04');
INSERT INTO `sys_logininfor` VALUES (158, 'tony', '127.0.0.1', '内网IP', 'Chrome 8', 'Windows 10', '0', '登录成功', '2021-03-26 10:47:08');
INSERT INTO `sys_logininfor` VALUES (159, 'tony', '127.0.0.1', '内网IP', 'Chrome 8', 'Windows 10', '0', '退出成功', '2021-03-26 10:53:29');
INSERT INTO `sys_logininfor` VALUES (160, 'admin', '127.0.0.1', '内网IP', 'Chrome 8', 'Windows 10', '0', '登录成功', '2021-03-26 10:53:37');
INSERT INTO `sys_logininfor` VALUES (161, 'admin', '127.0.0.1', '内网IP', 'Chrome 8', 'Windows 10', '0', '退出成功', '2021-03-26 11:26:39');
INSERT INTO `sys_logininfor` VALUES (162, 'tony', '127.0.0.1', '内网IP', 'Chrome 8', 'Windows 10', '0', '登录成功', '2021-03-26 11:26:46');
INSERT INTO `sys_logininfor` VALUES (163, 'tony', '127.0.0.1', '内网IP', 'Chrome 8', 'Windows 10', '0', '退出成功', '2021-03-26 11:26:55');
INSERT INTO `sys_logininfor` VALUES (164, 'admin', '127.0.0.1', '内网IP', 'Chrome 8', 'Windows 10', '0', '登录成功', '2021-03-26 11:27:09');
INSERT INTO `sys_logininfor` VALUES (165, 'admin', '127.0.0.1', '内网IP', 'Chrome 8', 'Windows 10', '0', '登录成功', '2021-03-26 13:57:09');
INSERT INTO `sys_logininfor` VALUES (166, 'admin', '127.0.0.1', '内网IP', 'Chrome 8', 'Windows 10', '0', '登录成功', '2021-03-26 16:42:50');
INSERT INTO `sys_logininfor` VALUES (167, 'admin', '127.0.0.1', '内网IP', 'Chrome 8', 'Windows 10', '0', '登录成功', '2021-03-29 09:31:11');
INSERT INTO `sys_logininfor` VALUES (168, 'admin', '127.0.0.1', '内网IP', 'Chrome 8', 'Windows 10', '0', '退出成功', '2021-03-29 09:38:01');
INSERT INTO `sys_logininfor` VALUES (169, 'admin', '127.0.0.1', '内网IP', 'Chrome 8', 'Windows 10', '0', '登录成功', '2021-03-29 09:38:05');
INSERT INTO `sys_logininfor` VALUES (170, 'admin', '127.0.0.1', '内网IP', 'Chrome 8', 'Windows 10', '0', '退出成功', '2021-03-29 09:39:11');
INSERT INTO `sys_logininfor` VALUES (171, 'admin', '127.0.0.1', '内网IP', 'Chrome 8', 'Windows 10', '0', '登录成功', '2021-03-29 09:39:19');
INSERT INTO `sys_logininfor` VALUES (172, 'admin', '127.0.0.1', '内网IP', 'Chrome 8', 'Windows 10', '1', '验证码已失效', '2021-03-29 11:02:24');
INSERT INTO `sys_logininfor` VALUES (173, 'admin', '127.0.0.1', '内网IP', 'Chrome 8', 'Windows 10', '0', '登录成功', '2021-03-29 11:02:27');
INSERT INTO `sys_logininfor` VALUES (174, 'admin', '127.0.0.1', '内网IP', 'Chrome 8', 'Windows 10', '0', '登录成功', '2021-03-29 15:19:32');
INSERT INTO `sys_logininfor` VALUES (175, 'admin', '127.0.0.1', '内网IP', 'Chrome 8', 'Windows 10', '0', '退出成功', '2021-03-29 15:35:14');
INSERT INTO `sys_logininfor` VALUES (176, 'admin', '127.0.0.1', '内网IP', 'Chrome 8', 'Windows 10', '0', '登录成功', '2021-03-29 15:35:42');
INSERT INTO `sys_logininfor` VALUES (177, 'admin', '127.0.0.1', '内网IP', 'Chrome 8', 'Windows 10', '0', '退出成功', '2021-03-29 15:43:52');
INSERT INTO `sys_logininfor` VALUES (178, 'ucd', '127.0.0.1', '内网IP', 'Chrome 8', 'Windows 10', '1', '用户不存在/密码错误', '2021-03-29 15:44:02');
INSERT INTO `sys_logininfor` VALUES (179, 'ucd', '127.0.0.1', '内网IP', 'Chrome 8', 'Windows 10', '1', '验证码错误', '2021-03-29 15:44:07');
INSERT INTO `sys_logininfor` VALUES (180, 'ucd', '127.0.0.1', '内网IP', 'Chrome 8', 'Windows 10', '1', '用户不存在/密码错误', '2021-03-29 15:44:11');
INSERT INTO `sys_logininfor` VALUES (181, 'tony', '127.0.0.1', '内网IP', 'Chrome 8', 'Windows 10', '0', '登录成功', '2021-03-29 15:44:20');
INSERT INTO `sys_logininfor` VALUES (182, 'tony', '127.0.0.1', '内网IP', 'Chrome 8', 'Windows 10', '0', '退出成功', '2021-03-29 15:45:17');
INSERT INTO `sys_logininfor` VALUES (183, 'admin', '127.0.0.1', '内网IP', 'Chrome 8', 'Windows 10', '0', '登录成功', '2021-03-29 15:45:30');
INSERT INTO `sys_logininfor` VALUES (184, 'admin', '127.0.0.1', '内网IP', 'Chrome 8', 'Windows 10', '0', '退出成功', '2021-03-29 15:45:53');
INSERT INTO `sys_logininfor` VALUES (185, 'ry', '127.0.0.1', '内网IP', 'Chrome 8', 'Windows 10', '1', '验证码错误', '2021-03-29 15:46:01');
INSERT INTO `sys_logininfor` VALUES (186, 'ry', '127.0.0.1', '内网IP', 'Chrome 8', 'Windows 10', '1', '验证码错误', '2021-03-29 15:46:05');
INSERT INTO `sys_logininfor` VALUES (187, 'ry', '127.0.0.1', '内网IP', 'Chrome 8', 'Windows 10', '0', '登录成功', '2021-03-29 15:46:09');
INSERT INTO `sys_logininfor` VALUES (188, 'ry', '127.0.0.1', '内网IP', 'Chrome 8', 'Windows 10', '0', '退出成功', '2021-03-29 15:48:43');
INSERT INTO `sys_logininfor` VALUES (189, 'tony', '127.0.0.1', '内网IP', 'Chrome 8', 'Windows 10', '0', '登录成功', '2021-03-29 15:48:53');
INSERT INTO `sys_logininfor` VALUES (190, 'tony', '127.0.0.1', '内网IP', 'Chrome 8', 'Windows 10', '0', '退出成功', '2021-03-29 15:53:49');
INSERT INTO `sys_logininfor` VALUES (191, 'admin', '127.0.0.1', '内网IP', 'Chrome 8', 'Windows 10', '0', '登录成功', '2021-03-29 15:53:59');
INSERT INTO `sys_logininfor` VALUES (192, 'ry', '127.0.0.1', '内网IP', 'Microsoft Edge', 'Windows 10', '0', '登录成功', '2021-03-29 17:40:32');
INSERT INTO `sys_logininfor` VALUES (193, 'ry', '127.0.0.1', '内网IP', 'Microsoft Edge', 'Windows 10', '0', '退出成功', '2021-03-29 17:40:53');
INSERT INTO `sys_logininfor` VALUES (194, 'tony', '127.0.0.1', '内网IP', 'Microsoft Edge', 'Windows 10', '0', '登录成功', '2021-03-29 17:41:02');
INSERT INTO `sys_logininfor` VALUES (195, 'tony', '127.0.0.1', '内网IP', 'Microsoft Edge', 'Windows 10', '0', '退出成功', '2021-03-29 17:41:23');
INSERT INTO `sys_logininfor` VALUES (196, 'ry', '127.0.0.1', '内网IP', 'Microsoft Edge', 'Windows 10', '0', '登录成功', '2021-03-29 17:41:34');
INSERT INTO `sys_logininfor` VALUES (197, 'admin', '127.0.0.1', '内网IP', 'Chrome 8', 'Windows 10', '0', '登录成功', '2021-03-30 09:25:30');
INSERT INTO `sys_logininfor` VALUES (198, 'admin', '127.0.0.1', '内网IP', 'Chrome 8', 'Windows 10', '0', '退出成功', '2021-03-30 09:26:56');
INSERT INTO `sys_logininfor` VALUES (199, 'admin', '127.0.0.1', '内网IP', 'Chrome 8', 'Windows 10', '0', '登录成功', '2021-03-30 09:27:00');
INSERT INTO `sys_logininfor` VALUES (200, 'admin', '127.0.0.1', '内网IP', 'Chrome 8', 'Windows 10', '0', '登录成功', '2021-03-30 11:15:57');
INSERT INTO `sys_logininfor` VALUES (201, 'admin', '127.0.0.1', '内网IP', 'Chrome 8', 'Windows 10', '0', '登录成功', '2021-03-30 12:33:12');
INSERT INTO `sys_logininfor` VALUES (202, 'admin', '127.0.0.1', '内网IP', 'Chrome 8', 'Windows 10', '0', '登录成功', '2021-03-30 13:42:47');
INSERT INTO `sys_logininfor` VALUES (203, 'admin', '127.0.0.1', '内网IP', 'Chrome 8', 'Windows 10', '0', '登录成功', '2021-03-30 16:41:52');
INSERT INTO `sys_logininfor` VALUES (204, 'admin', '127.0.0.1', '内网IP', 'Chrome 8', 'Windows 10', '0', '登录成功', '2021-03-30 17:20:23');
INSERT INTO `sys_logininfor` VALUES (205, 'admin', '127.0.0.1', '内网IP', 'Chrome 8', 'Windows 10', '0', '登录成功', '2021-03-30 21:41:08');
INSERT INTO `sys_logininfor` VALUES (206, 'admin', '127.0.0.1', '内网IP', 'Chrome 8', 'Windows 10', '0', '退出成功', '2021-03-30 22:55:18');
INSERT INTO `sys_logininfor` VALUES (207, 'admin', '127.0.0.1', '内网IP', 'Chrome 8', 'Windows 10', '0', '登录成功', '2021-03-30 22:55:23');
INSERT INTO `sys_logininfor` VALUES (208, 'admin', '127.0.0.1', '内网IP', 'Chrome 8', 'Windows 10', '0', '退出成功', '2021-03-30 23:33:33');
INSERT INTO `sys_logininfor` VALUES (209, 'admin', '127.0.0.1', '内网IP', 'Chrome 8', 'Windows 10', '0', '登录成功', '2021-03-30 23:33:41');
INSERT INTO `sys_logininfor` VALUES (210, 'admin', '127.0.0.1', '内网IP', 'Chrome 8', 'Windows 10', '0', '退出成功', '2021-03-30 23:44:08');
INSERT INTO `sys_logininfor` VALUES (211, 'admin', '127.0.0.1', '内网IP', 'Chrome 8', 'Windows 10', '0', '登录成功', '2021-03-30 23:44:29');
INSERT INTO `sys_logininfor` VALUES (212, 'admin', '127.0.0.1', '内网IP', 'Chrome 8', 'Windows 10', '1', '验证码错误', '2021-03-31 20:40:47');
INSERT INTO `sys_logininfor` VALUES (213, 'admin', '127.0.0.1', '内网IP', 'Chrome 8', 'Windows 10', '0', '登录成功', '2021-03-31 20:40:51');
INSERT INTO `sys_logininfor` VALUES (214, 'admin', '127.0.0.1', '内网IP', 'Chrome 8', 'Windows 10', '0', '登录成功', '2021-03-31 21:36:05');
INSERT INTO `sys_logininfor` VALUES (215, 'admin', '127.0.0.1', '内网IP', 'Chrome 8', 'Windows 10', '0', '登录成功', '2021-04-01 08:58:44');
INSERT INTO `sys_logininfor` VALUES (216, 'admin', '127.0.0.1', '内网IP', 'Chrome 8', 'Windows 10', '0', '登录成功', '2021-04-01 18:34:20');
INSERT INTO `sys_logininfor` VALUES (217, 'admin', '127.0.0.1', '内网IP', 'Chrome 8', 'Windows 10', '0', '登录成功', '2021-04-01 20:38:05');
INSERT INTO `sys_logininfor` VALUES (218, 'admin', '127.0.0.1', '内网IP', 'Chrome 8', 'Windows 10', '0', '退出成功', '2021-04-01 23:06:52');
INSERT INTO `sys_logininfor` VALUES (219, 'admin', '127.0.0.1', '内网IP', 'Chrome 8', 'Windows 10', '0', '登录成功', '2021-04-01 23:06:59');
INSERT INTO `sys_logininfor` VALUES (220, 'admin', '127.0.0.1', '内网IP', 'Chrome 8', 'Windows 10', '0', '登录成功', '2021-04-02 10:54:04');
INSERT INTO `sys_logininfor` VALUES (221, 'admin', '127.0.0.1', '内网IP', 'Chrome 8', 'Windows 10', '0', '登录成功', '2021-04-03 18:05:25');
INSERT INTO `sys_logininfor` VALUES (222, 'admin', '127.0.0.1', '内网IP', 'Chrome 8', 'Windows 10', '1', '验证码错误', '2021-04-03 18:48:50');
INSERT INTO `sys_logininfor` VALUES (223, 'admin', '127.0.0.1', '内网IP', 'Chrome 8', 'Windows 10', '0', '登录成功', '2021-04-03 18:48:53');
INSERT INTO `sys_logininfor` VALUES (224, 'admin', '127.0.0.1', '内网IP', 'Chrome 8', 'Windows 10', '0', '登录成功', '2021-04-03 19:45:28');
INSERT INTO `sys_logininfor` VALUES (225, 'admin', '127.0.0.1', '内网IP', 'Chrome 8', 'Windows 10', '0', '登录成功', '2021-04-04 10:17:53');
INSERT INTO `sys_logininfor` VALUES (226, 'admin', '127.0.0.1', '内网IP', 'Chrome 8', 'Windows 10', '0', '登录成功', '2021-04-04 12:28:51');
INSERT INTO `sys_logininfor` VALUES (227, 'admin', '127.0.0.1', '内网IP', 'Chrome 8', 'Windows 10', '1', '验证码错误', '2021-04-04 17:50:26');
INSERT INTO `sys_logininfor` VALUES (228, 'admin', '127.0.0.1', '内网IP', 'Chrome 8', 'Windows 10', '0', '登录成功', '2021-04-04 17:50:31');
INSERT INTO `sys_logininfor` VALUES (229, 'admin', '127.0.0.1', '内网IP', 'Chrome 8', 'Windows 10', '0', '登录成功', '2021-04-04 18:39:16');
INSERT INTO `sys_logininfor` VALUES (230, 'admin', '127.0.0.1', '内网IP', 'Chrome 8', 'Windows 10', '0', '退出成功', '2021-04-04 21:45:54');
INSERT INTO `sys_logininfor` VALUES (231, 'admin', '127.0.0.1', '内网IP', 'Chrome 8', 'Windows 10', '0', '登录成功', '2021-04-04 21:45:59');
INSERT INTO `sys_logininfor` VALUES (232, 'admin', '127.0.0.1', '内网IP', 'Chrome 8', 'Windows 10', '0', '退出成功', '2021-04-04 21:46:51');
INSERT INTO `sys_logininfor` VALUES (233, 'admin', '127.0.0.1', '内网IP', 'Chrome 8', 'Windows 10', '0', '登录成功', '2021-04-04 21:46:56');
INSERT INTO `sys_logininfor` VALUES (234, 'admin', '127.0.0.1', '内网IP', 'Chrome 8', 'Windows 10', '0', '登录成功', '2021-04-05 00:40:02');
INSERT INTO `sys_logininfor` VALUES (235, 'admin', '127.0.0.1', '内网IP', 'Chrome 8', 'Windows 10', '0', '登录成功', '2021-04-05 11:24:54');
INSERT INTO `sys_logininfor` VALUES (236, 'admin', '127.0.0.1', '内网IP', 'Chrome 8', 'Windows 10', '0', '退出成功', '2021-04-05 16:05:40');
INSERT INTO `sys_logininfor` VALUES (237, 'admin', '127.0.0.1', '内网IP', 'Chrome 8', 'Windows 10', '0', '登录成功', '2021-04-05 16:05:46');
INSERT INTO `sys_logininfor` VALUES (238, 'admin', '127.0.0.1', '内网IP', 'Chrome 8', 'Windows 10', '0', '退出成功', '2021-04-05 16:57:17');
INSERT INTO `sys_logininfor` VALUES (239, 'admin', '127.0.0.1', '内网IP', 'Chrome 8', 'Windows 10', '0', '登录成功', '2021-04-05 16:57:31');
INSERT INTO `sys_logininfor` VALUES (240, 'admin', '127.0.0.1', '内网IP', 'Chrome 8', 'Windows 10', '1', '验证码错误', '2021-04-06 21:43:12');
INSERT INTO `sys_logininfor` VALUES (241, 'admin', '127.0.0.1', '内网IP', 'Chrome 8', 'Windows 10', '0', '登录成功', '2021-04-06 21:43:18');
INSERT INTO `sys_logininfor` VALUES (242, 'admin', '127.0.0.1', '内网IP', 'Chrome 8', 'Windows 10', '0', '登录成功', '2021-04-07 20:39:25');

-- ----------------------------
-- Table structure for sys_menu
-- ----------------------------
DROP TABLE IF EXISTS `sys_menu`;
CREATE TABLE `sys_menu`  (
                             `menu_id` bigint(20) NOT NULL AUTO_INCREMENT COMMENT '菜单ID',
                             `menu_name` varchar(50) NOT NULL COMMENT '菜单名称',
                             `parent_id` bigint(20) NULL DEFAULT 0 COMMENT '父菜单ID',
                             `order_num` int(4) NULL DEFAULT 0 COMMENT '显示顺序',
                             `path` varchar(200) NULL DEFAULT '' COMMENT '路由地址',
                             `component` varchar(255) NULL DEFAULT NULL COMMENT '组件路径',
                             `is_frame` int(1) NULL DEFAULT 1 COMMENT '是否为外链（0是 1否）',
                             `is_cache` int(1) NULL DEFAULT 0 COMMENT '是否缓存（0缓存 1不缓存）',
                             `menu_type` char(1) NULL DEFAULT '' COMMENT '菜单类型（M目录 C菜单 F按钮）',
                             `visible` char(1) NULL DEFAULT '0' COMMENT '菜单状态（0显示 1隐藏）',
                             `status` char(1) NULL DEFAULT '0' COMMENT '菜单状态（0正常 1停用）',
                             `perms` varchar(100) NULL DEFAULT NULL COMMENT '权限标识',
                             `icon` varchar(100) NULL DEFAULT '#' COMMENT '菜单图标',
                             `create_by` varchar(64) NULL DEFAULT '' COMMENT '创建者',
                             `create_time` datetime(0) NULL DEFAULT NULL COMMENT '创建时间',
                             `update_by` varchar(64) NULL DEFAULT '' COMMENT '更新者',
                             `update_time` datetime(0) NULL DEFAULT NULL COMMENT '更新时间',
                             `remark` varchar(500) NULL DEFAULT '' COMMENT '备注',
                             PRIMARY KEY (`menu_id`) USING BTREE
) ENGINE = InnoDB AUTO_INCREMENT = 2028 COMMENT = '菜单权限表' ROW_FORMAT = Dynamic;

-- ----------------------------
-- Records of sys_menu
-- ----------------------------
INSERT INTO `sys_menu` VALUES (1, '系统管理', 0, 1, 'system', NULL, 1, 0, 'M', '0', '0', '', 'system', 'admin', '2021-03-19 21:11:48', '', NULL, '系统管理目录');
INSERT INTO `sys_menu` VALUES (2, '系统监控', 0, 2, 'monitor', NULL, 1, 0, 'M', '0', '0', '', 'monitor', 'admin', '2021-03-19 21:11:48', '', NULL, '系统监控目录');
INSERT INTO `sys_menu` VALUES (3, '系统工具', 0, 3, 'tool', NULL, 1, 0, 'M', '0', '0', '', 'tool', 'admin', '2021-03-19 21:11:48', '', NULL, '系统工具目录');
INSERT INTO `sys_menu` VALUES (4, '若依官网', 0, 4, 'http://ucd.vip', NULL, 0, 0, 'M', '0', '0', '', 'guide', 'admin', '2021-03-19 21:11:48', '', NULL, '若依官网地址');
INSERT INTO `sys_menu` VALUES (100, '用户管理', 1, 1, 'user', 'system/user/index', 1, 0, 'C', '0', '0', 'system:user:list', 'user', 'admin', '2021-03-19 21:11:48', '', NULL, '用户管理菜单');
INSERT INTO `sys_menu` VALUES (101, '角色管理', 1, 2, 'role', 'system/role/index', 1, 0, 'C', '0', '0', 'system:role:list', 'peoples', 'admin', '2021-03-19 21:11:48', '', NULL, '角色管理菜单');
INSERT INTO `sys_menu` VALUES (102, '菜单管理', 1, 3, 'menu', 'system/menu/index', 1, 0, 'C', '0', '0', 'system:menu:list', 'tree-table', 'admin', '2021-03-19 21:11:48', '', NULL, '菜单管理菜单');
INSERT INTO `sys_menu` VALUES (103, '部门管理', 1, 4, 'dept', 'system/dept/index', 1, 0, 'C', '0', '0', 'system:dept:list', 'tree', 'admin', '2021-03-19 21:11:48', '', NULL, '部门管理菜单');
INSERT INTO `sys_menu` VALUES (104, '岗位管理', 1, 5, 'post', 'system/post/index', 1, 0, 'C', '0', '0', 'system:post:list', 'post', 'admin', '2021-03-19 21:11:48', '', NULL, '岗位管理菜单');
INSERT INTO `sys_menu` VALUES (105, '字典管理', 1, 6, 'dict', 'system/dict/index', 1, 0, 'C', '0', '0', 'system:dict:list', 'dict', 'admin', '2021-03-19 21:11:48', '', NULL, '字典管理菜单');
INSERT INTO `sys_menu` VALUES (106, '参数设置', 1, 7, 'config', 'system/config/index', 1, 0, 'C', '0', '0', 'system:config:list', 'edit', 'admin', '2021-03-19 21:11:48', '', NULL, '参数设置菜单');
INSERT INTO `sys_menu` VALUES (107, '通知公告', 1, 8, 'notice', 'system/notice/index', 1, 0, 'C', '0', '0', 'system:notice:list', 'message', 'admin', '2021-03-19 21:11:48', '', NULL, '通知公告菜单');
INSERT INTO `sys_menu` VALUES (108, '日志管理', 1, 9, 'log', '', 1, 0, 'M', '0', '0', '', 'log', 'admin', '2021-03-19 21:11:48', '', NULL, '日志管理菜单');
INSERT INTO `sys_menu` VALUES (109, '在线用户', 2, 1, 'online', 'monitor/online/index', 1, 0, 'C', '0', '0', 'monitor:online:list', 'online', 'admin', '2021-03-19 21:11:48', '', NULL, '在线用户菜单');
INSERT INTO `sys_menu` VALUES (110, '定时任务', 2, 2, 'job', 'monitor/job/index', 1, 0, 'C', '0', '0', 'monitor:job:list', 'job', 'admin', '2021-03-19 21:11:48', '', NULL, '定时任务菜单');
INSERT INTO `sys_menu` VALUES (111, '数据监控', 2, 3, 'druid', 'monitor/druid/index', 1, 0, 'C', '0', '0', 'monitor:druid:list', 'druid', 'admin', '2021-03-19 21:11:48', '', NULL, '数据监控菜单');
INSERT INTO `sys_menu` VALUES (112, '服务监控', 2, 4, 'server', 'monitor/server/index', 1, 0, 'C', '0', '0', 'monitor:server:list', 'server', 'admin', '2021-03-19 21:11:48', '', NULL, '服务监控菜单');
INSERT INTO `sys_menu` VALUES (113, '缓存监控', 2, 5, 'cache', 'monitor/cache/index', 1, 0, 'C', '0', '0', 'monitor:cache:list', 'redis', 'admin', '2021-03-19 21:11:48', '', NULL, '缓存监控菜单');
INSERT INTO `sys_menu` VALUES (114, '表单构建', 3, 1, 'build', 'tool/build/index', 1, 0, 'C', '0', '0', 'tool:build:list', 'build', 'admin', '2021-03-19 21:11:48', '', NULL, '表单构建菜单');
INSERT INTO `sys_menu` VALUES (115, '代码生成', 3, 2, 'gen', 'tool/gen/index', 1, 0, 'C', '0', '0', 'tool:gen:list', 'code', 'admin', '2021-03-19 21:11:48', '', NULL, '代码生成菜单');
INSERT INTO `sys_menu` VALUES (116, '系统接口', 3, 3, 'swagger', 'tool/swagger/index', 1, 0, 'C', '0', '0', 'tool:swagger:list', 'swagger', 'admin', '2021-03-19 21:11:48', '', NULL, '系统接口菜单');
INSERT INTO `sys_menu` VALUES (500, '操作日志', 108, 1, 'operlog', 'monitor/operlog/index', 1, 0, 'C', '0', '0', 'monitor:operlog:list', 'form', 'admin', '2021-03-19 21:11:48', '', NULL, '操作日志菜单');
INSERT INTO `sys_menu` VALUES (501, '登录日志', 108, 2, 'logininfor', 'monitor/logininfor/index', 1, 0, 'C', '0', '0', 'monitor:logininfor:list', 'logininfor', 'admin', '2021-03-19 21:11:48', '', NULL, '登录日志菜单');
INSERT INTO `sys_menu` VALUES (1001, '用户查询', 100, 1, '', '', 1, 0, 'F', '0', '0', 'system:user:query', '#', 'admin', '2021-03-19 21:11:48', '', NULL, '');
INSERT INTO `sys_menu` VALUES (1002, '用户新增', 100, 2, '', '', 1, 0, 'F', '0', '0', 'system:user:add', '#', 'admin', '2021-03-19 21:11:48', '', NULL, '');
INSERT INTO `sys_menu` VALUES (1003, '用户修改', 100, 3, '', '', 1, 0, 'F', '0', '0', 'system:user:edit', '#', 'admin', '2021-03-19 21:11:48', '', NULL, '');
INSERT INTO `sys_menu` VALUES (1004, '用户删除', 100, 4, '', '', 1, 0, 'F', '0', '0', 'system:user:remove', '#', 'admin', '2021-03-19 21:11:48', '', NULL, '');
INSERT INTO `sys_menu` VALUES (1005, '用户导出', 100, 5, '', '', 1, 0, 'F', '0', '0', 'system:user:export', '#', 'admin', '2021-03-19 21:11:48', '', NULL, '');
INSERT INTO `sys_menu` VALUES (1006, '用户导入', 100, 6, '', '', 1, 0, 'F', '0', '0', 'system:user:import', '#', 'admin', '2021-03-19 21:11:48', '', NULL, '');
INSERT INTO `sys_menu` VALUES (1007, '重置密码', 100, 7, '', '', 1, 0, 'F', '0', '0', 'system:user:resetPwd', '#', 'admin', '2021-03-19 21:11:48', '', NULL, '');
INSERT INTO `sys_menu` VALUES (1008, '角色查询', 101, 1, '', '', 1, 0, 'F', '0', '0', 'system:role:query', '#', 'admin', '2021-03-19 21:11:48', '', NULL, '');
INSERT INTO `sys_menu` VALUES (1009, '角色新增', 101, 2, '', '', 1, 0, 'F', '0', '0', 'system:role:add', '#', 'admin', '2021-03-19 21:11:48', '', NULL, '');
INSERT INTO `sys_menu` VALUES (1010, '角色修改', 101, 3, '', '', 1, 0, 'F', '0', '0', 'system:role:edit', '#', 'admin', '2021-03-19 21:11:48', '', NULL, '');
INSERT INTO `sys_menu` VALUES (1011, '角色删除', 101, 4, '', '', 1, 0, 'F', '0', '0', 'system:role:remove', '#', 'admin', '2021-03-19 21:11:48', '', NULL, '');
INSERT INTO `sys_menu` VALUES (1012, '角色导出', 101, 5, '', '', 1, 0, 'F', '0', '0', 'system:role:export', '#', 'admin', '2021-03-19 21:11:48', '', NULL, '');
INSERT INTO `sys_menu` VALUES (1013, '菜单查询', 102, 1, '', '', 1, 0, 'F', '0', '0', 'system:menu:query', '#', 'admin', '2021-03-19 21:11:48', '', NULL, '');
INSERT INTO `sys_menu` VALUES (1014, '菜单新增', 102, 2, '', '', 1, 0, 'F', '0', '0', 'system:menu:add', '#', 'admin', '2021-03-19 21:11:48', '', NULL, '');
INSERT INTO `sys_menu` VALUES (1015, '菜单修改', 102, 3, '', '', 1, 0, 'F', '0', '0', 'system:menu:edit', '#', 'admin', '2021-03-19 21:11:48', '', NULL, '');
INSERT INTO `sys_menu` VALUES (1016, '菜单删除', 102, 4, '', '', 1, 0, 'F', '0', '0', 'system:menu:remove', '#', 'admin', '2021-03-19 21:11:48', '', NULL, '');
INSERT INTO `sys_menu` VALUES (1017, '部门查询', 103, 1, '', '', 1, 0, 'F', '0', '0', 'system:dept:query', '#', 'admin', '2021-03-19 21:11:48', '', NULL, '');
INSERT INTO `sys_menu` VALUES (1018, '部门新增', 103, 2, '', '', 1, 0, 'F', '0', '0', 'system:dept:add', '#', 'admin', '2021-03-19 21:11:48', '', NULL, '');
INSERT INTO `sys_menu` VALUES (1019, '部门修改', 103, 3, '', '', 1, 0, 'F', '0', '0', 'system:dept:edit', '#', 'admin', '2021-03-19 21:11:48', '', NULL, '');
INSERT INTO `sys_menu` VALUES (1020, '部门删除', 103, 4, '', '', 1, 0, 'F', '0', '0', 'system:dept:remove', '#', 'admin', '2021-03-19 21:11:48', '', NULL, '');
INSERT INTO `sys_menu` VALUES (1021, '岗位查询', 104, 1, '', '', 1, 0, 'F', '0', '0', 'system:post:query', '#', 'admin', '2021-03-19 21:11:48', '', NULL, '');
INSERT INTO `sys_menu` VALUES (1022, '岗位新增', 104, 2, '', '', 1, 0, 'F', '0', '0', 'system:post:add', '#', 'admin', '2021-03-19 21:11:48', '', NULL, '');
INSERT INTO `sys_menu` VALUES (1023, '岗位修改', 104, 3, '', '', 1, 0, 'F', '0', '0', 'system:post:edit', '#', 'admin', '2021-03-19 21:11:48', '', NULL, '');
INSERT INTO `sys_menu` VALUES (1024, '岗位删除', 104, 4, '', '', 1, 0, 'F', '0', '0', 'system:post:remove', '#', 'admin', '2021-03-19 21:11:48', '', NULL, '');
INSERT INTO `sys_menu` VALUES (1025, '岗位导出', 104, 5, '', '', 1, 0, 'F', '0', '0', 'system:post:export', '#', 'admin', '2021-03-19 21:11:48', '', NULL, '');
INSERT INTO `sys_menu` VALUES (1026, '字典查询', 105, 1, '#', '', 1, 0, 'F', '0', '0', 'system:dict:query', '#', 'admin', '2021-03-19 21:11:48', '', NULL, '');
INSERT INTO `sys_menu` VALUES (1027, '字典新增', 105, 2, '#', '', 1, 0, 'F', '0', '0', 'system:dict:add', '#', 'admin', '2021-03-19 21:11:48', '', NULL, '');
INSERT INTO `sys_menu` VALUES (1028, '字典修改', 105, 3, '#', '', 1, 0, 'F', '0', '0', 'system:dict:edit', '#', 'admin', '2021-03-19 21:11:48', '', NULL, '');
INSERT INTO `sys_menu` VALUES (1029, '字典删除', 105, 4, '#', '', 1, 0, 'F', '0', '0', 'system:dict:remove', '#', 'admin', '2021-03-19 21:11:48', '', NULL, '');
INSERT INTO `sys_menu` VALUES (1030, '字典导出', 105, 5, '#', '', 1, 0, 'F', '0', '0', 'system:dict:export', '#', 'admin', '2021-03-19 21:11:48', '', NULL, '');
INSERT INTO `sys_menu` VALUES (1031, '参数查询', 106, 1, '#', '', 1, 0, 'F', '0', '0', 'system:config:query', '#', 'admin', '2021-03-19 21:11:48', '', NULL, '');
INSERT INTO `sys_menu` VALUES (1032, '参数新增', 106, 2, '#', '', 1, 0, 'F', '0', '0', 'system:config:add', '#', 'admin', '2021-03-19 21:11:48', '', NULL, '');
INSERT INTO `sys_menu` VALUES (1033, '参数修改', 106, 3, '#', '', 1, 0, 'F', '0', '0', 'system:config:edit', '#', 'admin', '2021-03-19 21:11:48', '', NULL, '');
INSERT INTO `sys_menu` VALUES (1034, '参数删除', 106, 4, '#', '', 1, 0, 'F', '0', '0', 'system:config:remove', '#', 'admin', '2021-03-19 21:11:48', '', NULL, '');
INSERT INTO `sys_menu` VALUES (1035, '参数导出', 106, 5, '#', '', 1, 0, 'F', '0', '0', 'system:config:export', '#', 'admin', '2021-03-19 21:11:48', '', NULL, '');
INSERT INTO `sys_menu` VALUES (1036, '公告查询', 107, 1, '#', '', 1, 0, 'F', '0', '0', 'system:notice:query', '#', 'admin', '2021-03-19 21:11:48', '', NULL, '');
INSERT INTO `sys_menu` VALUES (1037, '公告新增', 107, 2, '#', '', 1, 0, 'F', '0', '0', 'system:notice:add', '#', 'admin', '2021-03-19 21:11:48', '', NULL, '');
INSERT INTO `sys_menu` VALUES (1038, '公告修改', 107, 3, '#', '', 1, 0, 'F', '0', '0', 'system:notice:edit', '#', 'admin', '2021-03-19 21:11:48', '', NULL, '');
INSERT INTO `sys_menu` VALUES (1039, '公告删除', 107, 4, '#', '', 1, 0, 'F', '0', '0', 'system:notice:remove', '#', 'admin', '2021-03-19 21:11:48', '', NULL, '');
INSERT INTO `sys_menu` VALUES (1040, '操作查询', 500, 1, '#', '', 1, 0, 'F', '0', '0', 'monitor:operlog:query', '#', 'admin', '2021-03-19 21:11:48', '', NULL, '');
INSERT INTO `sys_menu` VALUES (1041, '操作删除', 500, 2, '#', '', 1, 0, 'F', '0', '0', 'monitor:operlog:remove', '#', 'admin', '2021-03-19 21:11:48', '', NULL, '');
INSERT INTO `sys_menu` VALUES (1042, '日志导出', 500, 4, '#', '', 1, 0, 'F', '0', '0', 'monitor:operlog:export', '#', 'admin', '2021-03-19 21:11:48', '', NULL, '');
INSERT INTO `sys_menu` VALUES (1043, '登录查询', 501, 1, '#', '', 1, 0, 'F', '0', '0', 'monitor:logininfor:query', '#', 'admin', '2021-03-19 21:11:48', '', NULL, '');
INSERT INTO `sys_menu` VALUES (1044, '登录删除', 501, 2, '#', '', 1, 0, 'F', '0', '0', 'monitor:logininfor:remove', '#', 'admin', '2021-03-19 21:11:48', '', NULL, '');
INSERT INTO `sys_menu` VALUES (1045, '日志导出', 501, 3, '#', '', 1, 0, 'F', '0', '0', 'monitor:logininfor:export', '#', 'admin', '2021-03-19 21:11:48', '', NULL, '');
INSERT INTO `sys_menu` VALUES (1046, '在线查询', 109, 1, '#', '', 1, 0, 'F', '0', '0', 'monitor:online:query', '#', 'admin', '2021-03-19 21:11:48', '', NULL, '');
INSERT INTO `sys_menu` VALUES (1047, '批量强退', 109, 2, '#', '', 1, 0, 'F', '0', '0', 'monitor:online:batchLogout', '#', 'admin', '2021-03-19 21:11:48', '', NULL, '');
INSERT INTO `sys_menu` VALUES (1048, '单条强退', 109, 3, '#', '', 1, 0, 'F', '0', '0', 'monitor:online:forceLogout', '#', 'admin', '2021-03-19 21:11:48', '', NULL, '');
INSERT INTO `sys_menu` VALUES (1049, '任务查询', 110, 1, '#', '', 1, 0, 'F', '0', '0', 'monitor:job:query', '#', 'admin', '2021-03-19 21:11:48', '', NULL, '');
INSERT INTO `sys_menu` VALUES (1050, '任务新增', 110, 2, '#', '', 1, 0, 'F', '0', '0', 'monitor:job:add', '#', 'admin', '2021-03-19 21:11:48', '', NULL, '');
INSERT INTO `sys_menu` VALUES (1051, '任务修改', 110, 3, '#', '', 1, 0, 'F', '0', '0', 'monitor:job:edit', '#', 'admin', '2021-03-19 21:11:48', '', NULL, '');
INSERT INTO `sys_menu` VALUES (1052, '任务删除', 110, 4, '#', '', 1, 0, 'F', '0', '0', 'monitor:job:remove', '#', 'admin', '2021-03-19 21:11:48', '', NULL, '');
INSERT INTO `sys_menu` VALUES (1053, '状态修改', 110, 5, '#', '', 1, 0, 'F', '0', '0', 'monitor:job:changeStatus', '#', 'admin', '2021-03-19 21:11:48', '', NULL, '');
INSERT INTO `sys_menu` VALUES (1054, '任务导出', 110, 7, '#', '', 1, 0, 'F', '0', '0', 'monitor:job:export', '#', 'admin', '2021-03-19 21:11:48', '', NULL, '');
INSERT INTO `sys_menu` VALUES (1055, '生成查询', 115, 1, '#', '', 1, 0, 'F', '0', '0', 'tool:gen:query', '#', 'admin', '2021-03-19 21:11:48', '', NULL, '');
INSERT INTO `sys_menu` VALUES (1056, '生成修改', 115, 2, '#', '', 1, 0, 'F', '0', '0', 'tool:gen:edit', '#', 'admin', '2021-03-19 21:11:48', '', NULL, '');
INSERT INTO `sys_menu` VALUES (1057, '生成删除', 115, 3, '#', '', 1, 0, 'F', '0', '0', 'tool:gen:remove', '#', 'admin', '2021-03-19 21:11:48', '', NULL, '');
INSERT INTO `sys_menu` VALUES (1058, '导入代码', 115, 2, '#', '', 1, 0, 'F', '0', '0', 'tool:gen:import', '#', 'admin', '2021-03-19 21:11:48', '', NULL, '');
INSERT INTO `sys_menu` VALUES (1059, '预览代码', 115, 4, '#', '', 1, 0, 'F', '0', '0', 'tool:gen:preview', '#', 'admin', '2021-03-19 21:11:48', '', NULL, '');
INSERT INTO `sys_menu` VALUES (1060, '生成代码', 115, 5, '#', '', 1, 0, 'F', '0', '0', 'tool:gen:code', '#', 'admin', '2021-03-19 21:11:48', '', NULL, '');
INSERT INTO `sys_menu` VALUES (2000, '调查问卷', 0, 5, 'survey', NULL, 1, 0, 'M', '0', '0', '', 'message', 'admin', '2021-03-19 22:48:01', 'admin', '2021-03-19 22:48:57', '');
INSERT INTO `sys_menu` VALUES (2001, '问卷管理', 2000, 1, 'paper', 'survey/paper/index', 1, 1, 'C', '0', '0', 'survey:paper:list', 'edit', 'admin', '2021-03-19 22:50:02', 'tony', '2021-03-20 09:26:55', '');
INSERT INTO `sys_menu` VALUES (2002, '问题管理', 2000, 2, 'question', 'survey/question/index', 1, 1, 'C', '0', '0', 'survey:question:list', 'date', 'admin', '2021-03-19 22:52:03', 'tony', '2021-03-20 09:27:00', '');
INSERT INTO `sys_menu` VALUES (2003, '选项管理', 2000, 3, 'options', 'survey/options/index', 1, 1, 'C', '0', '0', 'survey:options:list', 'dict', 'admin', '2021-03-19 22:53:03', 'tony', '2021-03-20 09:27:05', '');
INSERT INTO `sys_menu` VALUES (2004, '回答列表', 2000, 4, 'answer', 'survey/answer/index', 1, 0, 'C', '0', '0', 'survey:answer:list', 'list', 'admin', '2021-03-19 22:54:12', 'tony', '2021-03-19 23:15:39', '');
INSERT INTO `sys_menu` VALUES (2005, '问卷新增', 2001, 1, '#', '', 1, 0, 'F', '0', '0', 'survey:paper:add', '#', 'admin', '2021-03-19 23:09:52', '', NULL, '');
INSERT INTO `sys_menu` VALUES (2006, '问题新增', 2002, 1, '#', '', 1, 0, 'F', '0', '0', 'survey:question:add', '#', 'admin', '2021-03-19 23:11:01', '', NULL, '');
INSERT INTO `sys_menu` VALUES (2007, '问卷修改', 2001, 2, '', NULL, 1, 0, 'F', '0', '0', 'survey:paper:edit', '#', 'admin', '2021-03-19 23:26:14', '', NULL, '');
INSERT INTO `sys_menu` VALUES (2008, '问卷删除', 2001, 3, '', NULL, 1, 0, 'F', '0', '0', 'survey:paper:remove', '#', 'admin', '2021-03-19 23:26:33', '', NULL, '');
INSERT INTO `sys_menu` VALUES (2009, '问卷详情', 2001, 4, '', NULL, 1, 0, 'F', '0', '0', 'survey:paper:query', '#', 'admin', '2021-03-19 23:27:01', '', NULL, '');
INSERT INTO `sys_menu` VALUES (2010, '问卷导出', 2001, 5, '', NULL, 1, 0, 'F', '0', '0', 'survey:paper:export', '#', 'admin', '2021-03-19 23:27:20', '', NULL, '');
INSERT INTO `sys_menu` VALUES (2011, '问题修改', 2002, 2, '', NULL, 1, 0, 'F', '0', '0', 'survey:question:edit', '#', 'admin', '2021-03-19 23:27:48', '', NULL, '');
INSERT INTO `sys_menu` VALUES (2012, '问题删除', 2002, 3, '', NULL, 1, 0, 'F', '0', '0', 'survey:question:remove', '#', 'admin', '2021-03-19 23:28:07', '', NULL, '');
INSERT INTO `sys_menu` VALUES (2013, '问题详情', 2002, 4, '', NULL, 1, 0, 'F', '0', '0', 'survey:question:query', '#', 'admin', '2021-03-19 23:28:28', '', NULL, '');
INSERT INTO `sys_menu` VALUES (2014, '问卷导出', 2002, 5, '', NULL, 1, 0, 'F', '0', '0', 'survey:question:export', '#', 'admin', '2021-03-19 23:28:48', '', NULL, '');
INSERT INTO `sys_menu` VALUES (2015, '选项新增', 2003, 1, '', NULL, 1, 0, 'F', '0', '0', 'survey:options:add', '#', 'admin', '2021-03-19 23:29:14', '', NULL, '');
INSERT INTO `sys_menu` VALUES (2016, '选项修改', 2003, 2, '', NULL, 1, 0, 'F', '0', '0', 'survey:options:edit', '#', 'admin', '2021-03-19 23:29:39', '', NULL, '');
INSERT INTO `sys_menu` VALUES (2017, '选项删除', 2003, 3, '', NULL, 1, 0, 'F', '0', '0', 'survey:options:remove', '#', 'admin', '2021-03-19 23:29:57', '', NULL, '');
INSERT INTO `sys_menu` VALUES (2018, '选项详情', 2003, 4, '', NULL, 1, 0, 'F', '0', '0', 'survey:options:query', '#', 'admin', '2021-03-19 23:30:14', '', NULL, '');
INSERT INTO `sys_menu` VALUES (2019, '选项导出', 2003, 5, '', NULL, 1, 0, 'F', '0', '0', 'survey:options:export', '#', 'admin', '2021-03-19 23:30:30', '', NULL, '');
INSERT INTO `sys_menu` VALUES (2020, '流程管理', 0, 6, 'flowable', NULL, 1, 0, 'M', '0', '0', NULL, 'cascader', 'tony', '2021-03-25 11:35:09', '', NULL, '');
INSERT INTO `sys_menu` VALUES (2022, '流程定义', 2020, 2, 'definition', 'flowable/definition/index', 1, 0, 'C', '0', '0', '', 'job', 'tony', '2021-03-25 13:53:55', 'admin', '2021-03-29 09:39:07', '');
INSERT INTO `sys_menu` VALUES (2023, '任务管理', 0, 7, 'task', NULL, 1, 0, 'M', '0', '0', '', 'dict', 'tony', '2021-03-26 10:53:10', 'admin', '2021-03-29 09:37:40', '');
INSERT INTO `sys_menu` VALUES (2024, '待办任务', 2023, 2, 'todo', 'flowable/task/todo/index', 1, 1, 'C', '0', '0', '', 'cascader', 'admin', '2021-03-26 10:55:52', 'admin', '2021-03-30 09:26:36', '');
INSERT INTO `sys_menu` VALUES (2025, '已办任务', 2023, 3, 'finished', 'flowable/task/finished/index', 1, 1, 'C', '0', '0', '', 'time-range', 'admin', '2021-03-26 10:57:54', 'admin', '2021-03-30 09:26:50', '');
INSERT INTO `sys_menu` VALUES (2026, '我的流程', 2023, 1, 'process', 'flowable/task/process/index', 1, 1, 'C', '0', '0', NULL, 'guide', 'admin', '2021-03-30 09:26:23', '', NULL, '');
INSERT INTO `sys_menu` VALUES (2027, '表单配置', 2020, 2, 'form', 'flowable/task/form/index', 1, 0, 'C', '0', '0', 'flowable:form:list', 'form', 'admin', '2021-03-30 22:55:12', 'admin', '2021-04-03 18:50:54', '');

-- ----------------------------
-- Table structure for sys_notice
-- ----------------------------
DROP TABLE IF EXISTS `sys_notice`;
CREATE TABLE `sys_notice`  (
                               `notice_id` int(4) NOT NULL AUTO_INCREMENT COMMENT '公告ID',
                               `notice_title` varchar(50) NOT NULL COMMENT '公告标题',
                               `notice_type` char(1) NOT NULL COMMENT '公告类型（1通知 2公告）',
                               `notice_content` longblob NULL COMMENT '公告内容',
                               `status` char(1) NULL DEFAULT '0' COMMENT '公告状态（0正常 1关闭）',
                               `create_by` varchar(64) NULL DEFAULT '' COMMENT '创建者',
                               `create_time` datetime(0) NULL DEFAULT NULL COMMENT '创建时间',
                               `update_by` varchar(64) NULL DEFAULT '' COMMENT '更新者',
                               `update_time` datetime(0) NULL DEFAULT NULL COMMENT '更新时间',
                               `remark` varchar(255) NULL DEFAULT NULL COMMENT '备注',
                               PRIMARY KEY (`notice_id`) USING BTREE
) ENGINE = InnoDB AUTO_INCREMENT = 3 COMMENT = '通知公告表' ROW_FORMAT = Dynamic;

-- ----------------------------
-- Records of sys_notice
-- ----------------------------
INSERT INTO `sys_notice` VALUES (1, '温馨提醒：2018-07-01 若依新版本发布啦', '2', 0xE696B0E78988E69CACE58685E5AEB9, '0', 'admin', '2021-03-19 21:11:48', '', NULL, '管理员');
INSERT INTO `sys_notice` VALUES (2, '维护通知：2018-07-01 若依系统凌晨维护', '1', 0xE7BBB4E68AA4E58685E5AEB9, '0', 'admin', '2021-03-19 21:11:48', '', NULL, '管理员');

-- ----------------------------
-- Table structure for sys_oper_log
-- ----------------------------
DROP TABLE IF EXISTS `sys_oper_log`;
CREATE TABLE `sys_oper_log`  (
                                 `oper_id` bigint(20) NOT NULL AUTO_INCREMENT COMMENT '日志主键',
                                 `title` varchar(50) NULL DEFAULT '' COMMENT '模块标题',
                                 `business_type` int(2) NULL DEFAULT 0 COMMENT '业务类型（0其它 1新增 2修改 3删除）',
                                 `method` varchar(100) NULL DEFAULT '' COMMENT '方法名称',
                                 `request_method` varchar(10) NULL DEFAULT '' COMMENT '请求方式',
                                 `operator_type` int(1) NULL DEFAULT 0 COMMENT '操作类别（0其它 1后台用户 2手机端用户）',
                                 `oper_name` varchar(50) NULL DEFAULT '' COMMENT '操作人员',
                                 `dept_name` varchar(50) NULL DEFAULT '' COMMENT '部门名称',
                                 `oper_url` varchar(255) NULL DEFAULT '' COMMENT '请求URL',
                                 `oper_ip` varchar(128) NULL DEFAULT '' COMMENT '主机地址',
                                 `oper_location` varchar(255) NULL DEFAULT '' COMMENT '操作地点',
                                 `oper_param` varchar(2000) NULL DEFAULT '' COMMENT '请求参数',
                                 `json_result` varchar(2000) NULL DEFAULT '' COMMENT '返回参数',
                                 `status` int(1) NULL DEFAULT 0 COMMENT '操作状态（0正常 1异常）',
                                 `error_msg` varchar(2000) NULL DEFAULT '' COMMENT '错误消息',
                                 `oper_time` datetime(0) NULL DEFAULT NULL COMMENT '操作时间',
                                 PRIMARY KEY (`oper_id`) USING BTREE
) ENGINE = InnoDB AUTO_INCREMENT = 296 COMMENT = '操作日志记录' ROW_FORMAT = Dynamic;

-- ----------------------------
-- Records of sys_oper_log
-- ----------------------------
INSERT INTO `sys_oper_log` VALUES (100, '代码生成', 6, 'com.ucd.generator.controller.GenController.importTableSave()', 'POST', 1, 'admin', NULL, '/tool/gen/importTable', '127.0.0.1', '内网IP', '', '{\"msg\":\"操作成功\",\"code\":200}', 0, NULL, '2021-03-19 22:08:36');
INSERT INTO `sys_oper_log` VALUES (101, '代码生成', 6, 'com.ucd.generator.controller.GenController.importTableSave()', 'POST', 1, 'admin', NULL, '/tool/gen/importTable', '127.0.0.1', '内网IP', 't_survey_answer', '{\"msg\":\"操作成功\",\"code\":200}', 0, NULL, '2021-03-19 22:08:45');
INSERT INTO `sys_oper_log` VALUES (102, '代码生成', 6, 'com.ucd.generator.controller.GenController.importTableSave()', 'POST', 1, 'admin', NULL, '/tool/gen/importTable', '127.0.0.1', '内网IP', 't_survey_options,t_survey_paper,t_survey_question', '{\"msg\":\"操作成功\",\"code\":200}', 0, NULL, '2021-03-19 22:09:05');
INSERT INTO `sys_oper_log` VALUES (103, '代码生成', 2, 'com.ucd.generator.controller.GenController.editSave()', 'PUT', 1, 'admin', NULL, '/tool/gen', '127.0.0.1', '内网IP', '{\"sub\":false,\"functionAuthor\":\"2y\",\"columns\":[{\"capJavaField\":\"AnswerId\",\"usableColumn\":false,\"columnId\":1,\"isIncrement\":\"0\",\"increment\":false,\"insert\":true,\"dictType\":\"\",\"required\":false,\"superColumn\":false,\"updateBy\":\"\",\"isInsert\":\"1\",\"javaField\":\"answerId\",\"htmlType\":\"input\",\"edit\":false,\"query\":false,\"columnComment\":\"问卷填写编号\",\"sort\":1,\"list\":false,\"params\":{},\"javaType\":\"Long\",\"queryType\":\"EQ\",\"columnType\":\"bigint(20)\",\"createBy\":\"admin\",\"isPk\":\"1\",\"createTime\":1616162925000,\"tableId\":1,\"pk\":true,\"columnName\":\"answer_id\"},{\"capJavaField\":\"QuestionId\",\"usableColumn\":false,\"columnId\":2,\"isIncrement\":\"0\",\"increment\":false,\"insert\":true,\"isList\":\"1\",\"dictType\":\"\",\"required\":false,\"superColumn\":false,\"updateBy\":\"\",\"isInsert\":\"1\",\"javaField\":\"questionId\",\"htmlType\":\"input\",\"edit\":true,\"query\":true,\"columnComment\":\"题目编号\",\"isQuery\":\"1\",\"sort\":2,\"list\":true,\"params\":{},\"javaType\":\"Long\",\"queryType\":\"EQ\",\"columnType\":\"bigint(20)\",\"createBy\":\"admin\",\"isPk\":\"0\",\"createTime\":1616162925000,\"isEdit\":\"1\",\"tableId\":1,\"pk\":false,\"columnName\":\"question_id\"},{\"capJavaField\":\"OptionId\",\"usableColumn\":false,\"columnId\":3,\"isIncrement\":\"0\",\"increment\":false,\"insert\":true,\"isList\":\"1\",\"dictType\":\"\",\"required\":false,\"superColumn\":false,\"updateBy\":\"\",\"isInsert\":\"1\",\"javaField\":\"optionId\",\"htmlType\":\"input\",\"edit\":true,\"query\":true,\"columnComment\":\"选项编号\",\"isQuery\":\"1\",\"sort\":3,\"list\":true,\"params\":{},\"javaType\":\"Long\",\"queryType\":\"EQ\",\"columnType\":\"bigint(20)\",\"createBy\":\"admin\",\"isPk\":\"0\",\"createTime\":1616162925000,\"isEdit\":\"1\",\"tableId\":1,\"pk\":false,\"columnName\":\"option_id\"},{\"capJavaField\":\"UserId\",\"usableColumn\":false,\"columnId\":4,\"isIncrement\":\"0\",\"increment\":false,\"insert\":true,\"isList\":\"1\",\"dictType\":\"\",\"required\":false,\"superColumn\":false,\"updateBy\":\"\",\"isInsert\":\"1\",\"javaField\":\"userId\",\"htmlType\":\"input\",\"edit\":true,\"query\":true,\"columnComment\":\"用户编号\",\"isQuery\":\"1\",\"sort\":4,\"list\":true,\"params\":{},\"javaType\":\"String\",\"queryType\":\"EQ\",\"columnType\":\"varchar(64)\",\"createBy\":\"admin\",\"', '{\"msg\":\"操作成功\",\"code\":200}', 0, NULL, '2021-03-19 22:12:11');
INSERT INTO `sys_oper_log` VALUES (104, '代码生成', 2, 'com.ucd.generator.controller.GenController.editSave()', 'PUT', 1, 'admin', NULL, '/tool/gen', '127.0.0.1', '内网IP', '{\"sub\":false,\"subTableName\":\"\",\"functionAuthor\":\"2y\",\"columns\":[{\"capJavaField\":\"OptionId\",\"usableColumn\":false,\"columnId\":7,\"isIncrement\":\"0\",\"increment\":false,\"insert\":true,\"dictType\":\"\",\"required\":false,\"superColumn\":false,\"updateBy\":\"\",\"isInsert\":\"1\",\"javaField\":\"optionId\",\"htmlType\":\"input\",\"edit\":false,\"query\":false,\"columnComment\":\"选项编号\",\"sort\":1,\"list\":false,\"params\":{},\"javaType\":\"Long\",\"queryType\":\"EQ\",\"columnType\":\"bigint(20)\",\"createBy\":\"admin\",\"isPk\":\"1\",\"createTime\":1616162945000,\"tableId\":2,\"pk\":true,\"columnName\":\"option_id\"},{\"capJavaField\":\"OptionContent\",\"usableColumn\":false,\"columnId\":8,\"isIncrement\":\"0\",\"increment\":false,\"insert\":true,\"isList\":\"1\",\"dictType\":\"\",\"required\":false,\"superColumn\":false,\"updateBy\":\"\",\"isInsert\":\"1\",\"javaField\":\"optionContent\",\"htmlType\":\"editor\",\"edit\":true,\"query\":true,\"columnComment\":\"选项内容\",\"isQuery\":\"1\",\"sort\":2,\"list\":true,\"params\":{},\"javaType\":\"String\",\"queryType\":\"EQ\",\"columnType\":\"varchar(255)\",\"createBy\":\"admin\",\"isPk\":\"0\",\"createTime\":1616162945000,\"isEdit\":\"1\",\"tableId\":2,\"pk\":false,\"columnName\":\"option_content\"},{\"capJavaField\":\"QuestionId\",\"usableColumn\":false,\"columnId\":9,\"isIncrement\":\"0\",\"increment\":false,\"insert\":true,\"isList\":\"1\",\"dictType\":\"\",\"required\":false,\"superColumn\":false,\"updateBy\":\"\",\"isInsert\":\"1\",\"javaField\":\"questionId\",\"htmlType\":\"input\",\"edit\":true,\"query\":true,\"columnComment\":\"问题编号\",\"isQuery\":\"1\",\"sort\":3,\"list\":true,\"params\":{},\"javaType\":\"Long\",\"queryType\":\"EQ\",\"columnType\":\"bigint(20)\",\"createBy\":\"admin\",\"isPk\":\"0\",\"createTime\":1616162945000,\"isEdit\":\"1\",\"tableId\":2,\"pk\":false,\"columnName\":\"question_id\"},{\"capJavaField\":\"Order\",\"usableColumn\":false,\"columnId\":10,\"isIncrement\":\"0\",\"increment\":false,\"insert\":true,\"isList\":\"1\",\"dictType\":\"\",\"required\":false,\"superColumn\":false,\"updateBy\":\"\",\"isInsert\":\"1\",\"javaField\":\"order\",\"htmlType\":\"input\",\"edit\":true,\"query\":true,\"columnComment\":\"排序\",\"isQuery\":\"1\",\"sort\":4,\"list\":true,\"params\":{},\"javaType\":\"Integer\",\"queryType\":\"EQ\",\"columnType\":', '{\"msg\":\"操作成功\",\"code\":200}', 0, NULL, '2021-03-19 22:12:48');
INSERT INTO `sys_oper_log` VALUES (105, '代码生成', 2, 'com.ucd.generator.controller.GenController.editSave()', 'PUT', 1, 'admin', NULL, '/tool/gen', '127.0.0.1', '内网IP', '{\"sub\":false,\"functionAuthor\":\"2y\",\"columns\":[{\"capJavaField\":\"Id\",\"usableColumn\":false,\"columnId\":16,\"isIncrement\":\"0\",\"increment\":false,\"insert\":true,\"dictType\":\"\",\"required\":false,\"superColumn\":false,\"updateBy\":\"\",\"isInsert\":\"1\",\"javaField\":\"id\",\"htmlType\":\"input\",\"edit\":false,\"query\":false,\"columnComment\":\"问卷id\",\"sort\":1,\"list\":false,\"params\":{},\"javaType\":\"Long\",\"queryType\":\"EQ\",\"columnType\":\"bigint(20)\",\"createBy\":\"admin\",\"isPk\":\"1\",\"createTime\":1616162945000,\"tableId\":3,\"pk\":true,\"columnName\":\"id\"},{\"capJavaField\":\"PaperTitle\",\"usableColumn\":false,\"columnId\":17,\"isIncrement\":\"0\",\"increment\":false,\"insert\":true,\"isList\":\"1\",\"dictType\":\"\",\"required\":false,\"superColumn\":false,\"updateBy\":\"\",\"isInsert\":\"1\",\"javaField\":\"paperTitle\",\"htmlType\":\"input\",\"edit\":true,\"query\":true,\"columnComment\":\"问卷名称\",\"isQuery\":\"1\",\"sort\":2,\"list\":true,\"params\":{},\"javaType\":\"String\",\"queryType\":\"EQ\",\"columnType\":\"varchar(255)\",\"createBy\":\"admin\",\"isPk\":\"0\",\"createTime\":1616162945000,\"isEdit\":\"1\",\"tableId\":3,\"pk\":false,\"columnName\":\"paper_title\"},{\"capJavaField\":\"PaperPreface\",\"usableColumn\":false,\"columnId\":18,\"isIncrement\":\"0\",\"increment\":false,\"insert\":true,\"isList\":\"1\",\"dictType\":\"\",\"required\":false,\"superColumn\":false,\"updateBy\":\"\",\"isInsert\":\"1\",\"javaField\":\"paperPreface\",\"htmlType\":\"input\",\"edit\":true,\"query\":true,\"columnComment\":\"序言\",\"isQuery\":\"1\",\"sort\":3,\"list\":true,\"params\":{},\"javaType\":\"String\",\"queryType\":\"EQ\",\"columnType\":\"varchar(255)\",\"createBy\":\"admin\",\"isPk\":\"0\",\"createTime\":1616162945000,\"isEdit\":\"1\",\"tableId\":3,\"pk\":false,\"columnName\":\"paper_preface\"},{\"capJavaField\":\"StartTime\",\"usableColumn\":false,\"columnId\":19,\"isIncrement\":\"0\",\"increment\":false,\"insert\":true,\"isList\":\"1\",\"dictType\":\"\",\"required\":false,\"superColumn\":false,\"updateBy\":\"\",\"isInsert\":\"1\",\"javaField\":\"startTime\",\"htmlType\":\"datetime\",\"edit\":true,\"query\":true,\"columnComment\":\"开始时间\",\"isQuery\":\"1\",\"sort\":4,\"list\":true,\"params\":{},\"javaType\":\"Date\",\"queryType\":\"EQ\",\"columnType\":\"datetime\",\"createBy\":\"adm', '{\"msg\":\"操作成功\",\"code\":200}', 0, NULL, '2021-03-19 22:13:15');
INSERT INTO `sys_oper_log` VALUES (106, '代码生成', 2, 'com.ucd.generator.controller.GenController.editSave()', 'PUT', 1, 'admin', NULL, '/tool/gen', '127.0.0.1', '内网IP', '{\"sub\":false,\"functionAuthor\":\"survey\",\"columns\":[{\"capJavaField\":\"QuestionId\",\"usableColumn\":false,\"columnId\":26,\"isIncrement\":\"0\",\"increment\":false,\"insert\":true,\"dictType\":\"\",\"required\":false,\"superColumn\":false,\"updateBy\":\"\",\"isInsert\":\"1\",\"javaField\":\"questionId\",\"htmlType\":\"input\",\"edit\":false,\"query\":false,\"columnComment\":\"题目id\",\"sort\":1,\"list\":false,\"params\":{},\"javaType\":\"Long\",\"queryType\":\"EQ\",\"columnType\":\"bigint(20)\",\"createBy\":\"admin\",\"isPk\":\"1\",\"createTime\":1616162945000,\"tableId\":4,\"pk\":true,\"columnName\":\"question_id\"},{\"capJavaField\":\"QuestionTitle\",\"usableColumn\":false,\"columnId\":27,\"isIncrement\":\"0\",\"increment\":false,\"insert\":true,\"isList\":\"1\",\"dictType\":\"\",\"required\":false,\"superColumn\":false,\"updateBy\":\"\",\"isInsert\":\"1\",\"javaField\":\"questionTitle\",\"htmlType\":\"input\",\"edit\":true,\"query\":true,\"columnComment\":\"题目名称\",\"isQuery\":\"1\",\"sort\":2,\"list\":true,\"params\":{},\"javaType\":\"String\",\"queryType\":\"EQ\",\"columnType\":\"varchar(255)\",\"createBy\":\"admin\",\"isPk\":\"0\",\"createTime\":1616162945000,\"isEdit\":\"1\",\"tableId\":4,\"pk\":false,\"columnName\":\"question_title\"},{\"capJavaField\":\"Answer\",\"usableColumn\":false,\"columnId\":28,\"isIncrement\":\"0\",\"increment\":false,\"insert\":true,\"isList\":\"1\",\"dictType\":\"\",\"required\":false,\"superColumn\":false,\"updateBy\":\"\",\"isInsert\":\"1\",\"javaField\":\"answer\",\"htmlType\":\"input\",\"edit\":true,\"query\":true,\"columnComment\":\"单选：0 多选：1 自行填入：2\",\"isQuery\":\"1\",\"sort\":3,\"list\":true,\"params\":{},\"javaType\":\"Integer\",\"queryType\":\"EQ\",\"columnType\":\"tinyint(1)\",\"createBy\":\"admin\",\"isPk\":\"0\",\"createTime\":1616162945000,\"isEdit\":\"1\",\"tableId\":4,\"pk\":false,\"columnName\":\"answer\"},{\"capJavaField\":\"CreateBy\",\"usableColumn\":false,\"columnId\":29,\"isIncrement\":\"0\",\"increment\":false,\"insert\":true,\"dictType\":\"\",\"required\":false,\"superColumn\":true,\"updateBy\":\"\",\"isInsert\":\"1\",\"javaField\":\"createBy\",\"htmlType\":\"input\",\"edit\":false,\"query\":false,\"columnComment\":\"创建者\",\"sort\":4,\"list\":false,\"params\":{},\"javaType\":\"String\",\"queryType\":\"EQ\",\"columnType\":\"varchar(64)\",\"createBy', '{\"msg\":\"操作成功\",\"code\":200}', 0, NULL, '2021-03-19 22:13:41');
INSERT INTO `sys_oper_log` VALUES (107, '代码生成', 8, 'com.ucd.generator.controller.GenController.batchGenCode()', 'GET', 1, 'admin', NULL, '/tool/gen/batchGenCode', '127.0.0.1', '内网IP', '{}', 'null', 0, NULL, '2021-03-19 22:13:50');
INSERT INTO `sys_oper_log` VALUES (108, '代码生成', 8, 'com.ucd.generator.controller.GenController.batchGenCode()', 'GET', 1, 'admin', NULL, '/tool/gen/batchGenCode', '127.0.0.1', '内网IP', '{}', 'null', 0, NULL, '2021-03-19 22:13:57');
INSERT INTO `sys_oper_log` VALUES (109, '代码生成', 2, 'com.ucd.generator.controller.GenController.editSave()', 'PUT', 1, 'admin', NULL, '/tool/gen', '127.0.0.1', '内网IP', '{\"sub\":false,\"functionAuthor\":\"2y\",\"columns\":[{\"capJavaField\":\"AnswerId\",\"usableColumn\":false,\"columnId\":1,\"isIncrement\":\"0\",\"increment\":false,\"insert\":true,\"dictType\":\"\",\"required\":false,\"superColumn\":false,\"updateBy\":\"\",\"isInsert\":\"1\",\"javaField\":\"answerId\",\"htmlType\":\"input\",\"edit\":false,\"query\":false,\"columnComment\":\"问卷填写编号\",\"updateTime\":1616163131000,\"sort\":1,\"list\":false,\"params\":{},\"javaType\":\"Long\",\"queryType\":\"EQ\",\"columnType\":\"bigint(20)\",\"createBy\":\"admin\",\"isPk\":\"1\",\"createTime\":1616162925000,\"tableId\":1,\"pk\":true,\"columnName\":\"answer_id\"},{\"capJavaField\":\"QuestionId\",\"usableColumn\":false,\"columnId\":2,\"isIncrement\":\"0\",\"increment\":false,\"insert\":true,\"isList\":\"1\",\"dictType\":\"\",\"required\":false,\"superColumn\":false,\"updateBy\":\"\",\"isInsert\":\"1\",\"javaField\":\"questionId\",\"htmlType\":\"input\",\"edit\":true,\"query\":true,\"columnComment\":\"题目编号\",\"isQuery\":\"1\",\"updateTime\":1616163131000,\"sort\":2,\"list\":true,\"params\":{},\"javaType\":\"Long\",\"queryType\":\"EQ\",\"columnType\":\"bigint(20)\",\"createBy\":\"admin\",\"isPk\":\"0\",\"createTime\":1616162925000,\"isEdit\":\"1\",\"tableId\":1,\"pk\":false,\"columnName\":\"question_id\"},{\"capJavaField\":\"OptionId\",\"usableColumn\":false,\"columnId\":3,\"isIncrement\":\"0\",\"increment\":false,\"insert\":true,\"isList\":\"1\",\"dictType\":\"\",\"required\":false,\"superColumn\":false,\"updateBy\":\"\",\"isInsert\":\"1\",\"javaField\":\"optionId\",\"htmlType\":\"input\",\"edit\":true,\"query\":true,\"columnComment\":\"选项编号\",\"isQuery\":\"1\",\"updateTime\":1616163131000,\"sort\":3,\"list\":true,\"params\":{},\"javaType\":\"Long\",\"queryType\":\"EQ\",\"columnType\":\"bigint(20)\",\"createBy\":\"admin\",\"isPk\":\"0\",\"createTime\":1616162925000,\"isEdit\":\"1\",\"tableId\":1,\"pk\":false,\"columnName\":\"option_id\"},{\"capJavaField\":\"UserId\",\"usableColumn\":false,\"columnId\":4,\"isIncrement\":\"0\",\"increment\":false,\"insert\":true,\"isList\":\"1\",\"dictType\":\"\",\"required\":false,\"superColumn\":false,\"updateBy\":\"\",\"isInsert\":\"1\",\"javaField\":\"userId\",\"htmlType\":\"input\",\"edit\":true,\"query\":true,\"columnComment\":\"用户编号\",\"isQuery\":\"1\",\"updateTime\":1616163131000,\"sort\":4,', '{\"msg\":\"操作成功\",\"code\":200}', 0, NULL, '2021-03-19 22:15:41');
INSERT INTO `sys_oper_log` VALUES (110, '代码生成', 2, 'com.ucd.generator.controller.GenController.editSave()', 'PUT', 1, 'admin', NULL, '/tool/gen', '127.0.0.1', '内网IP', '{\"sub\":false,\"subTableName\":\"\",\"functionAuthor\":\"2y\",\"columns\":[{\"capJavaField\":\"OptionId\",\"usableColumn\":false,\"columnId\":7,\"isIncrement\":\"0\",\"increment\":false,\"insert\":true,\"dictType\":\"\",\"required\":false,\"superColumn\":false,\"updateBy\":\"\",\"isInsert\":\"1\",\"javaField\":\"optionId\",\"htmlType\":\"input\",\"edit\":false,\"query\":false,\"columnComment\":\"选项编号\",\"updateTime\":1616163168000,\"sort\":1,\"list\":false,\"params\":{},\"javaType\":\"Long\",\"queryType\":\"EQ\",\"columnType\":\"bigint(20)\",\"createBy\":\"admin\",\"isPk\":\"1\",\"createTime\":1616162945000,\"tableId\":2,\"pk\":true,\"columnName\":\"option_id\"},{\"capJavaField\":\"OptionContent\",\"usableColumn\":false,\"columnId\":8,\"isIncrement\":\"0\",\"increment\":false,\"insert\":true,\"isList\":\"1\",\"dictType\":\"\",\"required\":false,\"superColumn\":false,\"updateBy\":\"\",\"isInsert\":\"1\",\"javaField\":\"optionContent\",\"htmlType\":\"editor\",\"edit\":true,\"query\":true,\"columnComment\":\"选项内容\",\"isQuery\":\"1\",\"updateTime\":1616163168000,\"sort\":2,\"list\":true,\"params\":{},\"javaType\":\"String\",\"queryType\":\"EQ\",\"columnType\":\"varchar(255)\",\"createBy\":\"admin\",\"isPk\":\"0\",\"createTime\":1616162945000,\"isEdit\":\"1\",\"tableId\":2,\"pk\":false,\"columnName\":\"option_content\"},{\"capJavaField\":\"QuestionId\",\"usableColumn\":false,\"columnId\":9,\"isIncrement\":\"0\",\"increment\":false,\"insert\":true,\"isList\":\"1\",\"dictType\":\"\",\"required\":false,\"superColumn\":false,\"updateBy\":\"\",\"isInsert\":\"1\",\"javaField\":\"questionId\",\"htmlType\":\"input\",\"edit\":true,\"query\":true,\"columnComment\":\"问题编号\",\"isQuery\":\"1\",\"updateTime\":1616163168000,\"sort\":3,\"list\":true,\"params\":{},\"javaType\":\"Long\",\"queryType\":\"EQ\",\"columnType\":\"bigint(20)\",\"createBy\":\"admin\",\"isPk\":\"0\",\"createTime\":1616162945000,\"isEdit\":\"1\",\"tableId\":2,\"pk\":false,\"columnName\":\"question_id\"},{\"capJavaField\":\"Order\",\"usableColumn\":false,\"columnId\":10,\"isIncrement\":\"0\",\"increment\":false,\"insert\":true,\"isList\":\"1\",\"dictType\":\"\",\"required\":false,\"superColumn\":false,\"updateBy\":\"\",\"isInsert\":\"1\",\"javaField\":\"order\",\"htmlType\":\"input\",\"edit\":true,\"query\":true,\"columnComment\":\"排序\",\"isQuery\":\"1\",\"up', '{\"msg\":\"操作成功\",\"code\":200}', 0, NULL, '2021-03-19 22:16:09');
INSERT INTO `sys_oper_log` VALUES (111, '代码生成', 2, 'com.ucd.generator.controller.GenController.editSave()', 'PUT', 1, 'admin', NULL, '/tool/gen', '127.0.0.1', '内网IP', '{\"sub\":false,\"functionAuthor\":\"2y\",\"columns\":[{\"capJavaField\":\"Id\",\"usableColumn\":false,\"columnId\":16,\"isIncrement\":\"0\",\"increment\":false,\"insert\":true,\"dictType\":\"\",\"required\":false,\"superColumn\":false,\"updateBy\":\"\",\"isInsert\":\"1\",\"javaField\":\"id\",\"htmlType\":\"input\",\"edit\":false,\"query\":false,\"columnComment\":\"问卷id\",\"updateTime\":1616163195000,\"sort\":1,\"list\":false,\"params\":{},\"javaType\":\"Long\",\"queryType\":\"EQ\",\"columnType\":\"bigint(20)\",\"createBy\":\"admin\",\"isPk\":\"1\",\"createTime\":1616162945000,\"tableId\":3,\"pk\":true,\"columnName\":\"id\"},{\"capJavaField\":\"PaperTitle\",\"usableColumn\":false,\"columnId\":17,\"isIncrement\":\"0\",\"increment\":false,\"insert\":true,\"isList\":\"1\",\"dictType\":\"\",\"required\":false,\"superColumn\":false,\"updateBy\":\"\",\"isInsert\":\"1\",\"javaField\":\"paperTitle\",\"htmlType\":\"input\",\"edit\":true,\"query\":true,\"columnComment\":\"问卷名称\",\"isQuery\":\"1\",\"updateTime\":1616163195000,\"sort\":2,\"list\":true,\"params\":{},\"javaType\":\"String\",\"queryType\":\"EQ\",\"columnType\":\"varchar(255)\",\"createBy\":\"admin\",\"isPk\":\"0\",\"createTime\":1616162945000,\"isEdit\":\"1\",\"tableId\":3,\"pk\":false,\"columnName\":\"paper_title\"},{\"capJavaField\":\"PaperPreface\",\"usableColumn\":false,\"columnId\":18,\"isIncrement\":\"0\",\"increment\":false,\"insert\":true,\"isList\":\"1\",\"dictType\":\"\",\"required\":false,\"superColumn\":false,\"updateBy\":\"\",\"isInsert\":\"1\",\"javaField\":\"paperPreface\",\"htmlType\":\"input\",\"edit\":true,\"query\":true,\"columnComment\":\"序言\",\"isQuery\":\"1\",\"updateTime\":1616163195000,\"sort\":3,\"list\":true,\"params\":{},\"javaType\":\"String\",\"queryType\":\"EQ\",\"columnType\":\"varchar(255)\",\"createBy\":\"admin\",\"isPk\":\"0\",\"createTime\":1616162945000,\"isEdit\":\"1\",\"tableId\":3,\"pk\":false,\"columnName\":\"paper_preface\"},{\"capJavaField\":\"StartTime\",\"usableColumn\":false,\"columnId\":19,\"isIncrement\":\"0\",\"increment\":false,\"insert\":true,\"isList\":\"1\",\"dictType\":\"\",\"required\":false,\"superColumn\":false,\"updateBy\":\"\",\"isInsert\":\"1\",\"javaField\":\"startTime\",\"htmlType\":\"datetime\",\"edit\":true,\"query\":true,\"columnComment\":\"开始时间\",\"isQuery\":\"1\",\"updateTime\":1616163195000', '{\"msg\":\"操作成功\",\"code\":200}', 0, NULL, '2021-03-19 22:16:24');
INSERT INTO `sys_oper_log` VALUES (112, '代码生成', 2, 'com.ucd.generator.controller.GenController.editSave()', 'PUT', 1, 'admin', NULL, '/tool/gen', '127.0.0.1', '内网IP', '{\"sub\":false,\"functionAuthor\":\"survey\",\"columns\":[{\"capJavaField\":\"QuestionId\",\"usableColumn\":false,\"columnId\":26,\"isIncrement\":\"0\",\"increment\":false,\"insert\":true,\"dictType\":\"\",\"required\":false,\"superColumn\":false,\"updateBy\":\"\",\"isInsert\":\"1\",\"javaField\":\"questionId\",\"htmlType\":\"input\",\"edit\":false,\"query\":false,\"columnComment\":\"题目id\",\"updateTime\":1616163221000,\"sort\":1,\"list\":false,\"params\":{},\"javaType\":\"Long\",\"queryType\":\"EQ\",\"columnType\":\"bigint(20)\",\"createBy\":\"admin\",\"isPk\":\"1\",\"createTime\":1616162945000,\"tableId\":4,\"pk\":true,\"columnName\":\"question_id\"},{\"capJavaField\":\"QuestionTitle\",\"usableColumn\":false,\"columnId\":27,\"isIncrement\":\"0\",\"increment\":false,\"insert\":true,\"isList\":\"1\",\"dictType\":\"\",\"required\":false,\"superColumn\":false,\"updateBy\":\"\",\"isInsert\":\"1\",\"javaField\":\"questionTitle\",\"htmlType\":\"input\",\"edit\":true,\"query\":true,\"columnComment\":\"题目名称\",\"isQuery\":\"1\",\"updateTime\":1616163221000,\"sort\":2,\"list\":true,\"params\":{},\"javaType\":\"String\",\"queryType\":\"EQ\",\"columnType\":\"varchar(255)\",\"createBy\":\"admin\",\"isPk\":\"0\",\"createTime\":1616162945000,\"isEdit\":\"1\",\"tableId\":4,\"pk\":false,\"columnName\":\"question_title\"},{\"capJavaField\":\"Answer\",\"usableColumn\":false,\"columnId\":28,\"isIncrement\":\"0\",\"increment\":false,\"insert\":true,\"isList\":\"1\",\"dictType\":\"\",\"required\":false,\"superColumn\":false,\"updateBy\":\"\",\"isInsert\":\"1\",\"javaField\":\"answer\",\"htmlType\":\"input\",\"edit\":true,\"query\":true,\"columnComment\":\"单选：0 多选：1 自行填入：2\",\"isQuery\":\"1\",\"updateTime\":1616163221000,\"sort\":3,\"list\":true,\"params\":{},\"javaType\":\"Integer\",\"queryType\":\"EQ\",\"columnType\":\"tinyint(1)\",\"createBy\":\"admin\",\"isPk\":\"0\",\"createTime\":1616162945000,\"isEdit\":\"1\",\"tableId\":4,\"pk\":false,\"columnName\":\"answer\"},{\"capJavaField\":\"CreateBy\",\"usableColumn\":false,\"columnId\":29,\"isIncrement\":\"0\",\"increment\":false,\"insert\":true,\"dictType\":\"\",\"required\":false,\"superColumn\":true,\"updateBy\":\"\",\"isInsert\":\"1\",\"javaField\":\"createBy\",\"htmlType\":\"input\",\"edit\":false,\"query\":false,\"columnComment\":\"创建者\",\"updateTime\":1616163221000', '{\"msg\":\"操作成功\",\"code\":200}', 0, NULL, '2021-03-19 22:17:26');
INSERT INTO `sys_oper_log` VALUES (113, '代码生成', 2, 'com.ucd.generator.controller.GenController.editSave()', 'PUT', 1, 'admin', NULL, '/tool/gen', '127.0.0.1', '内网IP', '{\"sub\":false,\"functionAuthor\":\"2y\",\"columns\":[{\"capJavaField\":\"AnswerId\",\"usableColumn\":false,\"columnId\":1,\"isIncrement\":\"0\",\"increment\":false,\"insert\":true,\"dictType\":\"\",\"required\":false,\"superColumn\":false,\"updateBy\":\"\",\"isInsert\":\"1\",\"javaField\":\"answerId\",\"htmlType\":\"input\",\"edit\":false,\"query\":false,\"columnComment\":\"问卷填写编号\",\"updateTime\":1616163341000,\"sort\":1,\"list\":false,\"params\":{},\"javaType\":\"Long\",\"queryType\":\"EQ\",\"columnType\":\"bigint(20)\",\"createBy\":\"admin\",\"isPk\":\"1\",\"createTime\":1616162925000,\"tableId\":1,\"pk\":true,\"columnName\":\"answer_id\"},{\"capJavaField\":\"QuestionId\",\"usableColumn\":false,\"columnId\":2,\"isIncrement\":\"0\",\"increment\":false,\"insert\":true,\"isList\":\"1\",\"dictType\":\"\",\"required\":false,\"superColumn\":false,\"updateBy\":\"\",\"isInsert\":\"1\",\"javaField\":\"questionId\",\"htmlType\":\"input\",\"edit\":true,\"query\":true,\"columnComment\":\"题目编号\",\"isQuery\":\"1\",\"updateTime\":1616163341000,\"sort\":2,\"list\":true,\"params\":{},\"javaType\":\"Long\",\"queryType\":\"EQ\",\"columnType\":\"bigint(20)\",\"createBy\":\"admin\",\"isPk\":\"0\",\"createTime\":1616162925000,\"isEdit\":\"1\",\"tableId\":1,\"pk\":false,\"columnName\":\"question_id\"},{\"capJavaField\":\"OptionId\",\"usableColumn\":false,\"columnId\":3,\"isIncrement\":\"0\",\"increment\":false,\"insert\":true,\"isList\":\"1\",\"dictType\":\"\",\"required\":false,\"superColumn\":false,\"updateBy\":\"\",\"isInsert\":\"1\",\"javaField\":\"optionId\",\"htmlType\":\"input\",\"edit\":true,\"query\":true,\"columnComment\":\"选项编号\",\"isQuery\":\"1\",\"updateTime\":1616163341000,\"sort\":3,\"list\":true,\"params\":{},\"javaType\":\"Long\",\"queryType\":\"EQ\",\"columnType\":\"bigint(20)\",\"createBy\":\"admin\",\"isPk\":\"0\",\"createTime\":1616162925000,\"isEdit\":\"1\",\"tableId\":1,\"pk\":false,\"columnName\":\"option_id\"},{\"capJavaField\":\"UserId\",\"usableColumn\":false,\"columnId\":4,\"isIncrement\":\"0\",\"increment\":false,\"insert\":true,\"isList\":\"1\",\"dictType\":\"\",\"required\":false,\"superColumn\":false,\"updateBy\":\"\",\"isInsert\":\"1\",\"javaField\":\"userId\",\"htmlType\":\"input\",\"edit\":true,\"query\":true,\"columnComment\":\"用户编号\",\"isQuery\":\"1\",\"updateTime\":1616163341000,\"sort\":4,', '{\"msg\":\"操作成功\",\"code\":200}', 0, NULL, '2021-03-19 22:17:35');
INSERT INTO `sys_oper_log` VALUES (114, '代码生成', 2, 'com.ucd.generator.controller.GenController.editSave()', 'PUT', 1, 'admin', NULL, '/tool/gen', '127.0.0.1', '内网IP', '{\"sub\":false,\"subTableName\":\"\",\"functionAuthor\":\"2y\",\"columns\":[{\"capJavaField\":\"OptionId\",\"usableColumn\":false,\"columnId\":7,\"isIncrement\":\"0\",\"increment\":false,\"insert\":true,\"dictType\":\"\",\"required\":false,\"superColumn\":false,\"updateBy\":\"\",\"isInsert\":\"1\",\"javaField\":\"optionId\",\"htmlType\":\"input\",\"edit\":false,\"query\":false,\"columnComment\":\"选项编号\",\"updateTime\":1616163369000,\"sort\":1,\"list\":false,\"params\":{},\"javaType\":\"Long\",\"queryType\":\"EQ\",\"columnType\":\"bigint(20)\",\"createBy\":\"admin\",\"isPk\":\"1\",\"createTime\":1616162945000,\"tableId\":2,\"pk\":true,\"columnName\":\"option_id\"},{\"capJavaField\":\"OptionContent\",\"usableColumn\":false,\"columnId\":8,\"isIncrement\":\"0\",\"increment\":false,\"insert\":true,\"isList\":\"1\",\"dictType\":\"\",\"required\":false,\"superColumn\":false,\"updateBy\":\"\",\"isInsert\":\"1\",\"javaField\":\"optionContent\",\"htmlType\":\"editor\",\"edit\":true,\"query\":true,\"columnComment\":\"选项内容\",\"isQuery\":\"1\",\"updateTime\":1616163369000,\"sort\":2,\"list\":true,\"params\":{},\"javaType\":\"String\",\"queryType\":\"EQ\",\"columnType\":\"varchar(255)\",\"createBy\":\"admin\",\"isPk\":\"0\",\"createTime\":1616162945000,\"isEdit\":\"1\",\"tableId\":2,\"pk\":false,\"columnName\":\"option_content\"},{\"capJavaField\":\"QuestionId\",\"usableColumn\":false,\"columnId\":9,\"isIncrement\":\"0\",\"increment\":false,\"insert\":true,\"isList\":\"1\",\"dictType\":\"\",\"required\":false,\"superColumn\":false,\"updateBy\":\"\",\"isInsert\":\"1\",\"javaField\":\"questionId\",\"htmlType\":\"input\",\"edit\":true,\"query\":true,\"columnComment\":\"问题编号\",\"isQuery\":\"1\",\"updateTime\":1616163369000,\"sort\":3,\"list\":true,\"params\":{},\"javaType\":\"Long\",\"queryType\":\"EQ\",\"columnType\":\"bigint(20)\",\"createBy\":\"admin\",\"isPk\":\"0\",\"createTime\":1616162945000,\"isEdit\":\"1\",\"tableId\":2,\"pk\":false,\"columnName\":\"question_id\"},{\"capJavaField\":\"Order\",\"usableColumn\":false,\"columnId\":10,\"isIncrement\":\"0\",\"increment\":false,\"insert\":true,\"isList\":\"1\",\"dictType\":\"\",\"required\":false,\"superColumn\":false,\"updateBy\":\"\",\"isInsert\":\"1\",\"javaField\":\"order\",\"htmlType\":\"input\",\"edit\":true,\"query\":true,\"columnComment\":\"排序\",\"isQuery\":\"1\",\"up', '{\"msg\":\"操作成功\",\"code\":200}', 0, NULL, '2021-03-19 22:17:43');
INSERT INTO `sys_oper_log` VALUES (115, '代码生成', 2, 'com.ucd.generator.controller.GenController.editSave()', 'PUT', 1, 'admin', NULL, '/tool/gen', '127.0.0.1', '内网IP', '{\"sub\":false,\"functionAuthor\":\"2y\",\"columns\":[{\"capJavaField\":\"Id\",\"usableColumn\":false,\"columnId\":16,\"isIncrement\":\"0\",\"increment\":false,\"insert\":true,\"dictType\":\"\",\"required\":false,\"superColumn\":false,\"updateBy\":\"\",\"isInsert\":\"1\",\"javaField\":\"id\",\"htmlType\":\"input\",\"edit\":false,\"query\":false,\"columnComment\":\"问卷id\",\"updateTime\":1616163384000,\"sort\":1,\"list\":false,\"params\":{},\"javaType\":\"Long\",\"queryType\":\"EQ\",\"columnType\":\"bigint(20)\",\"createBy\":\"admin\",\"isPk\":\"1\",\"createTime\":1616162945000,\"tableId\":3,\"pk\":true,\"columnName\":\"id\"},{\"capJavaField\":\"PaperTitle\",\"usableColumn\":false,\"columnId\":17,\"isIncrement\":\"0\",\"increment\":false,\"insert\":true,\"isList\":\"1\",\"dictType\":\"\",\"required\":false,\"superColumn\":false,\"updateBy\":\"\",\"isInsert\":\"1\",\"javaField\":\"paperTitle\",\"htmlType\":\"input\",\"edit\":true,\"query\":true,\"columnComment\":\"问卷名称\",\"isQuery\":\"1\",\"updateTime\":1616163384000,\"sort\":2,\"list\":true,\"params\":{},\"javaType\":\"String\",\"queryType\":\"EQ\",\"columnType\":\"varchar(255)\",\"createBy\":\"admin\",\"isPk\":\"0\",\"createTime\":1616162945000,\"isEdit\":\"1\",\"tableId\":3,\"pk\":false,\"columnName\":\"paper_title\"},{\"capJavaField\":\"PaperPreface\",\"usableColumn\":false,\"columnId\":18,\"isIncrement\":\"0\",\"increment\":false,\"insert\":true,\"isList\":\"1\",\"dictType\":\"\",\"required\":false,\"superColumn\":false,\"updateBy\":\"\",\"isInsert\":\"1\",\"javaField\":\"paperPreface\",\"htmlType\":\"input\",\"edit\":true,\"query\":true,\"columnComment\":\"序言\",\"isQuery\":\"1\",\"updateTime\":1616163384000,\"sort\":3,\"list\":true,\"params\":{},\"javaType\":\"String\",\"queryType\":\"EQ\",\"columnType\":\"varchar(255)\",\"createBy\":\"admin\",\"isPk\":\"0\",\"createTime\":1616162945000,\"isEdit\":\"1\",\"tableId\":3,\"pk\":false,\"columnName\":\"paper_preface\"},{\"capJavaField\":\"StartTime\",\"usableColumn\":false,\"columnId\":19,\"isIncrement\":\"0\",\"increment\":false,\"insert\":true,\"isList\":\"1\",\"dictType\":\"\",\"required\":false,\"superColumn\":false,\"updateBy\":\"\",\"isInsert\":\"1\",\"javaField\":\"startTime\",\"htmlType\":\"datetime\",\"edit\":true,\"query\":true,\"columnComment\":\"开始时间\",\"isQuery\":\"1\",\"updateTime\":1616163384000', '{\"msg\":\"操作成功\",\"code\":200}', 0, NULL, '2021-03-19 22:17:52');
INSERT INTO `sys_oper_log` VALUES (116, '代码生成', 8, 'com.ucd.generator.controller.GenController.genCode()', 'GET', 1, 'admin', NULL, '/tool/gen/genCode/t_survey_answer', '127.0.0.1', '内网IP', '{tableName=t_survey_answer}', '{\"msg\":\"操作成功\",\"code\":200}', 0, NULL, '2021-03-19 22:17:58');
INSERT INTO `sys_oper_log` VALUES (117, '代码生成', 8, 'com.ucd.generator.controller.GenController.genCode()', 'GET', 1, 'admin', NULL, '/tool/gen/genCode/t_survey_options', '127.0.0.1', '内网IP', '{tableName=t_survey_options}', '{\"msg\":\"操作成功\",\"code\":200}', 0, NULL, '2021-03-19 22:18:43');
INSERT INTO `sys_oper_log` VALUES (118, '代码生成', 8, 'com.ucd.generator.controller.GenController.genCode()', 'GET', 1, 'admin', NULL, '/tool/gen/genCode/t_survey_paper', '127.0.0.1', '内网IP', '{tableName=t_survey_paper}', '{\"msg\":\"操作成功\",\"code\":200}', 0, NULL, '2021-03-19 22:18:44');
INSERT INTO `sys_oper_log` VALUES (119, '代码生成', 8, 'com.ucd.generator.controller.GenController.genCode()', 'GET', 1, 'admin', NULL, '/tool/gen/genCode/t_survey_question', '127.0.0.1', '内网IP', '{tableName=t_survey_question}', '{\"msg\":\"操作成功\",\"code\":200}', 0, NULL, '2021-03-19 22:18:46');
INSERT INTO `sys_oper_log` VALUES (120, '代码生成', 2, 'com.ucd.generator.controller.GenController.editSave()', 'PUT', 1, 'admin', NULL, '/tool/gen', '127.0.0.1', '内网IP', '{\"sub\":false,\"functionAuthor\":\"2y\",\"columns\":[{\"capJavaField\":\"AnswerId\",\"usableColumn\":false,\"columnId\":1,\"isIncrement\":\"0\",\"increment\":false,\"insert\":true,\"dictType\":\"\",\"required\":false,\"superColumn\":false,\"updateBy\":\"\",\"isInsert\":\"1\",\"javaField\":\"answerId\",\"htmlType\":\"input\",\"edit\":false,\"query\":false,\"columnComment\":\"问卷填写编号\",\"updateTime\":1616163455000,\"sort\":1,\"list\":false,\"params\":{},\"javaType\":\"Long\",\"queryType\":\"EQ\",\"columnType\":\"bigint(20)\",\"createBy\":\"admin\",\"isPk\":\"1\",\"createTime\":1616162925000,\"tableId\":1,\"pk\":true,\"columnName\":\"answer_id\"},{\"capJavaField\":\"QuestionId\",\"usableColumn\":false,\"columnId\":2,\"isIncrement\":\"0\",\"increment\":false,\"insert\":true,\"isList\":\"1\",\"dictType\":\"\",\"required\":false,\"superColumn\":false,\"updateBy\":\"\",\"isInsert\":\"1\",\"javaField\":\"questionId\",\"htmlType\":\"input\",\"edit\":true,\"query\":true,\"columnComment\":\"题目编号\",\"isQuery\":\"1\",\"updateTime\":1616163455000,\"sort\":2,\"list\":true,\"params\":{},\"javaType\":\"Long\",\"queryType\":\"EQ\",\"columnType\":\"bigint(20)\",\"createBy\":\"admin\",\"isPk\":\"0\",\"createTime\":1616162925000,\"isEdit\":\"1\",\"tableId\":1,\"pk\":false,\"columnName\":\"question_id\"},{\"capJavaField\":\"OptionId\",\"usableColumn\":false,\"columnId\":3,\"isIncrement\":\"0\",\"increment\":false,\"insert\":true,\"isList\":\"1\",\"dictType\":\"\",\"required\":false,\"superColumn\":false,\"updateBy\":\"\",\"isInsert\":\"1\",\"javaField\":\"optionId\",\"htmlType\":\"input\",\"edit\":true,\"query\":true,\"columnComment\":\"选项编号\",\"isQuery\":\"1\",\"updateTime\":1616163455000,\"sort\":3,\"list\":true,\"params\":{},\"javaType\":\"Long\",\"queryType\":\"EQ\",\"columnType\":\"bigint(20)\",\"createBy\":\"admin\",\"isPk\":\"0\",\"createTime\":1616162925000,\"isEdit\":\"1\",\"tableId\":1,\"pk\":false,\"columnName\":\"option_id\"},{\"capJavaField\":\"UserId\",\"usableColumn\":false,\"columnId\":4,\"isIncrement\":\"0\",\"increment\":false,\"insert\":true,\"isList\":\"1\",\"dictType\":\"\",\"required\":false,\"superColumn\":false,\"updateBy\":\"\",\"isInsert\":\"1\",\"javaField\":\"userId\",\"htmlType\":\"input\",\"edit\":true,\"query\":true,\"columnComment\":\"用户编号\",\"isQuery\":\"1\",\"updateTime\":1616163455000,\"sort\":4,', '{\"msg\":\"操作成功\",\"code\":200}', 0, NULL, '2021-03-19 22:23:51');
INSERT INTO `sys_oper_log` VALUES (121, '代码生成', 8, 'com.ucd.generator.controller.GenController.genCode()', 'GET', 1, 'admin', NULL, '/tool/gen/genCode/t_survey_options', '127.0.0.1', '内网IP', '{tableName=t_survey_options}', '{\"msg\":\"操作成功\",\"code\":200}', 0, NULL, '2021-03-19 22:31:14');
INSERT INTO `sys_oper_log` VALUES (122, '代码生成', 2, 'com.ucd.generator.controller.GenController.editSave()', 'PUT', 1, 'admin', NULL, '/tool/gen', '127.0.0.1', '内网IP', '{\"sub\":false,\"subTableName\":\"\",\"functionAuthor\":\"2y\",\"columns\":[{\"capJavaField\":\"OptionId\",\"usableColumn\":false,\"columnId\":7,\"isIncrement\":\"0\",\"increment\":false,\"insert\":true,\"dictType\":\"\",\"required\":false,\"superColumn\":false,\"updateBy\":\"\",\"isInsert\":\"1\",\"javaField\":\"optionId\",\"htmlType\":\"input\",\"edit\":false,\"query\":false,\"columnComment\":\"选项编号\",\"updateTime\":1616163463000,\"sort\":1,\"list\":false,\"params\":{},\"javaType\":\"Long\",\"queryType\":\"EQ\",\"columnType\":\"bigint(20)\",\"createBy\":\"admin\",\"isPk\":\"1\",\"createTime\":1616162945000,\"tableId\":2,\"pk\":true,\"columnName\":\"option_id\"},{\"capJavaField\":\"OptionContent\",\"usableColumn\":false,\"columnId\":8,\"isIncrement\":\"0\",\"increment\":false,\"insert\":true,\"isList\":\"1\",\"dictType\":\"\",\"required\":false,\"superColumn\":false,\"updateBy\":\"\",\"isInsert\":\"1\",\"javaField\":\"optionContent\",\"htmlType\":\"editor\",\"edit\":true,\"query\":true,\"columnComment\":\"选项内容\",\"isQuery\":\"1\",\"updateTime\":1616163463000,\"sort\":2,\"list\":true,\"params\":{},\"javaType\":\"String\",\"queryType\":\"EQ\",\"columnType\":\"varchar(255)\",\"createBy\":\"admin\",\"isPk\":\"0\",\"createTime\":1616162945000,\"isEdit\":\"1\",\"tableId\":2,\"pk\":false,\"columnName\":\"option_content\"},{\"capJavaField\":\"QuestionId\",\"usableColumn\":false,\"columnId\":9,\"isIncrement\":\"0\",\"increment\":false,\"insert\":true,\"isList\":\"1\",\"dictType\":\"\",\"required\":false,\"superColumn\":false,\"updateBy\":\"\",\"isInsert\":\"1\",\"javaField\":\"questionId\",\"htmlType\":\"input\",\"edit\":true,\"query\":true,\"columnComment\":\"问题编号\",\"isQuery\":\"1\",\"updateTime\":1616163463000,\"sort\":3,\"list\":true,\"params\":{},\"javaType\":\"Long\",\"queryType\":\"EQ\",\"columnType\":\"bigint(20)\",\"createBy\":\"admin\",\"isPk\":\"0\",\"createTime\":1616162945000,\"isEdit\":\"1\",\"tableId\":2,\"pk\":false,\"columnName\":\"question_id\"},{\"capJavaField\":\"Order\",\"usableColumn\":false,\"columnId\":10,\"isIncrement\":\"0\",\"increment\":false,\"insert\":true,\"isList\":\"1\",\"dictType\":\"\",\"required\":false,\"superColumn\":false,\"updateBy\":\"\",\"isInsert\":\"1\",\"javaField\":\"order\",\"htmlType\":\"input\",\"edit\":true,\"query\":true,\"columnComment\":\"排序\",\"isQuery\":\"1\",\"up', '{\"msg\":\"操作成功\",\"code\":200}', 0, NULL, '2021-03-19 22:31:44');
INSERT INTO `sys_oper_log` VALUES (123, '代码生成', 2, 'com.ucd.generator.controller.GenController.editSave()', 'PUT', 1, 'admin', NULL, '/tool/gen', '127.0.0.1', '内网IP', '{\"sub\":false,\"functionAuthor\":\"2y\",\"columns\":[{\"capJavaField\":\"Id\",\"usableColumn\":false,\"columnId\":16,\"isIncrement\":\"0\",\"increment\":false,\"insert\":true,\"dictType\":\"\",\"required\":false,\"superColumn\":false,\"updateBy\":\"\",\"isInsert\":\"1\",\"javaField\":\"id\",\"htmlType\":\"input\",\"edit\":false,\"query\":false,\"columnComment\":\"问卷id\",\"updateTime\":1616163472000,\"sort\":1,\"list\":false,\"params\":{},\"javaType\":\"Long\",\"queryType\":\"EQ\",\"columnType\":\"bigint(20)\",\"createBy\":\"admin\",\"isPk\":\"1\",\"createTime\":1616162945000,\"tableId\":3,\"pk\":true,\"columnName\":\"id\"},{\"capJavaField\":\"PaperTitle\",\"usableColumn\":false,\"columnId\":17,\"isIncrement\":\"0\",\"increment\":false,\"insert\":true,\"isList\":\"1\",\"dictType\":\"\",\"required\":false,\"superColumn\":false,\"updateBy\":\"\",\"isInsert\":\"1\",\"javaField\":\"paperTitle\",\"htmlType\":\"input\",\"edit\":true,\"query\":true,\"columnComment\":\"问卷名称\",\"isQuery\":\"1\",\"updateTime\":1616163472000,\"sort\":2,\"list\":true,\"params\":{},\"javaType\":\"String\",\"queryType\":\"EQ\",\"columnType\":\"varchar(255)\",\"createBy\":\"admin\",\"isPk\":\"0\",\"createTime\":1616162945000,\"isEdit\":\"1\",\"tableId\":3,\"pk\":false,\"columnName\":\"paper_title\"},{\"capJavaField\":\"PaperPreface\",\"usableColumn\":false,\"columnId\":18,\"isIncrement\":\"0\",\"increment\":false,\"insert\":true,\"isList\":\"1\",\"dictType\":\"\",\"required\":false,\"superColumn\":false,\"updateBy\":\"\",\"isInsert\":\"1\",\"javaField\":\"paperPreface\",\"htmlType\":\"input\",\"edit\":true,\"query\":true,\"columnComment\":\"序言\",\"isQuery\":\"1\",\"updateTime\":1616163472000,\"sort\":3,\"list\":true,\"params\":{},\"javaType\":\"String\",\"queryType\":\"EQ\",\"columnType\":\"varchar(255)\",\"createBy\":\"admin\",\"isPk\":\"0\",\"createTime\":1616162945000,\"isEdit\":\"1\",\"tableId\":3,\"pk\":false,\"columnName\":\"paper_preface\"},{\"capJavaField\":\"StartTime\",\"usableColumn\":false,\"columnId\":19,\"isIncrement\":\"0\",\"increment\":false,\"insert\":true,\"isList\":\"1\",\"dictType\":\"\",\"required\":false,\"superColumn\":false,\"updateBy\":\"\",\"isInsert\":\"1\",\"javaField\":\"startTime\",\"htmlType\":\"datetime\",\"edit\":true,\"query\":true,\"columnComment\":\"开始时间\",\"isQuery\":\"1\",\"updateTime\":1616163472000', '{\"msg\":\"操作成功\",\"code\":200}', 0, NULL, '2021-03-19 22:31:52');
INSERT INTO `sys_oper_log` VALUES (124, '代码生成', 2, 'com.ucd.generator.controller.GenController.editSave()', 'PUT', 1, 'admin', NULL, '/tool/gen', '127.0.0.1', '内网IP', '{\"sub\":false,\"functionAuthor\":\"survey\",\"columns\":[{\"capJavaField\":\"QuestionId\",\"usableColumn\":false,\"columnId\":26,\"isIncrement\":\"0\",\"increment\":false,\"insert\":true,\"dictType\":\"\",\"required\":false,\"superColumn\":false,\"updateBy\":\"\",\"isInsert\":\"1\",\"javaField\":\"questionId\",\"htmlType\":\"input\",\"edit\":false,\"query\":false,\"columnComment\":\"题目id\",\"updateTime\":1616163446000,\"sort\":1,\"list\":false,\"params\":{},\"javaType\":\"Long\",\"queryType\":\"EQ\",\"columnType\":\"bigint(20)\",\"createBy\":\"admin\",\"isPk\":\"1\",\"createTime\":1616162945000,\"tableId\":4,\"pk\":true,\"columnName\":\"question_id\"},{\"capJavaField\":\"QuestionTitle\",\"usableColumn\":false,\"columnId\":27,\"isIncrement\":\"0\",\"increment\":false,\"insert\":true,\"isList\":\"1\",\"dictType\":\"\",\"required\":false,\"superColumn\":false,\"updateBy\":\"\",\"isInsert\":\"1\",\"javaField\":\"questionTitle\",\"htmlType\":\"input\",\"edit\":true,\"query\":true,\"columnComment\":\"题目名称\",\"isQuery\":\"1\",\"updateTime\":1616163446000,\"sort\":2,\"list\":true,\"params\":{},\"javaType\":\"String\",\"queryType\":\"EQ\",\"columnType\":\"varchar(255)\",\"createBy\":\"admin\",\"isPk\":\"0\",\"createTime\":1616162945000,\"isEdit\":\"1\",\"tableId\":4,\"pk\":false,\"columnName\":\"question_title\"},{\"capJavaField\":\"Answer\",\"usableColumn\":false,\"columnId\":28,\"isIncrement\":\"0\",\"increment\":false,\"insert\":true,\"isList\":\"1\",\"dictType\":\"\",\"required\":false,\"superColumn\":false,\"updateBy\":\"\",\"isInsert\":\"1\",\"javaField\":\"answer\",\"htmlType\":\"input\",\"edit\":true,\"query\":true,\"columnComment\":\"单选：0 多选：1 自行填入：2\",\"isQuery\":\"1\",\"updateTime\":1616163446000,\"sort\":3,\"list\":true,\"params\":{},\"javaType\":\"Integer\",\"queryType\":\"EQ\",\"columnType\":\"tinyint(1)\",\"createBy\":\"admin\",\"isPk\":\"0\",\"createTime\":1616162945000,\"isEdit\":\"1\",\"tableId\":4,\"pk\":false,\"columnName\":\"answer\"},{\"capJavaField\":\"CreateBy\",\"usableColumn\":false,\"columnId\":29,\"isIncrement\":\"0\",\"increment\":false,\"insert\":true,\"dictType\":\"\",\"required\":false,\"superColumn\":true,\"updateBy\":\"\",\"isInsert\":\"1\",\"javaField\":\"createBy\",\"htmlType\":\"input\",\"edit\":false,\"query\":false,\"columnComment\":\"创建者\",\"updateTime\":1616163446000', '{\"msg\":\"操作成功\",\"code\":200}', 0, NULL, '2021-03-19 22:31:59');
INSERT INTO `sys_oper_log` VALUES (125, '代码生成', 8, 'com.ucd.generator.controller.GenController.batchGenCode()', 'GET', 1, 'admin', NULL, '/tool/gen/batchGenCode', '127.0.0.1', '内网IP', '{}', 'null', 0, NULL, '2021-03-19 22:32:02');
INSERT INTO `sys_oper_log` VALUES (126, '代码生成', 8, 'com.ucd.generator.controller.GenController.batchGenCode()', 'GET', 1, 'admin', NULL, '/tool/gen/batchGenCode', '127.0.0.1', '内网IP', '{}', 'null', 0, NULL, '2021-03-19 22:32:14');
INSERT INTO `sys_oper_log` VALUES (127, '代码生成', 8, 'com.ucd.generator.controller.GenController.batchGenCode()', 'GET', 1, 'admin', NULL, '/tool/gen/batchGenCode', '127.0.0.1', '内网IP', '{}', 'null', 0, NULL, '2021-03-19 22:42:55');
INSERT INTO `sys_oper_log` VALUES (128, '代码生成', 8, 'com.ucd.generator.controller.GenController.batchGenCode()', 'GET', 1, 'admin', NULL, '/tool/gen/batchGenCode', '127.0.0.1', '内网IP', '{}', 'null', 0, NULL, '2021-03-19 22:44:07');
INSERT INTO `sys_oper_log` VALUES (129, '代码生成', 8, 'com.ucd.generator.controller.GenController.batchGenCode()', 'GET', 1, 'admin', NULL, '/tool/gen/batchGenCode', '127.0.0.1', '内网IP', '{}', 'null', 0, NULL, '2021-03-19 22:45:04');
INSERT INTO `sys_oper_log` VALUES (130, '菜单管理', 1, 'com.ucd.web.controller.system.SysMenuController.add()', 'POST', 1, 'admin', NULL, '/system/menu', '127.0.0.1', '内网IP', '{\"visible\":\"0\",\"icon\":\"message\",\"orderNum\":\"5\",\"menuName\":\"调查问卷\",\"params\":{},\"parentId\":0,\"isCache\":\"0\",\"path\":\"survey\",\"createBy\":\"admin\",\"children\":[],\"isFrame\":\"1\",\"menuType\":\"C\",\"status\":\"0\"}', '{\"msg\":\"操作成功\",\"code\":200}', 0, NULL, '2021-03-19 22:48:01');
INSERT INTO `sys_oper_log` VALUES (131, '菜单管理', 2, 'com.ucd.web.controller.system.SysMenuController.edit()', 'PUT', 1, 'admin', NULL, '/system/menu', '127.0.0.1', '内网IP', '{\"visible\":\"0\",\"icon\":\"message\",\"orderNum\":\"5\",\"menuName\":\"调查问卷\",\"params\":{},\"parentId\":0,\"isCache\":\"0\",\"path\":\"survey\",\"children\":[],\"createTime\":1616165281000,\"updateBy\":\"admin\",\"isFrame\":\"1\",\"menuId\":2000,\"menuType\":\"M\",\"perms\":\"\",\"status\":\"0\"}', '{\"msg\":\"操作成功\",\"code\":200}', 0, NULL, '2021-03-19 22:48:57');
INSERT INTO `sys_oper_log` VALUES (132, '菜单管理', 1, 'com.ucd.web.controller.system.SysMenuController.add()', 'POST', 1, 'admin', NULL, '/system/menu', '127.0.0.1', '内网IP', '{\"visible\":\"0\",\"icon\":\"edit\",\"orderNum\":\"1\",\"menuName\":\"问卷管理\",\"params\":{},\"parentId\":2000,\"isCache\":\"0\",\"path\":\"survey/paper/index\",\"component\":\"survey/paper/index\",\"createBy\":\"admin\",\"children\":[],\"isFrame\":\"1\",\"menuType\":\"C\",\"status\":\"0\"}', '{\"msg\":\"操作成功\",\"code\":200}', 0, NULL, '2021-03-19 22:50:02');
INSERT INTO `sys_oper_log` VALUES (133, '菜单管理', 2, 'com.ucd.web.controller.system.SysMenuController.edit()', 'PUT', 1, 'admin', NULL, '/system/menu', '127.0.0.1', '内网IP', '{\"visible\":\"0\",\"icon\":\"edit\",\"orderNum\":\"1\",\"menuName\":\"问卷管理\",\"params\":{},\"parentId\":2000,\"isCache\":\"0\",\"path\":\"paper\",\"component\":\"survey/paper/index\",\"children\":[],\"createTime\":1616165402000,\"updateBy\":\"admin\",\"isFrame\":\"1\",\"menuId\":2001,\"menuType\":\"C\",\"perms\":\"\",\"status\":\"0\"}', '{\"msg\":\"操作成功\",\"code\":200}', 0, NULL, '2021-03-19 22:50:30');
INSERT INTO `sys_oper_log` VALUES (134, '菜单管理', 1, 'com.ucd.web.controller.system.SysMenuController.add()', 'POST', 1, 'admin', NULL, '/system/menu', '127.0.0.1', '内网IP', '{\"visible\":\"0\",\"icon\":\"date\",\"orderNum\":\"2\",\"menuName\":\"问题管理\",\"params\":{},\"parentId\":2001,\"isCache\":\"0\",\"path\":\"question\",\"component\":\"survey/question/index\",\"createBy\":\"admin\",\"children\":[],\"isFrame\":\"1\",\"menuType\":\"C\",\"status\":\"0\"}', '{\"msg\":\"操作成功\",\"code\":200}', 0, NULL, '2021-03-19 22:52:03');
INSERT INTO `sys_oper_log` VALUES (135, '菜单管理', 1, 'com.ucd.web.controller.system.SysMenuController.add()', 'POST', 1, 'admin', NULL, '/system/menu', '127.0.0.1', '内网IP', '{\"visible\":\"0\",\"icon\":\"dict\",\"orderNum\":\"3\",\"menuName\":\"选项管理\",\"params\":{},\"parentId\":2001,\"isCache\":\"0\",\"path\":\"options\",\"component\":\"survey/options/index\",\"createBy\":\"admin\",\"children\":[],\"isFrame\":\"1\",\"menuType\":\"C\",\"status\":\"0\"}', '{\"msg\":\"操作成功\",\"code\":200}', 0, NULL, '2021-03-19 22:53:03');
INSERT INTO `sys_oper_log` VALUES (136, '菜单管理', 1, 'com.ucd.web.controller.system.SysMenuController.add()', 'POST', 1, 'admin', NULL, '/system/menu', '127.0.0.1', '内网IP', '{\"visible\":\"0\",\"icon\":\"list\",\"orderNum\":\"4\",\"menuName\":\"问卷列表\",\"params\":{},\"parentId\":2001,\"isCache\":\"0\",\"path\":\"answer\",\"component\":\"survey/answer/index\",\"createBy\":\"admin\",\"children\":[],\"isFrame\":\"1\",\"menuType\":\"C\",\"status\":\"0\"}', '{\"msg\":\"操作成功\",\"code\":200}', 0, NULL, '2021-03-19 22:54:12');
INSERT INTO `sys_oper_log` VALUES (137, '菜单管理', 2, 'com.ucd.web.controller.system.SysMenuController.edit()', 'PUT', 1, 'admin', NULL, '/system/menu', '127.0.0.1', '内网IP', '{\"visible\":\"0\",\"icon\":\"date\",\"orderNum\":\"2\",\"menuName\":\"问题管理\",\"params\":{},\"parentId\":2000,\"isCache\":\"0\",\"path\":\"question\",\"component\":\"survey/question/index\",\"children\":[],\"createTime\":1616165523000,\"updateBy\":\"admin\",\"isFrame\":\"1\",\"menuId\":2002,\"menuType\":\"C\",\"perms\":\"\",\"status\":\"0\"}', '{\"msg\":\"操作成功\",\"code\":200}', 0, NULL, '2021-03-19 22:55:09');
INSERT INTO `sys_oper_log` VALUES (138, '菜单管理', 2, 'com.ucd.web.controller.system.SysMenuController.edit()', 'PUT', 1, 'admin', NULL, '/system/menu', '127.0.0.1', '内网IP', '{\"visible\":\"0\",\"icon\":\"dict\",\"orderNum\":\"3\",\"menuName\":\"选项管理\",\"params\":{},\"parentId\":2000,\"isCache\":\"0\",\"path\":\"options\",\"component\":\"survey/options/index\",\"children\":[],\"createTime\":1616165583000,\"updateBy\":\"admin\",\"isFrame\":\"1\",\"menuId\":2003,\"menuType\":\"C\",\"perms\":\"\",\"status\":\"0\"}', '{\"msg\":\"操作成功\",\"code\":200}', 0, NULL, '2021-03-19 22:55:16');
INSERT INTO `sys_oper_log` VALUES (139, '菜单管理', 2, 'com.ucd.web.controller.system.SysMenuController.edit()', 'PUT', 1, 'admin', NULL, '/system/menu', '127.0.0.1', '内网IP', '{\"visible\":\"0\",\"icon\":\"list\",\"orderNum\":\"4\",\"menuName\":\"问卷列表\",\"params\":{},\"parentId\":2000,\"isCache\":\"0\",\"path\":\"answer\",\"component\":\"survey/answer/index\",\"children\":[],\"createTime\":1616165652000,\"updateBy\":\"admin\",\"isFrame\":\"1\",\"menuId\":2004,\"menuType\":\"C\",\"perms\":\"\",\"status\":\"0\"}', '{\"msg\":\"操作成功\",\"code\":200}', 0, NULL, '2021-03-19 22:55:23');
INSERT INTO `sys_oper_log` VALUES (140, '角色管理', 2, 'com.ucd.web.controller.system.SysRoleController.edit()', 'PUT', 1, 'admin', NULL, '/system/role', '127.0.0.1', '内网IP', '{\"flag\":false,\"roleId\":1,\"admin\":true,\"remark\":\"超级管理员\",\"dataScope\":\"1\",\"delFlag\":\"0\",\"params\":{},\"roleSort\":\"1\",\"deptCheckStrictly\":true,\"createTime\":1616159508000,\"menuCheckStrictly\":true,\"roleKey\":\"admin\",\"roleName\":\"超级管理员\",\"menuIds\":[1,100,1001,1002,1003,1004,1005,1006,1007,101,1008,1009,1010,1011,1012,102,1013,1014,1015,1016,103,1017,1018,1019,1020,104,1021,1022,1023,1024,1025,105,1026,1027,1028,1029,1030,106,1031,1032,1033,1034,1035,107,1036,1037,1038,1039,108,500,1040,1041,1042,501,1043,1044,1045,2,109,1046,1047,1048,110,1049,1050,1051,1052,1053,1054,111,112,113,3,114,115,1055,1056,1058,1057,1059,1060,116,4,2000,2001,2002,2003,2004],\"status\":\"0\"}', 'null', 1, '不允许操作超级管理员角色', '2021-03-19 22:56:26');
INSERT INTO `sys_oper_log` VALUES (141, '角色管理', 1, 'com.ucd.web.controller.system.SysRoleController.add()', 'POST', 1, 'admin', NULL, '/system/role', '127.0.0.1', '内网IP', '{\"flag\":false,\"roleId\":100,\"admin\":false,\"params\":{},\"roleSort\":\"3\",\"deptCheckStrictly\":true,\"createBy\":\"admin\",\"menuCheckStrictly\":true,\"roleKey\":\"user_admin\",\"roleName\":\"管理员\",\"deptIds\":[],\"menuIds\":[1,100,1001,1002,1003,1004,1005,1006,1007,101,1008,1009,1010,1011,1012,102,1013,1014,1015,1016,103,1017,1018,1019,1020,104,1021,1022,1023,1024,1025,105,1026,1027,1028,1029,1030,106,1031,1032,1033,1034,1035,107,1036,1037,1038,1039,108,500,1040,1041,1042,501,1043,1044,1045,2,109,1046,1047,1048,110,1049,1050,1051,1052,1053,1054,111,112,113,3,114,115,1055,1056,1058,1057,1059,1060,116,4,2000,2001,2002,2003,2004],\"status\":\"0\"}', '{\"msg\":\"操作成功\",\"code\":200}', 0, NULL, '2021-03-19 22:57:14');
INSERT INTO `sys_oper_log` VALUES (142, '用户管理', 1, 'com.ucd.web.controller.system.SysUserController.add()', 'POST', 1, 'admin', NULL, '/system/user', '127.0.0.1', '内网IP', '{\"phonenumber\":\"15823567896\",\"admin\":false,\"password\":\"$2a$10$TPh9CwTCphWat3SHZ7M5Dub9TRWY7/EO/wMipRyOsuPHVN8.RE7Ma\",\"postIds\":[1],\"nickName\":\"2y\",\"sex\":\"0\",\"deptId\":100,\"params\":{},\"userName\":\"tony\",\"userId\":100,\"createBy\":\"admin\",\"roleIds\":[100],\"status\":\"0\"}', '{\"msg\":\"操作成功\",\"code\":200}', 0, NULL, '2021-03-19 22:57:58');
INSERT INTO `sys_oper_log` VALUES (143, '用户管理', 2, 'com.ucd.web.controller.system.SysUserController.resetPwd()', 'PUT', 1, 'admin', NULL, '/system/user/resetPwd', '127.0.0.1', '内网IP', '{\"admin\":false,\"password\":\"$2a$10$VjLBfutE.0cGrHFpEm5FQe.TxtoFdhUDrg.UjHymaot59/.PellFO\",\"updateBy\":\"admin\",\"params\":{},\"userId\":100}', '{\"msg\":\"操作成功\",\"code\":200}', 0, NULL, '2021-03-19 22:58:13');
INSERT INTO `sys_oper_log` VALUES (144, '菜单管理', 2, 'com.ucd.web.controller.system.SysMenuController.edit()', 'PUT', 1, 'tony', NULL, '/system/menu', '127.0.0.1', '内网IP', '{\"visible\":\"0\",\"icon\":\"edit\",\"orderNum\":\"1\",\"menuName\":\"问卷管理\",\"params\":{},\"parentId\":2000,\"isCache\":\"0\",\"path\":\"paper\",\"component\":\"survey/paper/index\",\"children\":[],\"createTime\":1616165402000,\"updateBy\":\"tony\",\"isFrame\":\"1\",\"menuId\":2001,\"menuType\":\"C\",\"perms\":\"system:answer:list\",\"status\":\"0\"}', '{\"msg\":\"操作成功\",\"code\":200}', 0, NULL, '2021-03-19 23:06:52');
INSERT INTO `sys_oper_log` VALUES (145, '菜单管理', 2, 'com.ucd.web.controller.system.SysMenuController.edit()', 'PUT', 1, 'tony', NULL, '/system/menu', '127.0.0.1', '内网IP', '{\"visible\":\"0\",\"icon\":\"date\",\"orderNum\":\"2\",\"menuName\":\"问题管理\",\"params\":{},\"parentId\":2000,\"isCache\":\"0\",\"path\":\"question\",\"component\":\"survey/question/index\",\"children\":[],\"createTime\":1616165523000,\"updateBy\":\"tony\",\"isFrame\":\"1\",\"menuId\":2002,\"menuType\":\"C\",\"perms\":\"system:question:list\",\"status\":\"0\"}', '{\"msg\":\"操作成功\",\"code\":200}', 0, NULL, '2021-03-19 23:07:11');
INSERT INTO `sys_oper_log` VALUES (146, '菜单管理', 2, 'com.ucd.web.controller.system.SysMenuController.edit()', 'PUT', 1, 'tony', NULL, '/system/menu', '127.0.0.1', '内网IP', '{\"visible\":\"0\",\"icon\":\"dict\",\"orderNum\":\"3\",\"menuName\":\"选项管理\",\"params\":{},\"parentId\":2000,\"isCache\":\"0\",\"path\":\"options\",\"component\":\"survey/options/index\",\"children\":[],\"createTime\":1616165583000,\"updateBy\":\"tony\",\"isFrame\":\"1\",\"menuId\":2003,\"menuType\":\"C\",\"perms\":\"system:options:list\",\"status\":\"0\"}', '{\"msg\":\"操作成功\",\"code\":200}', 0, NULL, '2021-03-19 23:07:32');
INSERT INTO `sys_oper_log` VALUES (147, '菜单管理', 2, 'com.ucd.web.controller.system.SysMenuController.edit()', 'PUT', 1, 'tony', NULL, '/system/menu', '127.0.0.1', '内网IP', '{\"visible\":\"0\",\"icon\":\"list\",\"orderNum\":\"4\",\"menuName\":\"问卷列表\",\"params\":{},\"parentId\":2000,\"isCache\":\"0\",\"path\":\"answer\",\"component\":\"survey/answer/index\",\"children\":[],\"createTime\":1616165652000,\"updateBy\":\"tony\",\"isFrame\":\"1\",\"menuId\":2004,\"menuType\":\"C\",\"perms\":\"system:answer:list\",\"status\":\"0\"}', '{\"msg\":\"操作成功\",\"code\":200}', 0, NULL, '2021-03-19 23:07:49');
INSERT INTO `sys_oper_log` VALUES (148, '菜单管理', 2, 'com.ucd.web.controller.system.SysMenuController.edit()', 'PUT', 1, 'tony', NULL, '/system/menu', '127.0.0.1', '内网IP', '{\"visible\":\"0\",\"icon\":\"edit\",\"orderNum\":\"1\",\"menuName\":\"问卷管理\",\"params\":{},\"parentId\":2000,\"isCache\":\"0\",\"path\":\"paper\",\"component\":\"survey/paper/index\",\"children\":[],\"createTime\":1616165402000,\"updateBy\":\"tony\",\"isFrame\":\"1\",\"menuId\":2001,\"menuType\":\"C\",\"perms\":\"survey:paper:list\",\"status\":\"0\"}', '{\"msg\":\"操作成功\",\"code\":200}', 0, NULL, '2021-03-19 23:08:01');
INSERT INTO `sys_oper_log` VALUES (149, '菜单管理', 2, 'com.ucd.web.controller.system.SysMenuController.edit()', 'PUT', 1, 'tony', NULL, '/system/menu', '127.0.0.1', '内网IP', '{\"visible\":\"0\",\"icon\":\"date\",\"orderNum\":\"2\",\"menuName\":\"问题管理\",\"params\":{},\"parentId\":2000,\"isCache\":\"0\",\"path\":\"question\",\"component\":\"survey/question/index\",\"children\":[],\"createTime\":1616165523000,\"updateBy\":\"tony\",\"isFrame\":\"1\",\"menuId\":2002,\"menuType\":\"C\",\"perms\":\"survey:question:list\",\"status\":\"0\"}', '{\"msg\":\"操作成功\",\"code\":200}', 0, NULL, '2021-03-19 23:09:10');
INSERT INTO `sys_oper_log` VALUES (150, '菜单管理', 2, 'com.ucd.web.controller.system.SysMenuController.edit()', 'PUT', 1, 'tony', NULL, '/system/menu', '127.0.0.1', '内网IP', '{\"visible\":\"0\",\"icon\":\"dict\",\"orderNum\":\"3\",\"menuName\":\"选项管理\",\"params\":{},\"parentId\":2000,\"isCache\":\"0\",\"path\":\"options\",\"component\":\"survey/options/index\",\"children\":[],\"createTime\":1616165583000,\"updateBy\":\"tony\",\"isFrame\":\"1\",\"menuId\":2003,\"menuType\":\"C\",\"perms\":\"survey:options:list\",\"status\":\"0\"}', '{\"msg\":\"操作成功\",\"code\":200}', 0, NULL, '2021-03-19 23:09:17');
INSERT INTO `sys_oper_log` VALUES (151, '菜单管理', 2, 'com.ucd.web.controller.system.SysMenuController.edit()', 'PUT', 1, 'tony', NULL, '/system/menu', '127.0.0.1', '内网IP', '{\"visible\":\"0\",\"icon\":\"list\",\"orderNum\":\"4\",\"menuName\":\"问卷列表\",\"params\":{},\"parentId\":2000,\"isCache\":\"0\",\"path\":\"answer\",\"component\":\"survey/answer/index\",\"children\":[],\"createTime\":1616165652000,\"updateBy\":\"tony\",\"isFrame\":\"1\",\"menuId\":2004,\"menuType\":\"C\",\"perms\":\"survey:answer:list\",\"status\":\"0\"}', '{\"msg\":\"操作成功\",\"code\":200}', 0, NULL, '2021-03-19 23:09:23');
INSERT INTO `sys_oper_log` VALUES (152, '菜单管理', 1, 'com.ucd.web.controller.system.SysMenuController.add()', 'POST', 1, 'tony', NULL, '/system/menu', '127.0.0.1', '内网IP', '{\"visible\":\"0\",\"orderNum\":\"1\",\"menuName\":\"新增问卷\",\"params\":{},\"parentId\":2001,\"isCache\":\"0\",\"createBy\":\"tony\",\"children\":[],\"isFrame\":\"1\",\"menuType\":\"F\",\"perms\":\"survey:paper:add\",\"status\":\"0\"}', '{\"msg\":\"操作成功\",\"code\":200}', 0, NULL, '2021-03-19 23:09:52');
INSERT INTO `sys_oper_log` VALUES (153, '菜单管理', 1, 'com.ucd.web.controller.system.SysMenuController.add()', 'POST', 1, 'tony', NULL, '/system/menu', '127.0.0.1', '内网IP', '{\"visible\":\"0\",\"orderNum\":\"1\",\"menuName\":\"新增\",\"params\":{},\"parentId\":2002,\"isCache\":\"0\",\"createBy\":\"tony\",\"children\":[],\"isFrame\":\"1\",\"menuType\":\"F\",\"perms\":\"survey:question:add\",\"status\":\"0\"}', '{\"msg\":\"操作成功\",\"code\":200}', 0, NULL, '2021-03-19 23:11:01');
INSERT INTO `sys_oper_log` VALUES (154, '角色管理', 2, 'com.ucd.web.controller.system.SysRoleController.edit()', 'PUT', 1, 'tony', NULL, '/system/role', '127.0.0.1', '内网IP', '{\"flag\":false,\"roleId\":100,\"admin\":false,\"dataScope\":\"1\",\"delFlag\":\"0\",\"params\":{},\"roleSort\":\"3\",\"deptCheckStrictly\":true,\"createTime\":1616165833000,\"updateBy\":\"tony\",\"menuCheckStrictly\":true,\"roleKey\":\"user_admin\",\"roleName\":\"管理员\",\"menuIds\":[1,100,1001,1002,1003,1004,1005,1006,1007,101,1008,1009,1010,1011,1012,102,1013,1014,1015,1016,103,1017,1018,1019,1020,104,1021,1022,1023,1024,1025,105,1026,1027,1028,1029,1030,106,1031,1032,1033,1034,1035,107,1036,1037,1038,1039,108,500,1040,1041,1042,501,1043,1044,1045,2,109,1046,1047,1048,110,1049,1050,1051,1052,1053,1054,111,112,113,3,114,115,1055,1058,1056,1057,1059,1060,116,4,2000,2001,2002,2003,2004],\"status\":\"0\"}', '{\"msg\":\"操作成功\",\"code\":200}', 0, NULL, '2021-03-19 23:14:36');
INSERT INTO `sys_oper_log` VALUES (155, '菜单管理', 2, 'com.ucd.web.controller.system.SysMenuController.edit()', 'PUT', 1, 'tony', NULL, '/system/menu', '127.0.0.1', '内网IP', '{\"visible\":\"0\",\"icon\":\"list\",\"orderNum\":\"4\",\"menuName\":\"回答列表\",\"params\":{},\"parentId\":2000,\"isCache\":\"0\",\"path\":\"answer\",\"component\":\"survey/answer/index\",\"children\":[],\"createTime\":1616165652000,\"updateBy\":\"tony\",\"isFrame\":\"1\",\"menuId\":2004,\"menuType\":\"C\",\"perms\":\"survey:answer:list\",\"status\":\"0\"}', '{\"msg\":\"操作成功\",\"code\":200}', 0, NULL, '2021-03-19 23:15:39');
INSERT INTO `sys_oper_log` VALUES (156, '菜单管理', 2, 'com.ucd.web.controller.system.SysMenuController.edit()', 'PUT', 1, 'tony', NULL, '/system/menu', '127.0.0.1', '内网IP', '{\"visible\":\"0\",\"icon\":\"edit\",\"orderNum\":\"1\",\"menuName\":\"问卷管理\",\"params\":{},\"parentId\":2000,\"isCache\":\"0\",\"path\":\"paper\",\"component\":\"survey/paper/index\",\"children\":[],\"createTime\":1616165402000,\"updateBy\":\"tony\",\"isFrame\":\"1\",\"menuId\":2001,\"menuType\":\"C\",\"perms\":\"survey:paper:list\",\"status\":\"0\"}', '{\"msg\":\"操作成功\",\"code\":200}', 0, NULL, '2021-03-19 23:21:50');
INSERT INTO `sys_oper_log` VALUES (157, '菜单管理', 1, 'com.ucd.web.controller.system.SysMenuController.add()', 'POST', 1, 'admin', NULL, '/system/menu', '127.0.0.1', '内网IP', '{\"visible\":\"0\",\"orderNum\":\"2\",\"menuName\":\"问卷修改\",\"params\":{},\"parentId\":2001,\"isCache\":\"0\",\"createBy\":\"admin\",\"children\":[],\"isFrame\":\"1\",\"menuType\":\"F\",\"perms\":\"survey:paper:edit\",\"status\":\"0\"}', '{\"msg\":\"操作成功\",\"code\":200}', 0, NULL, '2021-03-19 23:26:14');
INSERT INTO `sys_oper_log` VALUES (158, '菜单管理', 1, 'com.ucd.web.controller.system.SysMenuController.add()', 'POST', 1, 'admin', NULL, '/system/menu', '127.0.0.1', '内网IP', '{\"visible\":\"0\",\"orderNum\":\"3\",\"menuName\":\"问卷删除\",\"params\":{},\"parentId\":2001,\"isCache\":\"0\",\"createBy\":\"admin\",\"children\":[],\"isFrame\":\"1\",\"menuType\":\"F\",\"perms\":\"survey:paper:remove\",\"status\":\"0\"}', '{\"msg\":\"操作成功\",\"code\":200}', 0, NULL, '2021-03-19 23:26:33');
INSERT INTO `sys_oper_log` VALUES (159, '菜单管理', 1, 'com.ucd.web.controller.system.SysMenuController.add()', 'POST', 1, 'admin', NULL, '/system/menu', '127.0.0.1', '内网IP', '{\"visible\":\"0\",\"orderNum\":\"4\",\"menuName\":\"问卷详情\",\"params\":{},\"parentId\":2001,\"isCache\":\"0\",\"createBy\":\"admin\",\"children\":[],\"isFrame\":\"1\",\"menuType\":\"F\",\"perms\":\"survey:paper:query\",\"status\":\"0\"}', '{\"msg\":\"操作成功\",\"code\":200}', 0, NULL, '2021-03-19 23:27:01');
INSERT INTO `sys_oper_log` VALUES (160, '菜单管理', 1, 'com.ucd.web.controller.system.SysMenuController.add()', 'POST', 1, 'admin', NULL, '/system/menu', '127.0.0.1', '内网IP', '{\"visible\":\"0\",\"orderNum\":\"5\",\"menuName\":\"问卷导出\",\"params\":{},\"parentId\":2001,\"isCache\":\"0\",\"createBy\":\"admin\",\"children\":[],\"isFrame\":\"1\",\"menuType\":\"F\",\"perms\":\"survey:paper:export\",\"status\":\"0\"}', '{\"msg\":\"操作成功\",\"code\":200}', 0, NULL, '2021-03-19 23:27:20');
INSERT INTO `sys_oper_log` VALUES (161, '菜单管理', 1, 'com.ucd.web.controller.system.SysMenuController.add()', 'POST', 1, 'admin', NULL, '/system/menu', '127.0.0.1', '内网IP', '{\"visible\":\"0\",\"orderNum\":\"2\",\"menuName\":\"问题修改\",\"params\":{},\"parentId\":2002,\"isCache\":\"0\",\"createBy\":\"admin\",\"children\":[],\"isFrame\":\"1\",\"menuType\":\"F\",\"perms\":\"survey:question:edit\",\"status\":\"0\"}', '{\"msg\":\"操作成功\",\"code\":200}', 0, NULL, '2021-03-19 23:27:48');
INSERT INTO `sys_oper_log` VALUES (162, '菜单管理', 1, 'com.ucd.web.controller.system.SysMenuController.add()', 'POST', 1, 'admin', NULL, '/system/menu', '127.0.0.1', '内网IP', '{\"visible\":\"0\",\"orderNum\":\"3\",\"menuName\":\"问题删除\",\"params\":{},\"parentId\":2002,\"isCache\":\"0\",\"createBy\":\"admin\",\"children\":[],\"isFrame\":\"1\",\"menuType\":\"F\",\"perms\":\"survey:question:remove\",\"status\":\"0\"}', '{\"msg\":\"操作成功\",\"code\":200}', 0, NULL, '2021-03-19 23:28:07');
INSERT INTO `sys_oper_log` VALUES (163, '菜单管理', 1, 'com.ucd.web.controller.system.SysMenuController.add()', 'POST', 1, 'admin', NULL, '/system/menu', '127.0.0.1', '内网IP', '{\"visible\":\"0\",\"orderNum\":\"4\",\"menuName\":\"问题详情\",\"params\":{},\"parentId\":2002,\"isCache\":\"0\",\"createBy\":\"admin\",\"children\":[],\"isFrame\":\"1\",\"menuType\":\"F\",\"perms\":\"survey:question:query\",\"status\":\"0\"}', '{\"msg\":\"操作成功\",\"code\":200}', 0, NULL, '2021-03-19 23:28:28');
INSERT INTO `sys_oper_log` VALUES (164, '菜单管理', 1, 'com.ucd.web.controller.system.SysMenuController.add()', 'POST', 1, 'admin', NULL, '/system/menu', '127.0.0.1', '内网IP', '{\"visible\":\"0\",\"orderNum\":\"5\",\"menuName\":\"问卷导出\",\"params\":{},\"parentId\":2002,\"isCache\":\"0\",\"createBy\":\"admin\",\"children\":[],\"isFrame\":\"1\",\"menuType\":\"F\",\"perms\":\"survey:question:export\",\"status\":\"0\"}', '{\"msg\":\"操作成功\",\"code\":200}', 0, NULL, '2021-03-19 23:28:48');
INSERT INTO `sys_oper_log` VALUES (165, '菜单管理', 1, 'com.ucd.web.controller.system.SysMenuController.add()', 'POST', 1, 'admin', NULL, '/system/menu', '127.0.0.1', '内网IP', '{\"visible\":\"0\",\"orderNum\":\"1\",\"menuName\":\"选项新增\",\"params\":{},\"parentId\":2003,\"isCache\":\"0\",\"createBy\":\"admin\",\"children\":[],\"isFrame\":\"1\",\"menuType\":\"F\",\"perms\":\"survey:options:add\",\"status\":\"0\"}', '{\"msg\":\"操作成功\",\"code\":200}', 0, NULL, '2021-03-19 23:29:14');
INSERT INTO `sys_oper_log` VALUES (166, '菜单管理', 1, 'com.ucd.web.controller.system.SysMenuController.add()', 'POST', 1, 'admin', NULL, '/system/menu', '127.0.0.1', '内网IP', '{\"visible\":\"0\",\"orderNum\":\"2\",\"menuName\":\"选项修改\",\"params\":{},\"parentId\":2003,\"isCache\":\"0\",\"createBy\":\"admin\",\"children\":[],\"isFrame\":\"1\",\"menuType\":\"F\",\"perms\":\"survey:options:edit\",\"status\":\"0\"}', '{\"msg\":\"操作成功\",\"code\":200}', 0, NULL, '2021-03-19 23:29:39');
INSERT INTO `sys_oper_log` VALUES (167, '菜单管理', 1, 'com.ucd.web.controller.system.SysMenuController.add()', 'POST', 1, 'admin', NULL, '/system/menu', '127.0.0.1', '内网IP', '{\"visible\":\"0\",\"orderNum\":\"3\",\"menuName\":\"选项删除\",\"params\":{},\"parentId\":2003,\"isCache\":\"0\",\"createBy\":\"admin\",\"children\":[],\"isFrame\":\"1\",\"menuType\":\"F\",\"perms\":\"survey:options:remove\",\"status\":\"0\"}', '{\"msg\":\"操作成功\",\"code\":200}', 0, NULL, '2021-03-19 23:29:57');
INSERT INTO `sys_oper_log` VALUES (168, '菜单管理', 1, 'com.ucd.web.controller.system.SysMenuController.add()', 'POST', 1, 'admin', NULL, '/system/menu', '127.0.0.1', '内网IP', '{\"visible\":\"0\",\"orderNum\":\"4\",\"menuName\":\"选项详情\",\"params\":{},\"parentId\":2003,\"isCache\":\"0\",\"createBy\":\"admin\",\"children\":[],\"isFrame\":\"1\",\"menuType\":\"F\",\"perms\":\"survey:options:query\",\"status\":\"0\"}', '{\"msg\":\"操作成功\",\"code\":200}', 0, NULL, '2021-03-19 23:30:14');
INSERT INTO `sys_oper_log` VALUES (169, '菜单管理', 1, 'com.ucd.web.controller.system.SysMenuController.add()', 'POST', 1, 'admin', NULL, '/system/menu', '127.0.0.1', '内网IP', '{\"visible\":\"0\",\"orderNum\":\"5\",\"menuName\":\"选项导出\",\"params\":{},\"parentId\":2003,\"isCache\":\"0\",\"createBy\":\"admin\",\"children\":[],\"isFrame\":\"1\",\"menuType\":\"F\",\"perms\":\"survey:options:export\",\"status\":\"0\"}', '{\"msg\":\"操作成功\",\"code\":200}', 0, NULL, '2021-03-19 23:30:30');
INSERT INTO `sys_oper_log` VALUES (170, '角色管理', 2, 'com.ucd.web.controller.system.SysRoleController.edit()', 'PUT', 1, 'admin', NULL, '/system/role', '127.0.0.1', '内网IP', '{\"flag\":false,\"roleId\":100,\"admin\":false,\"dataScope\":\"1\",\"delFlag\":\"0\",\"params\":{},\"roleSort\":\"3\",\"deptCheckStrictly\":true,\"createTime\":1616165833000,\"updateBy\":\"admin\",\"menuCheckStrictly\":true,\"roleKey\":\"user_admin\",\"roleName\":\"管理员\",\"menuIds\":[1,100,1001,1002,1003,1004,1005,1006,1007,101,1008,1009,1010,1011,1012,102,1013,1014,1015,1016,103,1017,1018,1019,1020,104,1021,1022,1023,1024,1025,105,1026,1027,1028,1029,1030,106,1031,1032,1033,1034,1035,107,1036,1037,1038,1039,108,500,1040,1041,1042,501,1043,1044,1045,2,109,1046,1047,1048,110,1049,1050,1051,1052,1053,1054,111,112,113,3,114,115,1055,1056,1058,1057,1059,1060,116,4,2000,2001,2005,2007,2008,2009,2010,2002,2006,2011,2012,2013,2014,2003,2015,2016,2017,2018,2019,2004],\"status\":\"0\"}', '{\"msg\":\"操作成功\",\"code\":200}', 0, NULL, '2021-03-19 23:30:39');
INSERT INTO `sys_oper_log` VALUES (171, '调查问卷模板', 1, 'com.ucd.web.controller.survey.SurveyPaperController.add()', 'POST', 1, 'tony', NULL, '/survey/paper', '127.0.0.1', '内网IP', '{\"createTime\":1616167993987,\"paperPreface\":\"欢迎参加本次课程设计答题，感谢您的参与。\",\"remark\":\"欢迎参加本次课程设计答题，感谢您的参与。\",\"startTime\":1616083200000,\"endTime\":1616342400000,\"params\":{},\"paperTitle\":\"数据库课程设计 问卷调查\"}', 'null', 1, '\r\n### Error updating database.  Cause: java.sql.SQLException: Field \'id\' doesn\'t have a default value\r\n### The error may exist in file [E:\\model\\RuoYi-Vue\\ucd-system\\target\\classes\\mapper\\survey\\SurveyPaperMapper.xml]\r\n### The error may involve com.ucd.system.mapper.survey.SurveyPaperMapper.insertSurveyPaper-Inline\r\n### The error occurred while setting parameters\r\n### SQL: insert into t_survey_paper          ( paper_title,             paper_preface,             start_time,             end_time,                          create_time,                                       remark )           values ( ?,             ?,             ?,             ?,                          ?,                                       ? )\r\n### Cause: java.sql.SQLException: Field \'id\' doesn\'t have a default value\n; Field \'id\' doesn\'t have a default value; nested exception is java.sql.SQLException: Field \'id\' doesn\'t have a default value', '2021-03-19 23:33:14');
INSERT INTO `sys_oper_log` VALUES (172, '调查问卷模板', 1, 'com.ucd.web.controller.survey.SurveyPaperController.add()', 'POST', 1, 'tony', NULL, '/survey/paper', '127.0.0.1', '内网IP', '{\"createTime\":1616168116849,\"paperPreface\":\"欢迎参加本次课程设计答题，感谢您的参与。\",\"remark\":\"欢迎参加本次课程设计答题，感谢您的参与。\",\"startTime\":1616083200000,\"endTime\":1616342400000,\"params\":{},\"paperTitle\":\"数据库课程设计 问卷调查\"}', '{\"msg\":\"操作成功\",\"code\":200}', 0, NULL, '2021-03-19 23:35:16');
INSERT INTO `sys_oper_log` VALUES (173, '字典类型', 1, 'com.ucd.web.controller.system.SysDictTypeController.add()', 'POST', 1, 'tony', NULL, '/system/dict/type', '127.0.0.1', '内网IP', '{\"createBy\":\"tony\",\"dictName\":\"问题选项\",\"params\":{},\"dictType\":\"question_type\",\"status\":\"0\"}', '{\"msg\":\"操作成功\",\"code\":200}', 0, NULL, '2021-03-19 23:44:16');
INSERT INTO `sys_oper_log` VALUES (174, '字典数据', 1, 'com.ucd.web.controller.system.SysDictDataController.add()', 'POST', 1, 'tony', NULL, '/system/dict/data', '127.0.0.1', '内网IP', '{\"dictValue\":\"0\",\"dictSort\":0,\"params\":{},\"dictType\":\"question_type\",\"dictLabel\":\"单选\",\"createBy\":\"tony\",\"default\":false,\"status\":\"0\"}', '{\"msg\":\"操作成功\",\"code\":200}', 0, NULL, '2021-03-19 23:44:51');
INSERT INTO `sys_oper_log` VALUES (175, '字典数据', 1, 'com.ucd.web.controller.system.SysDictDataController.add()', 'POST', 1, 'tony', NULL, '/system/dict/data', '127.0.0.1', '内网IP', '{\"dictValue\":\"1\",\"dictSort\":1,\"params\":{},\"dictType\":\"question_type\",\"dictLabel\":\"多选\",\"createBy\":\"tony\",\"default\":false,\"status\":\"0\"}', '{\"msg\":\"操作成功\",\"code\":200}', 0, NULL, '2021-03-19 23:45:02');
INSERT INTO `sys_oper_log` VALUES (176, '字典数据', 1, 'com.ucd.web.controller.system.SysDictDataController.add()', 'POST', 1, 'tony', NULL, '/system/dict/data', '127.0.0.1', '内网IP', '{\"dictValue\":\"2\",\"dictSort\":2,\"params\":{},\"dictType\":\"question_type\",\"dictLabel\":\"自填\",\"createBy\":\"tony\",\"default\":false,\"status\":\"0\"}', '{\"msg\":\"操作成功\",\"code\":200}', 0, NULL, '2021-03-19 23:45:17');
INSERT INTO `sys_oper_log` VALUES (177, '问卷题目', 1, 'com.ucd.web.controller.survey.SurveyQuestionController.add()', 'POST', 1, 'tony', NULL, '/survey/question', '127.0.0.1', '内网IP', '{\"answer\":0,\"questionTitle\":\"您对本次课程设计的组织工作是否满意？\",\"createTime\":1616169402044,\"remark\":\"您对本次课程设计的组织工作是否满意？\",\"params\":{},\"paperId\":1}', '{\"msg\":\"操作成功\",\"code\":200}', 0, NULL, '2021-03-19 23:56:42');
INSERT INTO `sys_oper_log` VALUES (178, '菜单管理', 2, 'com.ucd.web.controller.system.SysMenuController.edit()', 'PUT', 1, 'tony', NULL, '/system/menu', '127.0.0.1', '内网IP', '{\"visible\":\"0\",\"icon\":\"edit\",\"orderNum\":\"1\",\"menuName\":\"问卷管理\",\"params\":{},\"parentId\":2000,\"isCache\":\"1\",\"path\":\"paper\",\"component\":\"survey/paper/index\",\"children\":[],\"createTime\":1616165402000,\"updateBy\":\"tony\",\"isFrame\":\"1\",\"menuId\":2001,\"menuType\":\"C\",\"perms\":\"survey:paper:list\",\"status\":\"0\"}', '{\"msg\":\"操作成功\",\"code\":200}', 0, NULL, '2021-03-20 09:26:55');
INSERT INTO `sys_oper_log` VALUES (179, '菜单管理', 2, 'com.ucd.web.controller.system.SysMenuController.edit()', 'PUT', 1, 'tony', NULL, '/system/menu', '127.0.0.1', '内网IP', '{\"visible\":\"0\",\"icon\":\"date\",\"orderNum\":\"2\",\"menuName\":\"问题管理\",\"params\":{},\"parentId\":2000,\"isCache\":\"1\",\"path\":\"question\",\"component\":\"survey/question/index\",\"children\":[],\"createTime\":1616165523000,\"updateBy\":\"tony\",\"isFrame\":\"1\",\"menuId\":2002,\"menuType\":\"C\",\"perms\":\"survey:question:list\",\"status\":\"0\"}', '{\"msg\":\"操作成功\",\"code\":200}', 0, NULL, '2021-03-20 09:27:00');
INSERT INTO `sys_oper_log` VALUES (180, '菜单管理', 2, 'com.ucd.web.controller.system.SysMenuController.edit()', 'PUT', 1, 'tony', NULL, '/system/menu', '127.0.0.1', '内网IP', '{\"visible\":\"0\",\"icon\":\"dict\",\"orderNum\":\"3\",\"menuName\":\"选项管理\",\"params\":{},\"parentId\":2000,\"isCache\":\"1\",\"path\":\"options\",\"component\":\"survey/options/index\",\"children\":[],\"createTime\":1616165583000,\"updateBy\":\"tony\",\"isFrame\":\"1\",\"menuId\":2003,\"menuType\":\"C\",\"perms\":\"survey:options:list\",\"status\":\"0\"}', '{\"msg\":\"操作成功\",\"code\":200}', 0, NULL, '2021-03-20 09:27:05');
INSERT INTO `sys_oper_log` VALUES (181, '问卷题目', 2, 'com.ucd.web.controller.survey.SurveyQuestionController.edit()', 'PUT', 1, 'tony', NULL, '/survey/question', '127.0.0.1', '内网IP', '{\"createBy\":\"\",\"questionId\":1,\"answer\":0,\"questionTitle\":\"您对本次课程设计的组织工作是否满意？\",\"createTime\":1616169402000,\"updateBy\":\"\",\"remark\":\"您对本次课程设计的组织工作是否满意？\",\"updateTime\":1616206865933,\"params\":{},\"paperId\":1}', '{\"msg\":\"操作成功\",\"code\":200}', 0, NULL, '2021-03-20 10:21:06');
INSERT INTO `sys_oper_log` VALUES (182, '问卷题目', 2, 'com.ucd.web.controller.survey.SurveyQuestionController.edit()', 'PUT', 1, 'tony', NULL, '/survey/question', '127.0.0.1', '内网IP', '{\"createBy\":\"\",\"questionId\":1,\"answer\":1,\"questionTitle\":\"您对本次课程设计的组织工作是否满意？\",\"createTime\":1616169402000,\"updateBy\":\"\",\"remark\":\"您对本次课程设计的组织工作是否满意？\",\"updateTime\":1616206873559,\"params\":{},\"paperId\":1}', '{\"msg\":\"操作成功\",\"code\":200}', 0, NULL, '2021-03-20 10:21:13');
INSERT INTO `sys_oper_log` VALUES (183, '问卷题目', 2, 'com.ucd.web.controller.survey.SurveyQuestionController.edit()', 'PUT', 1, 'tony', NULL, '/survey/question', '127.0.0.1', '内网IP', '{\"createBy\":\"\",\"questionId\":1,\"answer\":0,\"questionTitle\":\"您对本次课程设计的组织工作是否满意？\",\"createTime\":1616169402000,\"updateBy\":\"\",\"remark\":\"您对本次课程设计的组织工作是否满意？\",\"updateTime\":1616206880846,\"params\":{},\"paperId\":1}', '{\"msg\":\"操作成功\",\"code\":200}', 0, NULL, '2021-03-20 10:21:20');
INSERT INTO `sys_oper_log` VALUES (184, '问卷题目', 1, 'com.ucd.web.controller.survey.SurveyQuestionController.add()', 'POST', 1, 'tony', NULL, '/survey/question', '127.0.0.1', '内网IP', '{\"createTime\":1616209581721,\"params\":{}}', '{\"msg\":\"操作成功\",\"code\":200}', 0, NULL, '2021-03-20 11:06:21');
INSERT INTO `sys_oper_log` VALUES (185, '问卷题目', 3, 'com.ucd.web.controller.survey.SurveyQuestionController.remove()', 'DELETE', 1, 'tony', NULL, '/survey/question/2', '127.0.0.1', '内网IP', '{questionIds=2}', '{\"msg\":\"操作成功\",\"code\":200}', 0, NULL, '2021-03-20 11:06:25');
INSERT INTO `sys_oper_log` VALUES (186, '问卷题目', 1, 'com.ucd.web.controller.survey.SurveyQuestionController.add()', 'POST', 1, 'tony', NULL, '/survey/question', '127.0.0.1', '内网IP', '{\"answer\":0,\"questionTitle\":\"测试1\",\"createTime\":1616212802704,\"options\":[{\"optionContent\":\"aaa\",\"createTime\":1616212802725,\"remark\":\"aaaa\",\"params\":{},\"order\":0},{\"optionContent\":\"bbbb\",\"createTime\":1616212802725,\"remark\":\"bbb\",\"params\":{},\"order\":1}],\"remark\":\"三生三世\",\"params\":{},\"paperId\":1}', 'null', 1, 'nested exception is org.apache.ibatis.binding.BindingException: Parameter \'optionContent\' not found. Available parameters are [arg0, collection, list]', '2021-03-20 12:00:02');
INSERT INTO `sys_oper_log` VALUES (187, '问卷题目', 1, 'com.ucd.web.controller.survey.SurveyQuestionController.add()', 'POST', 1, 'tony', NULL, '/survey/question', '127.0.0.1', '内网IP', '{\"answer\":0,\"questionTitle\":\"测试1\",\"createTime\":1616212835701,\"options\":[{\"optionContent\":\"aaa\",\"createTime\":1616212835710,\"remark\":\"aaaa\",\"params\":{},\"order\":0},{\"optionContent\":\"bbbb\",\"createTime\":1616212835710,\"remark\":\"bbb\",\"params\":{},\"order\":1}],\"remark\":\"三生三世\",\"params\":{},\"paperId\":1}', 'null', 1, 'nested exception is org.apache.ibatis.binding.BindingException: Parameter \'optionContent\' not found. Available parameters are [arg0, collection, list]', '2021-03-20 12:00:35');
INSERT INTO `sys_oper_log` VALUES (188, '问卷题目', 1, 'com.ucd.web.controller.survey.SurveyQuestionController.add()', 'POST', 1, 'tony', NULL, '/survey/question', '127.0.0.1', '内网IP', '{\"answer\":0,\"questionTitle\":\"测试1\",\"createTime\":1616212859563,\"options\":[{\"optionContent\":\"aaa\",\"createTime\":1616212859570,\"remark\":\"aaaa\",\"params\":{},\"order\":0},{\"optionContent\":\"bbbb\",\"createTime\":1616212859570,\"remark\":\"bbb\",\"params\":{},\"order\":1}],\"remark\":\"三生三世\",\"params\":{},\"paperId\":1}', 'null', 1, 'nested exception is org.apache.ibatis.binding.BindingException: Parameter \'optionContent\' not found. Available parameters are [arg0, collection, list]', '2021-03-20 12:02:01');
INSERT INTO `sys_oper_log` VALUES (189, '问卷题目', 1, 'com.ucd.web.controller.survey.SurveyQuestionController.add()', 'POST', 1, 'tony', NULL, '/survey/question', '127.0.0.1', '内网IP', '{\"answer\":0,\"questionTitle\":\"222\",\"createTime\":1616213126431,\"options\":[{\"optionContent\":\"222\",\"createTime\":1616213126471,\"remark\":\"22\",\"params\":{},\"order\":0}],\"remark\":\"222\",\"params\":{},\"paperId\":1}', 'null', 1, 'nested exception is org.apache.ibatis.binding.BindingException: Parameter \'optionContent\' not found. Available parameters are [arg0, collection, list]', '2021-03-20 12:05:28');
INSERT INTO `sys_oper_log` VALUES (190, '问卷题目', 1, 'com.ucd.web.controller.survey.SurveyQuestionController.add()', 'POST', 1, 'tony', NULL, '/survey/question', '127.0.0.1', '内网IP', '{\"answer\":0,\"questionTitle\":\"222\",\"createTime\":1616213431204,\"options\":[{\"optionContent\":\"222\",\"createTime\":1616213431267,\"remark\":\"22\",\"params\":{},\"order\":0}],\"remark\":\"222\",\"params\":{},\"paperId\":1}', 'null', 1, 'nested exception is org.apache.ibatis.binding.BindingException: Parameter \'optionContent\' not found. Available parameters are [options, param1]', '2021-03-20 12:10:36');
INSERT INTO `sys_oper_log` VALUES (191, '问卷题目', 1, 'com.ucd.web.controller.survey.SurveyQuestionController.add()', 'POST', 1, 'tony', NULL, '/survey/question', '127.0.0.1', '内网IP', '{\"answer\":0,\"questionTitle\":\"222\",\"createTime\":1616213534928,\"options\":[{\"optionContent\":\"222\",\"createTime\":1616213534949,\"remark\":\"22\",\"params\":{},\"order\":0}],\"remark\":\"222\",\"params\":{},\"paperId\":1}', 'null', 1, 'nested exception is org.apache.ibatis.binding.BindingException: Parameter \'optionContent\' not found. Available parameters are [options, param1]', '2021-03-20 12:12:17');
INSERT INTO `sys_oper_log` VALUES (192, '问卷题目', 1, 'com.ucd.web.controller.survey.SurveyQuestionController.add()', 'POST', 1, 'tony', NULL, '/survey/question', '127.0.0.1', '内网IP', '{\"answer\":0,\"questionTitle\":\"222\",\"createTime\":1616213703360,\"options\":[{\"optionContent\":\"222\",\"createTime\":1616213703384,\"remark\":\"22\",\"params\":{},\"order\":0}],\"remark\":\"222\",\"params\":{},\"paperId\":1}', 'null', 1, 'nested exception is org.apache.ibatis.binding.BindingException: Parameter \'optionContent\' not found. Available parameters are [arg0, collection, list]', '2021-03-20 12:15:04');
INSERT INTO `sys_oper_log` VALUES (193, '问卷题目', 1, 'com.ucd.web.controller.survey.SurveyQuestionController.add()', 'POST', 1, 'tony', NULL, '/survey/question', '127.0.0.1', '内网IP', '{\"answer\":0,\"questionTitle\":\"222\",\"createTime\":1616213760223,\"options\":[{\"optionContent\":\"222\",\"createTime\":1616213760248,\"remark\":\"22\",\"params\":{},\"order\":0}],\"remark\":\"222\",\"params\":{},\"paperId\":1}', 'null', 1, 'nested exception is org.apache.ibatis.binding.BindingException: Parameter \'optionContent\' not found. Available parameters are [options, param1]', '2021-03-20 12:16:02');
INSERT INTO `sys_oper_log` VALUES (194, '问卷题目', 1, 'com.ucd.web.controller.survey.SurveyQuestionController.add()', 'POST', 1, 'tony', NULL, '/survey/question', '127.0.0.1', '内网IP', '{\"answer\":0,\"questionTitle\":\"222\",\"createTime\":1616213837369,\"options\":[{\"optionContent\":\"222\",\"createTime\":1616213837384,\"remark\":\"22\",\"params\":{},\"order\":0}],\"remark\":\"222\",\"params\":{},\"paperId\":1}', 'null', 1, 'nested exception is org.apache.ibatis.binding.BindingException: Parameter \'optionContent\' not found. Available parameters are [list, param1]', '2021-03-20 12:17:17');
INSERT INTO `sys_oper_log` VALUES (195, '问卷题目', 1, 'com.ucd.web.controller.survey.SurveyQuestionController.add()', 'POST', 1, 'tony', NULL, '/survey/question', '127.0.0.1', '内网IP', '{\"answer\":0,\"questionTitle\":\"222\",\"createTime\":1616213966711,\"options\":[{\"optionContent\":\"222\",\"createTime\":1616213966737,\"remark\":\"22\",\"params\":{},\"order\":0}],\"remark\":\"222\",\"params\":{},\"paperId\":1}', 'null', 1, 'nested exception is org.apache.ibatis.binding.BindingException: Parameter \'optionContent\' not found. Available parameters are [list, param1]', '2021-03-20 12:19:26');
INSERT INTO `sys_oper_log` VALUES (196, '问卷题目', 1, 'com.ucd.web.controller.survey.SurveyQuestionController.add()', 'POST', 1, 'tony', NULL, '/survey/question', '127.0.0.1', '内网IP', '{\"answer\":0,\"questionTitle\":\"222\",\"createTime\":1616213997552,\"options\":[{\"optionContent\":\"222\",\"createTime\":1616213997560,\"remark\":\"22\",\"params\":{},\"order\":0}],\"remark\":\"222\",\"params\":{},\"paperId\":1}', 'null', 1, 'nested exception is org.apache.ibatis.binding.BindingException: Parameter \'optionContent\' not found. Available parameters are [list, param1]', '2021-03-20 12:20:08');
INSERT INTO `sys_oper_log` VALUES (197, '问卷题目', 1, 'com.ucd.web.controller.survey.SurveyQuestionController.add()', 'POST', 1, 'tony', NULL, '/survey/question', '127.0.0.1', '内网IP', '{\"answer\":0,\"questionTitle\":\"222\",\"createTime\":1616214208851,\"options\":[{\"optionContent\":\"222\",\"createTime\":1616214208867,\"remark\":\"22\",\"params\":{},\"order\":0}],\"remark\":\"222\",\"params\":{},\"paperId\":1}', 'null', 1, 'nested exception is org.apache.ibatis.binding.BindingException: Parameter \'optionContent\' not found. Available parameters are [list, param1]', '2021-03-20 12:23:31');
INSERT INTO `sys_oper_log` VALUES (198, '问卷题目', 1, 'com.ucd.web.controller.survey.SurveyQuestionController.add()', 'POST', 1, 'tony', NULL, '/survey/question', '127.0.0.1', '内网IP', '{\"answer\":0,\"questionTitle\":\"222\",\"createTime\":1616214328166,\"options\":[{\"optionContent\":\"222\",\"createTime\":1616214328208,\"remark\":\"22\",\"params\":{},\"order\":0}],\"remark\":\"222\",\"params\":{},\"paperId\":1}', 'null', 1, 'nested exception is org.apache.ibatis.binding.BindingException: Parameter \'optionContent\' not found. Available parameters are [list, param1]', '2021-03-20 12:25:29');
INSERT INTO `sys_oper_log` VALUES (199, '问卷题目', 1, 'com.ucd.web.controller.survey.SurveyQuestionController.add()', 'POST', 1, 'tony', NULL, '/survey/question', '127.0.0.1', '内网IP', '{\"answer\":0,\"questionTitle\":\"222\",\"createTime\":1616214422299,\"options\":[{\"optionContent\":\"222\",\"createTime\":1616214422318,\"remark\":\"22\",\"params\":{},\"order\":0}],\"remark\":\"222\",\"params\":{},\"paperId\":1}', 'null', 1, 'nested exception is org.apache.ibatis.binding.BindingException: Parameter \'optionContent\' not found. Available parameters are [list, param1]', '2021-03-20 12:27:05');
INSERT INTO `sys_oper_log` VALUES (200, '问卷题目', 1, 'com.ucd.web.controller.survey.SurveyQuestionController.add()', 'POST', 1, 'tony', NULL, '/survey/question', '127.0.0.1', '内网IP', '{\"answer\":0,\"questionTitle\":\"222\",\"createTime\":1616214521245,\"options\":[{\"optionContent\":\"222\",\"createTime\":1616214521268,\"remark\":\"22\",\"params\":{},\"order\":0}],\"remark\":\"222\",\"params\":{},\"paperId\":1}', 'null', 1, 'nested exception is org.apache.ibatis.binding.BindingException: Parameter \'optionContent\' not found. Available parameters are [list, param1]', '2021-03-20 12:28:43');
INSERT INTO `sys_oper_log` VALUES (201, '问卷题目', 1, 'com.ucd.web.controller.survey.SurveyQuestionController.add()', 'POST', 1, 'tony', NULL, '/survey/question', '127.0.0.1', '内网IP', '{\"answer\":0,\"questionTitle\":\"222\",\"createTime\":1616214637778,\"options\":[{\"optionContent\":\"222\",\"createTime\":1616214637797,\"remark\":\"22\",\"params\":{},\"order\":0}],\"remark\":\"222\",\"params\":{},\"paperId\":1}', 'null', 1, '\r\n### Error updating database.  Cause: java.sql.SQLSyntaxErrorException: You have an error in your SQL syntax; check the manual that corresponds to your MySQL server version for the right syntax to use near \'order,\n            create_time,\n            remark\n        )\n        values\n    \' at line 5\r\n### The error may exist in file [E:\\model\\RuoYi-Vue\\ucd-system\\target\\classes\\mapper\\survey\\SurveyOptionsMapper.xml]\r\n### The error may involve defaultParameterMap\r\n### The error occurred while setting parameters\r\n### SQL: insert into t_survey_options         (             option_content,             question_id,             order,             create_time,             remark         )         values          (                    ?,                                     ?,                   ?,                   ?               )\r\n### Cause: java.sql.SQLSyntaxErrorException: You have an error in your SQL syntax; check the manual that corresponds to your MySQL server version for the right syntax to use near \'order,\n            create_time,\n            remark\n        )\n        values\n    \' at line 5\n; bad SQL grammar []; nested exception is java.sql.SQLSyntaxErrorException: You have an error in your SQL syntax; check the manual that corresponds to your MySQL server version for the right syntax to use near \'order,\n            create_time,\n            remark\n        )\n        values\n    \' at line 5', '2021-03-20 12:30:38');
INSERT INTO `sys_oper_log` VALUES (202, '问卷题目', 3, 'com.ucd.web.controller.survey.SurveyQuestionController.remove()', 'DELETE', 1, 'tony', NULL, '/survey/question/6', '127.0.0.1', '内网IP', '{questionIds=6}', '{\"msg\":\"操作成功\",\"code\":200}', 0, NULL, '2021-03-20 12:35:56');
INSERT INTO `sys_oper_log` VALUES (203, '问卷题目', 3, 'com.ucd.web.controller.survey.SurveyQuestionController.remove()', 'DELETE', 1, 'tony', NULL, '/survey/question/5', '127.0.0.1', '内网IP', '{questionIds=5}', '{\"msg\":\"操作成功\",\"code\":200}', 0, NULL, '2021-03-20 12:35:58');
INSERT INTO `sys_oper_log` VALUES (204, '问卷题目', 3, 'com.ucd.web.controller.survey.SurveyQuestionController.remove()', 'DELETE', 1, 'tony', NULL, '/survey/question/4', '127.0.0.1', '内网IP', '{questionIds=4}', '{\"msg\":\"操作成功\",\"code\":200}', 0, NULL, '2021-03-20 12:36:01');
INSERT INTO `sys_oper_log` VALUES (205, '问卷题目', 3, 'com.ucd.web.controller.survey.SurveyQuestionController.remove()', 'DELETE', 1, 'tony', NULL, '/survey/question/3', '127.0.0.1', '内网IP', '{questionIds=3}', '{\"msg\":\"操作成功\",\"code\":200}', 0, NULL, '2021-03-20 12:36:03');
INSERT INTO `sys_oper_log` VALUES (206, '问卷题目', 1, 'com.ucd.web.controller.survey.SurveyQuestionController.add()', 'POST', 1, 'tony', NULL, '/survey/question', '127.0.0.1', '内网IP', '{\"answer\":0,\"questionTitle\":\"www\",\"createTime\":1616214979423,\"options\":[{\"optionContent\":\"ss\",\"createTime\":1616214979432,\"optionOrder\":0,\"remark\":\"sss\",\"params\":{}},{\"optionContent\":\"sss222\",\"createTime\":1616214979432,\"optionOrder\":0,\"remark\":\"ssss22\",\"params\":{}}],\"remark\":\"www\",\"params\":{},\"paperId\":1}', 'null', 1, '\r\n### Error updating database.  Cause: java.sql.SQLException: Column count doesn\'t match value count at row 1\r\n### The error may exist in file [E:\\model\\RuoYi-Vue\\ucd-system\\target\\classes\\mapper\\survey\\SurveyOptionsMapper.xml]\r\n### The error may involve defaultParameterMap\r\n### The error occurred while setting parameters\r\n### SQL: insert into t_survey_options         (             option_content,             question_id,             option_order,             create_time,             remark         )         values          (                    ?,                                     ?,                   ?,                   ?                                 , ?,                                     ?,                   ?,                   ?               )\r\n### Cause: java.sql.SQLException: Column count doesn\'t match value count at row 1\n; bad SQL grammar []; nested exception is java.sql.SQLException: Column count doesn\'t match value count at row 1', '2021-03-20 12:36:19');
INSERT INTO `sys_oper_log` VALUES (207, '问卷题目', 1, 'com.ucd.web.controller.survey.SurveyQuestionController.add()', 'POST', 1, 'tony', NULL, '/survey/question', '127.0.0.1', '内网IP', '{\"answer\":0,\"questionTitle\":\"www\",\"createTime\":1616215114304,\"options\":[{\"optionContent\":\"ss\",\"createTime\":1616215114324,\"optionOrder\":0,\"remark\":\"sss\",\"params\":{}},{\"optionContent\":\"sss222\",\"createTime\":1616215114324,\"optionOrder\":0,\"remark\":\"ssss22\",\"params\":{}}],\"remark\":\"www\",\"params\":{},\"paperId\":1}', 'null', 1, '\r\n### Error updating database.  Cause: java.sql.SQLException: Column count doesn\'t match value count at row 1\r\n### The error may exist in file [E:\\model\\RuoYi-Vue\\ucd-system\\target\\classes\\mapper\\survey\\SurveyOptionsMapper.xml]\r\n### The error may involve defaultParameterMap\r\n### The error occurred while setting parameters\r\n### SQL: insert into t_survey_options         (             option_content,             question_id,             option_order,             create_time,             remark         )         values          (                    ?,                                     ?,                   ?,                   ?                                 ),( ?,                                     ?,                   ?,                   ?               )\r\n### Cause: java.sql.SQLException: Column count doesn\'t match value count at row 1\n; bad SQL grammar []; nested exception is java.sql.SQLException: Column count doesn\'t match value count at row 1', '2021-03-20 12:38:34');
INSERT INTO `sys_oper_log` VALUES (208, '问卷题目', 1, 'com.ucd.web.controller.survey.SurveyQuestionController.add()', 'POST', 1, 'tony', NULL, '/survey/question', '127.0.0.1', '内网IP', '{\"answer\":0,\"questionTitle\":\"www\",\"createTime\":1616215162658,\"options\":[{\"optionContent\":\"ss\",\"createTime\":1616215224038,\"optionOrder\":0,\"remark\":\"sss\",\"params\":{}},{\"optionContent\":\"sss222\",\"createTime\":1616215224038,\"optionOrder\":0,\"remark\":\"ssss22\",\"params\":{}}],\"remark\":\"www\",\"params\":{},\"paperId\":1}', 'null', 1, '\r\n### Error updating database.  Cause: java.sql.SQLException: Column count doesn\'t match value count at row 1\r\n### The error may exist in file [E:\\model\\RuoYi-Vue\\ucd-system\\target\\classes\\mapper\\survey\\SurveyOptionsMapper.xml]\r\n### The error may involve defaultParameterMap\r\n### The error occurred while setting parameters\r\n### SQL: insert into t_survey_options         (             option_content,             question_id,             option_order,             create_time,             remark         )         values          (                    ?,                                     ?,                   ?,                   ?                                 ),( ?,                                     ?,                   ?,                   ?               )\r\n### Cause: java.sql.SQLException: Column count doesn\'t match value count at row 1\n; bad SQL grammar []; nested exception is java.sql.SQLException: Column count doesn\'t match value count at row 1', '2021-03-20 12:40:24');
INSERT INTO `sys_oper_log` VALUES (209, '问卷题目', 1, 'com.ucd.web.controller.survey.SurveyQuestionController.add()', 'POST', 1, 'tony', NULL, '/survey/question', '127.0.0.1', '内网IP', '{\"questionId\":23,\"answer\":0,\"questionTitle\":\"www\",\"createTime\":1616215392469,\"options\":[{\"optionContent\":\"ss\",\"questionId\":23,\"createTime\":1616215408319,\"optionOrder\":0,\"remark\":\"sss\",\"params\":{}},{\"optionContent\":\"sss222\",\"questionId\":23,\"createTime\":1616215409422,\"optionOrder\":0,\"remark\":\"ssss22\",\"params\":{}}],\"remark\":\"www\",\"params\":{},\"paperId\":1}', '{\"msg\":\"操作成功\",\"code\":200}', 0, NULL, '2021-03-20 12:43:29');
INSERT INTO `sys_oper_log` VALUES (210, '问卷题目', 1, 'com.ucd.web.controller.survey.SurveyQuestionController.add()', 'POST', 1, 'tony', NULL, '/survey/question', '127.0.0.1', '内网IP', '{\"questionId\":24,\"answer\":0,\"questionTitle\":\"www\",\"createTime\":1616215463863,\"options\":[{\"optionContent\":\"ss\",\"questionId\":24,\"createTime\":1616215463912,\"optionOrder\":0,\"remark\":\"sss\",\"params\":{}},{\"optionContent\":\"sss222\",\"questionId\":24,\"createTime\":1616215463912,\"optionOrder\":0,\"remark\":\"ssss22\",\"params\":{}}],\"remark\":\"www\",\"params\":{},\"paperId\":1}', '{\"msg\":\"操作成功\",\"code\":200}', 0, NULL, '2021-03-20 12:44:24');
INSERT INTO `sys_oper_log` VALUES (211, '问卷题目', 1, 'com.ucd.web.controller.survey.SurveyQuestionController.add()', 'POST', 1, 'tony', NULL, '/survey/question', '127.0.0.1', '内网IP', '{\"questionId\":25,\"createTime\":1616215624893,\"options\":[],\"params\":{}}', '{\"msg\":\"操作成功\",\"code\":200}', 0, NULL, '2021-03-20 12:47:04');
INSERT INTO `sys_oper_log` VALUES (212, '用户管理', 1, 'com.ucd.web.controller.system.SysUserController.add()', 'POST', 1, 'tony', NULL, '/system/user', '127.0.0.1', '内网IP', '{\"admin\":false,\"password\":\"$2a$10$hHgo.Usor87QkCjFpD1l.OhAcJddh/OHQFCC4BP67nmZhWYmQdt.m\",\"postIds\":[],\"nickName\":\"ss\",\"params\":{},\"userName\":\"ss\",\"userId\":101,\"createBy\":\"tony\",\"roleIds\":[],\"status\":\"0\"}', '{\"msg\":\"操作成功\",\"code\":200}', 0, NULL, '2021-03-20 12:51:43');
INSERT INTO `sys_oper_log` VALUES (213, '用户管理', 3, 'com.ucd.web.controller.system.SysUserController.remove()', 'DELETE', 1, 'tony', NULL, '/system/user/101', '127.0.0.1', '内网IP', '{userIds=101}', '{\"msg\":\"操作成功\",\"code\":200}', 0, NULL, '2021-03-20 12:51:48');
INSERT INTO `sys_oper_log` VALUES (214, '问卷题目', 1, 'com.ucd.web.controller.survey.SurveyQuestionController.add()', 'POST', 1, 'tony', NULL, '/survey/question', '127.0.0.1', '内网IP', '{\"questionId\":26,\"questionTitle\":\"sss\",\"createTime\":1616216012430,\"options\":[],\"params\":{}}', '{\"msg\":\"操作成功\",\"code\":200}', 0, NULL, '2021-03-20 12:53:32');
INSERT INTO `sys_oper_log` VALUES (215, '问卷题目', 3, 'com.ucd.web.controller.survey.SurveyQuestionController.remove()', 'DELETE', 1, 'tony', NULL, '/survey/question/25', '127.0.0.1', '内网IP', '{questionIds=25}', '{\"msg\":\"操作成功\",\"code\":200}', 0, NULL, '2021-03-20 12:53:36');
INSERT INTO `sys_oper_log` VALUES (216, '问卷题目', 3, 'com.ucd.web.controller.survey.SurveyQuestionController.remove()', 'DELETE', 1, 'tony', NULL, '/survey/question/26', '127.0.0.1', '内网IP', '{questionIds=26}', '{\"msg\":\"操作成功\",\"code\":200}', 0, NULL, '2021-03-20 12:53:38');
INSERT INTO `sys_oper_log` VALUES (217, '问卷题目', 1, 'com.ucd.web.controller.survey.SurveyQuestionController.add()', 'POST', 1, 'tony', NULL, '/survey/question', '127.0.0.1', '内网IP', '{\"questionId\":27,\"questionTitle\":\"22\",\"createTime\":1616216204460,\"options\":[],\"params\":{}}', '{\"msg\":\"操作成功\",\"code\":200}', 0, NULL, '2021-03-20 12:56:44');
INSERT INTO `sys_oper_log` VALUES (218, '问卷题目', 3, 'com.ucd.web.controller.survey.SurveyQuestionController.remove()', 'DELETE', 1, 'tony', NULL, '/survey/question/27', '127.0.0.1', '内网IP', '{questionIds=27}', '{\"msg\":\"操作成功\",\"code\":200}', 0, NULL, '2021-03-20 12:56:47');
INSERT INTO `sys_oper_log` VALUES (219, '问卷题目', 1, 'com.ucd.web.controller.survey.SurveyQuestionController.add()', 'POST', 1, 'tony', NULL, '/survey/question', '127.0.0.1', '内网IP', '{\"questionId\":28,\"answer\":0,\"questionTitle\":\"aa\",\"createTime\":1616216913058,\"options\":[{\"optionContent\":\"\",\"questionId\":28,\"createTime\":1616216913073,\"optionOrder\":0,\"remark\":\"\",\"params\":{}}],\"params\":{},\"paperId\":1}', '{\"msg\":\"操作成功\",\"code\":200}', 0, NULL, '2021-03-20 13:08:33');
INSERT INTO `sys_oper_log` VALUES (220, '问卷题目', 3, 'com.ucd.web.controller.survey.SurveyQuestionController.remove()', 'DELETE', 1, 'tony', NULL, '/survey/question/28', '127.0.0.1', '内网IP', '{questionIds=28}', '{\"msg\":\"操作成功\",\"code\":200}', 0, NULL, '2021-03-20 13:08:36');
INSERT INTO `sys_oper_log` VALUES (221, '问卷题目', 3, 'com.ucd.web.controller.survey.SurveyQuestionController.remove()', 'DELETE', 1, 'tony', NULL, '/survey/question/24', '127.0.0.1', '内网IP', '{questionIds=24}', '{\"msg\":\"操作成功\",\"code\":200}', 0, NULL, '2021-03-20 13:31:46');
INSERT INTO `sys_oper_log` VALUES (222, '问卷题目', 3, 'com.ucd.web.controller.survey.SurveyQuestionController.remove()', 'DELETE', 1, 'tony', NULL, '/survey/question/23', '127.0.0.1', '内网IP', '{questionIds=23}', '{\"msg\":\"操作成功\",\"code\":200}', 0, NULL, '2021-03-20 13:31:48');
INSERT INTO `sys_oper_log` VALUES (223, '问卷题目', 1, 'com.ucd.web.controller.survey.SurveyQuestionController.add()', 'POST', 1, 'tony', NULL, '/survey/question', '127.0.0.1', '内网IP', '{\"questionId\":29,\"answer\":0,\"questionTitle\":\"啥啥啥\",\"createTime\":1616218345708,\"options\":[{\"optionContent\":\"啊啊啊\",\"questionId\":29,\"createTime\":1616218345719,\"optionOrder\":0,\"remark\":\"啥啥啥\",\"params\":{}},{\"optionContent\":\"对对对\",\"questionId\":29,\"createTime\":1616218345719,\"optionOrder\":0,\"remark\":\"对对对\",\"params\":{}}],\"remark\":\"所属\",\"params\":{},\"paperId\":1}', '{\"msg\":\"操作成功\",\"code\":200}', 0, NULL, '2021-03-20 13:32:25');
INSERT INTO `sys_oper_log` VALUES (224, '问卷题目', 3, 'com.ucd.web.controller.survey.SurveyQuestionController.remove()', 'DELETE', 1, 'tony', NULL, '/survey/question/29', '127.0.0.1', '内网IP', '{questionIds=29}', '{\"msg\":\"操作成功\",\"code\":200}', 0, NULL, '2021-03-20 13:59:42');
INSERT INTO `sys_oper_log` VALUES (225, '问卷题目', 3, 'com.ucd.web.controller.survey.SurveyQuestionController.remove()', 'DELETE', 1, 'tony', NULL, '/survey/question/22', '127.0.0.1', '内网IP', '{questionIds=22}', '{\"msg\":\"操作成功\",\"code\":200}', 0, NULL, '2021-03-20 13:59:44');
INSERT INTO `sys_oper_log` VALUES (226, '问卷题目', 2, 'com.ucd.web.controller.survey.SurveyQuestionController.edit()', 'PUT', 1, 'tony', NULL, '/survey/question', '127.0.0.1', '内网IP', '{\"questionId\":1,\"answer\":0,\"questionTitle\":\"您对本次课程设计的组织工作是否满意？\",\"createTime\":1616169402000,\"options\":[{\"optionContent\":\"很满意\",\"optionOrder\":0,\"remark\":\"\",\"params\":{}},{\"optionContent\":\"基本满意\",\"optionOrder\":1,\"remark\":\"\",\"params\":{}},{\"optionContent\":\"不满意\",\"optionOrder\":2,\"remark\":\"\",\"params\":{}}],\"remark\":\"您对本次课程设计的组织工作是否满意？\",\"updateTime\":1616220042012,\"params\":{},\"paperId\":1}', '{\"msg\":\"操作成功\",\"code\":200}', 0, NULL, '2021-03-20 14:00:42');
INSERT INTO `sys_oper_log` VALUES (227, '问卷题目', 2, 'com.ucd.web.controller.survey.SurveyQuestionController.edit()', 'PUT', 1, 'tony', NULL, '/survey/question', '127.0.0.1', '内网IP', '{\"questionId\":1,\"answer\":0,\"questionTitle\":\"您对本次课程设计的组织工作是否满意？\",\"createTime\":1616169402000,\"options\":[{\"optionContent\":\"很满意\",\"questionId\":1,\"createTime\":1616233952734,\"optionOrder\":0,\"remark\":\"\",\"params\":{}},{\"optionContent\":\"基本满意\",\"questionId\":1,\"createTime\":1616233952734,\"optionOrder\":1,\"remark\":\"\",\"params\":{}},{\"optionContent\":\"不满意\",\"questionId\":1,\"createTime\":1616233952734,\"optionOrder\":0,\"remark\":\"\",\"params\":{}}],\"remark\":\"您对本次课程设计的组织工作是否满意？\",\"updateTime\":1616233952722,\"params\":{},\"paperId\":1}', '{\"msg\":\"操作成功\",\"code\":200}', 0, NULL, '2021-03-20 17:52:32');
INSERT INTO `sys_oper_log` VALUES (228, '问卷题目', 2, 'com.ucd.web.controller.survey.SurveyQuestionController.edit()', 'PUT', 1, 'tony', NULL, '/survey/question', '127.0.0.1', '内网IP', '{\"questionId\":1,\"answer\":0,\"questionTitle\":\"您对本次课程设计的组织工作是否满意？\",\"createTime\":1616169402000,\"options\":[{\"optionContent\":\"很满意\",\"questionId\":1,\"createTime\":1616233975744,\"optionOrder\":0,\"optionId\":8,\"remark\":\"\",\"params\":{}},{\"optionContent\":\"基本满意\",\"questionId\":1,\"createTime\":1616233975744,\"optionOrder\":1,\"optionId\":9,\"remark\":\"\",\"params\":{}},{\"optionContent\":\"不满意\",\"questionId\":1,\"createTime\":1616233975744,\"optionOrder\":2,\"optionId\":10,\"remark\":\"\",\"params\":{}}],\"remark\":\"您对本次课程设计的组织工作是否满意？\",\"updateTime\":1616233975726,\"params\":{},\"paperId\":1}', '{\"msg\":\"操作成功\",\"code\":200}', 0, NULL, '2021-03-20 17:52:55');
INSERT INTO `sys_oper_log` VALUES (229, '调查问卷模板', 1, 'com.ucd.web.controller.survey.SurveyPaperController.add()', 'POST', 1, 'tony', NULL, '/survey/paper', '127.0.0.1', '内网IP', '{\"createTime\":1616234062625,\"paperPreface\":\"数据库课程设计 问卷调查2\",\"remark\":\"数据库课程设计 问卷调查\",\"startTime\":1616515200000,\"endTime\":1616688000000,\"params\":{},\"paperTitle\":\"数据库课程设计 问卷调查2\"}', '{\"msg\":\"操作成功\",\"code\":200}', 0, NULL, '2021-03-20 17:54:22');
INSERT INTO `sys_oper_log` VALUES (230, '问卷题目', 2, 'com.ucd.web.controller.survey.SurveyQuestionController.edit()', 'PUT', 1, 'tony', NULL, '/survey/question', '127.0.0.1', '内网IP', '{\"questionId\":1,\"answer\":0,\"questionTitle\":\"您对本次课程设计的组织工作是否满意？\",\"createTime\":1616169402000,\"options\":[{\"optionContent\":\"很满意\",\"questionId\":1,\"createTime\":1616234071906,\"optionOrder\":0,\"optionId\":11,\"remark\":\"\",\"params\":{}},{\"optionContent\":\"基本满意\",\"questionId\":1,\"createTime\":1616234071906,\"optionOrder\":1,\"optionId\":12,\"remark\":\"\",\"params\":{}},{\"optionContent\":\"不满意\",\"questionId\":1,\"createTime\":1616234071906,\"optionOrder\":2,\"optionId\":13,\"remark\":\"\",\"params\":{}}],\"remark\":\"您对本次课程设计的组织工作是否满意？\",\"updateTime\":1616234071890,\"params\":{},\"paperId\":2}', '{\"msg\":\"操作成功\",\"code\":200}', 0, NULL, '2021-03-20 17:54:31');
INSERT INTO `sys_oper_log` VALUES (231, '问卷题目', 2, 'com.ucd.web.controller.survey.SurveyQuestionController.edit()', 'PUT', 1, 'tony', NULL, '/survey/question', '127.0.0.1', '内网IP', '{\"questionId\":1,\"answer\":0,\"questionTitle\":\"您对本次课程设计的组织工作是否满意？\",\"createTime\":1616169402000,\"options\":[{\"optionContent\":\"很满意\",\"questionId\":1,\"createTime\":1616234079258,\"optionOrder\":0,\"optionId\":14,\"remark\":\"\",\"params\":{}},{\"optionContent\":\"基本满意\",\"questionId\":1,\"createTime\":1616234079258,\"optionOrder\":1,\"optionId\":15,\"remark\":\"\",\"params\":{}},{\"optionContent\":\"不满意\",\"questionId\":1,\"createTime\":1616234079258,\"optionOrder\":2,\"optionId\":16,\"remark\":\"\",\"params\":{}}],\"remark\":\"您对本次课程设计的组织工作是否满意？\",\"updateTime\":1616234079253,\"params\":{},\"paperId\":1}', '{\"msg\":\"操作成功\",\"code\":200}', 0, NULL, '2021-03-20 17:54:39');
INSERT INTO `sys_oper_log` VALUES (232, '题目选项', 3, 'com.ucd.web.controller.survey.SurveyOptionsController.remove()', 'DELETE', 1, 'tony', NULL, '/survey/options/19', '127.0.0.1', '内网IP', '{optionIds=19}', '{\"msg\":\"操作成功\",\"code\":200}', 0, NULL, '2021-03-20 18:20:08');
INSERT INTO `sys_oper_log` VALUES (233, '问卷题目', 1, 'com.ucd.web.controller.survey.SurveyQuestionController.add()', 'POST', 1, 'tony', NULL, '/survey/question', '127.0.0.1', '内网IP', '{\"questionId\":30,\"answer\":1,\"questionTitle\":\"这次课程设计，您们小组成员合作是否愉快？\",\"createTime\":1616241390275,\"options\":[{\"optionContent\":\"很愉快\",\"questionId\":30,\"createTime\":1616241390370,\"optionOrder\":0,\"remark\":\"\",\"params\":{}},{\"optionContent\":\"一般\",\"questionId\":30,\"createTime\":1616241390370,\"optionOrder\":0,\"remark\":\"\",\"params\":{}},{\"optionContent\":\"不愉快\",\"questionId\":30,\"createTime\":1616241390370,\"optionOrder\":0,\"remark\":\"\",\"params\":{}}],\"remark\":\"这次课程设计，您们小组成员合作是否愉快？\",\"params\":{},\"paperId\":1}', '{\"msg\":\"操作成功\",\"code\":200}', 0, NULL, '2021-03-20 19:56:30');
INSERT INTO `sys_oper_log` VALUES (234, '问卷题目', 1, 'com.ucd.web.controller.survey.SurveyQuestionController.add()', 'POST', 1, 'tony', NULL, '/survey/question', '127.0.0.1', '内网IP', '{\"questionId\":31,\"answer\":1,\"questionTitle\":\"本次课程设计对您来说是否有难度？\",\"createTime\":1616259743154,\"options\":[{\"optionContent\":\"很难\",\"questionId\":31,\"createTime\":1616259743241,\"optionOrder\":0,\"remark\":\"\",\"params\":{}},{\"optionContent\":\"略有难度\",\"questionId\":31,\"createTime\":1616259743241,\"optionOrder\":0,\"remark\":\"\",\"params\":{}},{\"optionContent\":\"简单\",\"questionId\":31,\"createTime\":1616259743241,\"optionOrder\":0,\"remark\":\"\",\"params\":{}}],\"remark\":\"本次课程设计对您来说是否有难度？\",\"params\":{},\"paperId\":1}', '{\"msg\":\"操作成功\",\"code\":200}', 0, NULL, '2021-03-21 01:02:23');
INSERT INTO `sys_oper_log` VALUES (235, '问卷题目', 1, 'com.ucd.web.controller.survey.SurveyQuestionController.add()', 'POST', 1, 'tony', NULL, '/survey/question', '127.0.0.1', '内网IP', '{\"questionId\":32,\"answer\":2,\"questionTitle\":\"您对本次课程设计的组织过程有哪些建议？\",\"createTime\":1616259770293,\"options\":[],\"remark\":\"您对本次课程设计的组织过程有哪些建议？\",\"params\":{},\"paperId\":1}', '{\"msg\":\"操作成功\",\"code\":200}', 0, NULL, '2021-03-21 01:02:50');
INSERT INTO `sys_oper_log` VALUES (236, '问卷题目', 2, 'com.ucd.web.controller.survey.SurveyQuestionController.edit()', 'PUT', 1, 'tony', NULL, '/survey/question', '127.0.0.1', '内网IP', '{\"questionId\":30,\"answer\":0,\"questionTitle\":\"这次课程设计，您们小组成员合作是否愉快？\",\"createTime\":1616241390000,\"options\":[{\"optionContent\":\"很愉快\",\"questionId\":30,\"createTime\":1616308239325,\"optionOrder\":0,\"optionId\":20,\"remark\":\"\",\"params\":{}},{\"optionContent\":\"一般\",\"questionId\":30,\"createTime\":1616308239325,\"optionOrder\":0,\"optionId\":21,\"remark\":\"\",\"params\":{}},{\"optionContent\":\"不愉快\",\"questionId\":30,\"createTime\":1616308239325,\"optionOrder\":0,\"optionId\":22,\"remark\":\"\",\"params\":{}}],\"remark\":\"这次课程设计，您们小组成员合作是否愉快？\",\"updateTime\":1616308239266,\"params\":{},\"paperId\":1}', '{\"msg\":\"操作成功\",\"code\":200}', 0, NULL, '2021-03-21 14:30:39');
INSERT INTO `sys_oper_log` VALUES (237, '问卷填写', 1, 'com.ucd.web.controller.survey.SurveyAnswerController.addBatch()', 'POST', 1, 'tony', NULL, '/survey/answer/addBatch', '127.0.0.1', '内网IP', '[{\"questionId\":1,\"createTime\":1616311119664,\"optionId\":17,\"params\":{},\"userId\":100},{\"questionId\":30,\"createTime\":1616311119696,\"optionId\":27,\"params\":{},\"userId\":100},{\"questionId\":31,\"createTime\":1616311119702,\"optionId\":24,\"params\":{},\"userId\":100},{\"questionId\":31,\"createTime\":1616311119708,\"optionId\":25,\"params\":{},\"userId\":100},{\"questionId\":32,\"createTime\":1616311119714,\"params\":{},\"userId\":100,\"content\":\"没有建议\"}]', '{\"msg\":\"操作成功\",\"code\":200}', 0, NULL, '2021-03-21 15:18:39');
INSERT INTO `sys_oper_log` VALUES (238, '问卷填写', 1, 'com.ucd.web.controller.survey.SurveyAnswerController.addBatch()', 'POST', 1, 'tony', NULL, '/survey/answer/addBatch', '127.0.0.1', '内网IP', '[{\"questionId\":1,\"createTime\":1616312853861,\"optionId\":17,\"params\":{},\"userId\":100},{\"questionId\":30,\"createTime\":1616312853861,\"optionId\":27,\"params\":{},\"userId\":100},{\"questionId\":31,\"createTime\":1616312853861,\"optionId\":23,\"params\":{},\"userId\":100},{\"questionId\":31,\"createTime\":1616312853861,\"optionId\":24,\"params\":{},\"userId\":100},{\"questionId\":32,\"createTime\":1616312853861,\"params\":{},\"userId\":100,\"content\":\"ssssss\"}]', '{\"msg\":\"操作成功\",\"code\":200}', 0, NULL, '2021-03-21 15:47:33');
INSERT INTO `sys_oper_log` VALUES (239, '菜单管理', 1, 'com.ucd.web.controller.system.SysMenuController.add()', 'POST', 1, 'tony', NULL, '/system/menu', '127.0.0.1', '内网IP', '{\"visible\":\"0\",\"icon\":\"cascader\",\"orderNum\":\"6\",\"menuName\":\"流程管理\",\"params\":{},\"parentId\":0,\"isCache\":\"0\",\"path\":\"flowable\",\"createBy\":\"tony\",\"children\":[],\"isFrame\":\"1\",\"menuType\":\"M\",\"status\":\"0\"}', '{\"msg\":\"操作成功\",\"code\":200}', 0, NULL, '2021-03-25 11:35:09');
INSERT INTO `sys_oper_log` VALUES (240, '菜单管理', 1, 'com.ucd.web.controller.system.SysMenuController.add()', 'POST', 1, 'admin', NULL, '/system/menu', '127.0.0.1', '内网IP', '{\"visible\":\"0\",\"icon\":\"component\",\"orderNum\":\"1\",\"menuName\":\"模型设置\",\"params\":{},\"parentId\":2020,\"isCache\":\"0\",\"path\":\"flowable\",\"component\":\"flowable/model/index\",\"createBy\":\"admin\",\"children\":[],\"isFrame\":\"1\",\"menuType\":\"C\",\"status\":\"0\"}', '{\"msg\":\"操作成功\",\"code\":200}', 0, NULL, '2021-03-25 11:37:31');
INSERT INTO `sys_oper_log` VALUES (241, '角色管理', 2, 'com.ucd.web.controller.system.SysRoleController.edit()', 'PUT', 1, 'admin', NULL, '/system/role', '127.0.0.1', '内网IP', '{\"flag\":false,\"roleId\":100,\"admin\":false,\"dataScope\":\"1\",\"delFlag\":\"0\",\"params\":{},\"roleSort\":\"3\",\"deptCheckStrictly\":true,\"createTime\":1616165833000,\"updateBy\":\"admin\",\"menuCheckStrictly\":true,\"roleKey\":\"user_admin\",\"roleName\":\"管理员\",\"menuIds\":[1,100,1001,1002,1003,1004,1005,1006,1007,101,1008,1009,1010,1011,1012,102,1013,1014,1015,1016,103,1017,1018,1019,1020,104,1021,1022,1023,1024,1025,105,1026,1027,1028,1029,1030,106,1031,1032,1033,1034,1035,107,1036,1037,1038,1039,108,500,1040,1041,1042,501,1043,1044,1045,2,109,1046,1047,1048,110,1049,1050,1051,1052,1053,1054,111,112,113,3,114,115,1055,1056,1058,1057,1059,1060,116,4,2000,2001,2005,2007,2008,2009,2010,2002,2006,2011,2012,2013,2014,2003,2015,2016,2017,2018,2019,2004,2020,2021],\"status\":\"0\"}', '{\"msg\":\"操作成功\",\"code\":200}', 0, NULL, '2021-03-25 11:37:51');
INSERT INTO `sys_oper_log` VALUES (242, '代码生成', 6, 'com.ucd.generator.controller.GenController.importTableSave()', 'POST', 1, 'tony', NULL, '/tool/gen/importTable', '127.0.0.1', '内网IP', 'act_re_deployment', '{\"msg\":\"操作成功\",\"code\":200}', 0, NULL, '2021-03-25 13:44:10');
INSERT INTO `sys_oper_log` VALUES (243, '代码生成', 2, 'com.ucd.generator.controller.GenController.editSave()', 'PUT', 1, 'tony', NULL, '/tool/gen', '127.0.0.1', '内网IP', '{\"sub\":false,\"functionAuthor\":\"tony\",\"columns\":[{\"capJavaField\":\"Id\",\"usableColumn\":false,\"columnId\":35,\"isIncrement\":\"0\",\"increment\":false,\"insert\":true,\"dictType\":\"\",\"required\":false,\"superColumn\":false,\"updateBy\":\"\",\"isInsert\":\"1\",\"javaField\":\"id\",\"htmlType\":\"input\",\"edit\":false,\"query\":false,\"sort\":1,\"list\":false,\"params\":{},\"javaType\":\"String\",\"queryType\":\"EQ\",\"columnType\":\"varchar(64)\",\"createBy\":\"tony\",\"isPk\":\"1\",\"createTime\":1616651050000,\"tableId\":5,\"pk\":true,\"columnName\":\"ID_\"},{\"capJavaField\":\"Name\",\"usableColumn\":false,\"columnId\":36,\"isIncrement\":\"0\",\"increment\":false,\"insert\":true,\"isList\":\"1\",\"dictType\":\"\",\"required\":false,\"superColumn\":false,\"updateBy\":\"\",\"isInsert\":\"1\",\"javaField\":\"name\",\"htmlType\":\"input\",\"edit\":true,\"query\":true,\"isQuery\":\"1\",\"sort\":2,\"list\":true,\"params\":{},\"javaType\":\"String\",\"queryType\":\"EQ\",\"columnType\":\"varchar(255)\",\"createBy\":\"tony\",\"isPk\":\"0\",\"createTime\":1616651050000,\"isEdit\":\"1\",\"tableId\":5,\"pk\":false,\"columnName\":\"NAME_\"},{\"capJavaField\":\"Category\",\"usableColumn\":false,\"columnId\":37,\"isIncrement\":\"0\",\"increment\":false,\"insert\":true,\"isList\":\"1\",\"dictType\":\"\",\"required\":false,\"superColumn\":false,\"updateBy\":\"\",\"isInsert\":\"1\",\"javaField\":\"category\",\"htmlType\":\"input\",\"edit\":true,\"query\":true,\"isQuery\":\"1\",\"sort\":3,\"list\":true,\"params\":{},\"javaType\":\"String\",\"queryType\":\"EQ\",\"columnType\":\"varchar(255)\",\"createBy\":\"tony\",\"isPk\":\"0\",\"createTime\":1616651050000,\"isEdit\":\"1\",\"tableId\":5,\"pk\":false,\"columnName\":\"CATEGORY_\"},{\"capJavaField\":\"Key\",\"usableColumn\":false,\"columnId\":38,\"isIncrement\":\"0\",\"increment\":false,\"insert\":true,\"isList\":\"1\",\"dictType\":\"\",\"required\":false,\"superColumn\":false,\"updateBy\":\"\",\"isInsert\":\"1\",\"javaField\":\"key\",\"htmlType\":\"input\",\"edit\":true,\"query\":true,\"isQuery\":\"1\",\"sort\":4,\"list\":true,\"params\":{},\"javaType\":\"String\",\"queryType\":\"EQ\",\"columnType\":\"varchar(255)\",\"createBy\":\"tony\",\"isPk\":\"0\",\"createTime\":1616651050000,\"isEdit\":\"1\",\"tableId\":5,\"pk\":false,\"columnName\":\"KEY_\"},{\"capJavaField\":\"TenantId\",\"', '{\"msg\":\"操作成功\",\"code\":200}', 0, NULL, '2021-03-25 13:45:36');
INSERT INTO `sys_oper_log` VALUES (244, '代码生成', 8, 'com.ucd.generator.controller.GenController.batchGenCode()', 'GET', 1, 'tony', NULL, '/tool/gen/batchGenCode', '127.0.0.1', '内网IP', '{}', 'null', 0, NULL, '2021-03-25 13:52:25');
INSERT INTO `sys_oper_log` VALUES (245, '菜单管理', 1, 'com.ucd.web.controller.system.SysMenuController.add()', 'POST', 1, 'tony', NULL, '/system/menu', '127.0.0.1', '内网IP', '{\"visible\":\"0\",\"icon\":\"job\",\"orderNum\":\"2\",\"menuName\":\"流程定义\",\"params\":{},\"parentId\":2020,\"isCache\":\"0\",\"path\":\"deployment\",\"component\":\"system/deployment/index\",\"createBy\":\"tony\",\"children\":[],\"isFrame\":\"1\",\"menuType\":\"C\",\"status\":\"0\"}', '{\"msg\":\"操作成功\",\"code\":200}', 0, NULL, '2021-03-25 13:53:55');
INSERT INTO `sys_oper_log` VALUES (246, '角色管理', 2, 'com.ucd.web.controller.system.SysRoleController.edit()', 'PUT', 1, 'tony', NULL, '/system/role', '127.0.0.1', '内网IP', '{\"flag\":false,\"roleId\":100,\"admin\":false,\"dataScope\":\"1\",\"delFlag\":\"0\",\"params\":{},\"roleSort\":\"3\",\"deptCheckStrictly\":true,\"createTime\":1616165833000,\"updateBy\":\"tony\",\"menuCheckStrictly\":true,\"roleKey\":\"user_admin\",\"roleName\":\"管理员\",\"menuIds\":[1,100,1001,1002,1003,1004,1005,1006,1007,101,1008,1009,1010,1011,1012,102,1013,1014,1015,1016,103,1017,1018,1019,1020,104,1021,1022,1023,1024,1025,105,1026,1027,1028,1029,1030,106,1031,1032,1033,1034,1035,107,1036,1037,1038,1039,108,500,1040,1041,1042,501,1043,1044,1045,2,109,1046,1047,1048,110,1049,1050,1051,1052,1053,1054,111,112,113,3,114,115,1055,1056,1058,1057,1059,1060,116,4,2000,2001,2005,2007,2008,2009,2010,2002,2006,2011,2012,2013,2014,2003,2015,2016,2017,2018,2019,2004,2020,2021],\"status\":\"0\"}', '{\"msg\":\"操作成功\",\"code\":200}', 0, NULL, '2021-03-25 13:54:21');
INSERT INTO `sys_oper_log` VALUES (247, '角色管理', 2, 'com.ucd.web.controller.system.SysRoleController.edit()', 'PUT', 1, 'admin', NULL, '/system/role', '127.0.0.1', '内网IP', '{\"flag\":false,\"roleId\":100,\"admin\":false,\"dataScope\":\"1\",\"delFlag\":\"0\",\"params\":{},\"roleSort\":\"3\",\"deptCheckStrictly\":true,\"createTime\":1616165833000,\"updateBy\":\"admin\",\"menuCheckStrictly\":true,\"roleKey\":\"user_admin\",\"roleName\":\"管理员\",\"menuIds\":[1,100,1001,1002,1003,1004,1005,1006,1007,101,1008,1009,1010,1011,1012,102,1013,1014,1015,1016,103,1017,1018,1019,1020,104,1021,1022,1023,1024,1025,105,1026,1027,1028,1029,1030,106,1031,1032,1033,1034,1035,107,1036,1037,1038,1039,108,500,1040,1041,1042,501,1043,1044,1045,2,109,1046,1047,1048,110,1049,1050,1051,1052,1053,1054,111,112,113,3,114,115,1055,1056,1058,1057,1059,1060,116,4,2000,2001,2005,2007,2008,2009,2010,2002,2006,2011,2012,2013,2014,2003,2015,2016,2017,2018,2019,2004,2020,2021,2022],\"status\":\"0\"}', '{\"msg\":\"操作成功\",\"code\":200}', 0, NULL, '2021-03-25 13:54:49');
INSERT INTO `sys_oper_log` VALUES (248, '菜单管理', 2, 'com.ucd.web.controller.system.SysMenuController.edit()', 'PUT', 1, 'tony', NULL, '/system/menu', '127.0.0.1', '内网IP', '{\"visible\":\"0\",\"icon\":\"job\",\"orderNum\":\"2\",\"menuName\":\"流程定义\",\"params\":{},\"parentId\":2020,\"isCache\":\"0\",\"path\":\"deploy\",\"component\":\"flowable/deploy/index\",\"children\":[],\"createTime\":1616651635000,\"updateBy\":\"tony\",\"isFrame\":\"1\",\"menuId\":2022,\"menuType\":\"C\",\"perms\":\"\",\"status\":\"0\"}', '{\"msg\":\"操作成功\",\"code\":200}', 0, NULL, '2021-03-25 14:07:39');
INSERT INTO `sys_oper_log` VALUES (249, '菜单管理', 1, 'com.ucd.web.controller.system.SysMenuController.add()', 'POST', 1, 'tony', NULL, '/system/menu', '127.0.0.1', '内网IP', '{\"visible\":\"0\",\"icon\":\"dict\",\"orderNum\":\"3\",\"menuName\":\"任务管理\",\"params\":{},\"parentId\":2020,\"isCache\":\"0\",\"path\":\"task\",\"createBy\":\"tony\",\"children\":[],\"isFrame\":\"1\",\"menuType\":\"M\",\"status\":\"0\"}', '{\"msg\":\"操作成功\",\"code\":200}', 0, NULL, '2021-03-26 10:53:10');
INSERT INTO `sys_oper_log` VALUES (250, '菜单管理', 1, 'com.ucd.web.controller.system.SysMenuController.add()', 'POST', 1, 'admin', NULL, '/system/menu', '127.0.0.1', '内网IP', '{\"visible\":\"0\",\"icon\":\"cascader\",\"orderNum\":\"1\",\"menuName\":\"代办任务\",\"params\":{},\"parentId\":2023,\"isCache\":\"0\",\"path\":\"todo\",\"component\":\"flowable/todo/index\",\"createBy\":\"admin\",\"children\":[],\"isFrame\":\"1\",\"menuType\":\"C\",\"status\":\"0\"}', '{\"msg\":\"操作成功\",\"code\":200}', 0, NULL, '2021-03-26 10:55:52');
INSERT INTO `sys_oper_log` VALUES (251, '菜单管理', 1, 'com.ucd.web.controller.system.SysMenuController.add()', 'POST', 1, 'admin', NULL, '/system/menu', '127.0.0.1', '内网IP', '{\"visible\":\"0\",\"icon\":\"time-range\",\"orderNum\":\"2\",\"menuName\":\"已办任务\",\"params\":{},\"parentId\":2023,\"isCache\":\"0\",\"path\":\"done\",\"component\":\"flowable/task/done\",\"createBy\":\"admin\",\"children\":[],\"isFrame\":\"1\",\"menuType\":\"C\",\"status\":\"0\"}', '{\"msg\":\"操作成功\",\"code\":200}', 0, NULL, '2021-03-26 10:57:54');
INSERT INTO `sys_oper_log` VALUES (252, '菜单管理', 2, 'com.ucd.web.controller.system.SysMenuController.edit()', 'PUT', 1, 'admin', NULL, '/system/menu', '127.0.0.1', '内网IP', '{\"visible\":\"0\",\"icon\":\"time-range\",\"orderNum\":\"2\",\"menuName\":\"已办任务\",\"params\":{},\"parentId\":2023,\"isCache\":\"0\",\"path\":\"finished\",\"component\":\"flowable/task/finished\",\"children\":[],\"createTime\":1616727474000,\"updateBy\":\"admin\",\"isFrame\":\"1\",\"menuId\":2025,\"menuType\":\"C\",\"perms\":\"\",\"status\":\"0\"}', '{\"msg\":\"操作成功\",\"code\":200}', 0, NULL, '2021-03-26 11:00:37');
INSERT INTO `sys_oper_log` VALUES (253, '菜单管理', 2, 'com.ucd.web.controller.system.SysMenuController.edit()', 'PUT', 1, 'admin', NULL, '/system/menu', '127.0.0.1', '内网IP', '{\"visible\":\"0\",\"icon\":\"time-range\",\"orderNum\":\"2\",\"menuName\":\"已办任务\",\"params\":{},\"parentId\":2023,\"isCache\":\"0\",\"path\":\"finished\",\"component\":\"flowable/finished/index\",\"children\":[],\"createTime\":1616727474000,\"updateBy\":\"admin\",\"isFrame\":\"1\",\"menuId\":2025,\"menuType\":\"C\",\"perms\":\"\",\"status\":\"0\"}', '{\"msg\":\"操作成功\",\"code\":200}', 0, NULL, '2021-03-26 11:01:51');
INSERT INTO `sys_oper_log` VALUES (254, '菜单管理', 2, 'com.ucd.web.controller.system.SysMenuController.edit()', 'PUT', 1, 'admin', NULL, '/system/menu', '127.0.0.1', '内网IP', '{\"visible\":\"0\",\"icon\":\"time-range\",\"orderNum\":\"2\",\"menuName\":\"已办任务\",\"params\":{},\"parentId\":2023,\"isCache\":\"0\",\"path\":\"finished\",\"component\":\"flowable/task/finished/index\",\"children\":[],\"createTime\":1616727474000,\"updateBy\":\"admin\",\"isFrame\":\"1\",\"menuId\":2025,\"menuType\":\"C\",\"perms\":\"\",\"status\":\"0\"}', '{\"msg\":\"操作成功\",\"code\":200}', 0, NULL, '2021-03-26 11:02:49');
INSERT INTO `sys_oper_log` VALUES (255, '菜单管理', 2, 'com.ucd.web.controller.system.SysMenuController.edit()', 'PUT', 1, 'admin', NULL, '/system/menu', '127.0.0.1', '内网IP', '{\"visible\":\"0\",\"icon\":\"cascader\",\"orderNum\":\"1\",\"menuName\":\"代办任务\",\"params\":{},\"parentId\":2023,\"isCache\":\"0\",\"path\":\"todo\",\"component\":\"flowable/task/todo/index\",\"children\":[],\"createTime\":1616727352000,\"updateBy\":\"admin\",\"isFrame\":\"1\",\"menuId\":2024,\"menuType\":\"C\",\"perms\":\"\",\"status\":\"0\"}', '{\"msg\":\"操作成功\",\"code\":200}', 0, NULL, '2021-03-26 11:02:58');
INSERT INTO `sys_oper_log` VALUES (256, '角色管理', 1, 'com.ucd.web.controller.system.SysRoleController.add()', 'POST', 1, 'admin', NULL, '/system/role', '127.0.0.1', '内网IP', '{\"flag\":false,\"roleId\":101,\"admin\":false,\"params\":{},\"roleSort\":\"0\",\"deptCheckStrictly\":true,\"createBy\":\"admin\",\"menuCheckStrictly\":true,\"roleKey\":\"111\",\"roleName\":\"111\",\"deptIds\":[],\"menuIds\":[],\"status\":\"0\"}', '{\"msg\":\"操作成功\",\"code\":200}', 0, NULL, '2021-03-26 16:46:01');
INSERT INTO `sys_oper_log` VALUES (257, '角色管理', 3, 'com.ucd.web.controller.system.SysRoleController.remove()', 'DELETE', 1, 'admin', NULL, '/system/role/101', '127.0.0.1', '内网IP', '{roleIds=101}', '{\"msg\":\"操作成功\",\"code\":200}', 0, NULL, '2021-03-26 16:46:06');
INSERT INTO `sys_oper_log` VALUES (258, '菜单管理', 2, 'com.ucd.web.controller.system.SysMenuController.edit()', 'PUT', 1, 'admin', NULL, '/system/menu', '127.0.0.1', '内网IP', '{\"visible\":\"0\",\"icon\":\"cascader\",\"orderNum\":\"1\",\"menuName\":\"待办任务\",\"params\":{},\"parentId\":2023,\"isCache\":\"0\",\"path\":\"todo\",\"component\":\"flowable/task/todo/index\",\"children\":[],\"createTime\":1616727352000,\"updateBy\":\"admin\",\"isFrame\":\"1\",\"menuId\":2024,\"menuType\":\"C\",\"perms\":\"\",\"status\":\"0\"}', '{\"msg\":\"操作成功\",\"code\":200}', 0, NULL, '2021-03-26 17:08:06');
INSERT INTO `sys_oper_log` VALUES (259, '角色管理', 2, 'com.ucd.web.controller.system.SysRoleController.edit()', 'PUT', 1, 'admin', NULL, '/system/role', '127.0.0.1', '内网IP', '{\"flag\":false,\"roleId\":100,\"admin\":false,\"dataScope\":\"1\",\"delFlag\":\"0\",\"params\":{},\"roleSort\":\"3\",\"deptCheckStrictly\":true,\"createTime\":1616165833000,\"updateBy\":\"admin\",\"menuCheckStrictly\":true,\"roleKey\":\"user_admin\",\"roleName\":\"管理员\",\"menuIds\":[2020,1,100,1001,1002,1003,1004,1005,1006,1007,101,1008,1009,1010,1011,1012,102,1013,1014,1015,1016,103,1017,1018,1019,1020,104,1021,1022,1023,1024,1025,105,1026,1027,1028,1029,1030,106,1031,1032,1033,1034,1035,107,1036,1037,1038,1039,108,500,1040,1041,1042,501,1043,1044,1045,2,109,1046,1047,1048,110,1049,1050,1051,1052,1053,1054,111,112,113,3,114,115,1055,1056,1058,1057,1059,1060,116,4,2000,2001,2005,2007,2008,2009,2010,2002,2006,2011,2012,2013,2014,2003,2015,2016,2017,2018,2019,2004,2022],\"status\":\"0\"}', '{\"msg\":\"操作成功\",\"code\":200}', 0, NULL, '2021-03-29 09:37:16');
INSERT INTO `sys_oper_log` VALUES (260, '菜单管理', 2, 'com.ucd.web.controller.system.SysMenuController.edit()', 'PUT', 1, 'admin', NULL, '/system/menu', '127.0.0.1', '内网IP', '{\"visible\":\"0\",\"icon\":\"dict\",\"orderNum\":\"7\",\"menuName\":\"任务管理\",\"params\":{},\"parentId\":0,\"isCache\":\"0\",\"path\":\"task\",\"children\":[],\"createTime\":1616727190000,\"updateBy\":\"admin\",\"isFrame\":\"1\",\"menuId\":2023,\"menuType\":\"M\",\"perms\":\"\",\"status\":\"0\"}', '{\"msg\":\"操作成功\",\"code\":200}', 0, NULL, '2021-03-29 09:37:40');
INSERT INTO `sys_oper_log` VALUES (261, '菜单管理', 3, 'com.ucd.web.controller.system.SysMenuController.remove()', 'DELETE', 1, 'admin', NULL, '/system/menu/2021', '127.0.0.1', '内网IP', '{menuId=2021}', '{\"msg\":\"操作成功\",\"code\":200}', 0, NULL, '2021-03-29 09:37:52');
INSERT INTO `sys_oper_log` VALUES (262, '菜单管理', 2, 'com.ucd.web.controller.system.SysMenuController.edit()', 'PUT', 1, 'admin', NULL, '/system/menu', '127.0.0.1', '内网IP', '{\"visible\":\"0\",\"icon\":\"job\",\"orderNum\":\"2\",\"menuName\":\"流程定义\",\"params\":{},\"parentId\":2020,\"isCache\":\"0\",\"path\":\"definition\",\"component\":\"flowable/definition/index\",\"children\":[],\"createTime\":1616651635000,\"updateBy\":\"admin\",\"isFrame\":\"1\",\"menuId\":2022,\"menuType\":\"C\",\"perms\":\"\",\"status\":\"0\"}', '{\"msg\":\"操作成功\",\"code\":200}', 0, NULL, '2021-03-29 09:39:07');
INSERT INTO `sys_oper_log` VALUES (263, '用户管理', 2, 'com.ucd.web.controller.system.SysUserController.resetPwd()', 'PUT', 1, 'tony', NULL, '/system/user/resetPwd', '127.0.0.1', '内网IP', '{\"admin\":false,\"password\":\"$2a$10$7fg/TOq6b1iKJQMExOkoaeSmJLN7S9u7kXjW95F70LScaGybU/mny\",\"updateBy\":\"tony\",\"params\":{},\"userId\":2}', '{\"msg\":\"操作成功\",\"code\":200}', 0, NULL, '2021-03-29 15:44:43');
INSERT INTO `sys_oper_log` VALUES (264, '角色管理', 2, 'com.ucd.web.controller.system.SysRoleController.edit()', 'PUT', 1, 'tony', NULL, '/system/role', '127.0.0.1', '内网IP', '{\"flag\":false,\"roleId\":2,\"admin\":false,\"remark\":\"普通角色\",\"dataScope\":\"2\",\"delFlag\":\"0\",\"params\":{},\"roleSort\":\"2\",\"deptCheckStrictly\":true,\"createTime\":1616159508000,\"updateBy\":\"tony\",\"menuCheckStrictly\":true,\"roleKey\":\"common\",\"roleName\":\"普通角色\",\"menuIds\":[1,100,1001,1002,1003,1004,1005,1006,1007,101,1008,1009,1010,1011,1012,102,1013,1014,1015,1016,103,1017,1018,1019,1020,104,1021,1022,1023,1024,1025,105,1026,1027,1028,1029,1030,106,1031,1032,1033,1034,1035,107,1036,1037,1038,1039,108,500,1040,1041,1042,501,1043,1044,1045,2,109,1046,1047,1048,110,1049,1050,1051,1052,1053,1054,111,112,113,3,114,115,1055,1058,1056,1057,1059,1060,116,4,2020,2022],\"status\":\"0\"}', '{\"msg\":\"操作成功\",\"code\":200}', 0, NULL, '2021-03-29 15:45:11');
INSERT INTO `sys_oper_log` VALUES (265, '角色管理', 2, 'com.ucd.web.controller.system.SysRoleController.edit()', 'PUT', 1, 'admin', NULL, '/system/role', '127.0.0.1', '内网IP', '{\"flag\":false,\"roleId\":100,\"admin\":false,\"dataScope\":\"1\",\"delFlag\":\"0\",\"params\":{},\"roleSort\":\"3\",\"deptCheckStrictly\":true,\"createTime\":1616165833000,\"updateBy\":\"admin\",\"menuCheckStrictly\":true,\"roleKey\":\"user_admin\",\"roleName\":\"管理员\",\"menuIds\":[1,100,1001,1002,1003,1004,1005,1006,1007,101,1008,1009,1010,1011,1012,102,1013,1014,1015,1016,103,1017,1018,1019,1020,104,1021,1022,1023,1024,1025,105,1026,1027,1028,1029,1030,106,1031,1032,1033,1034,1035,107,1036,1037,1038,1039,108,500,1040,1041,1042,501,1043,1044,1045,2,109,1046,1047,1048,110,1049,1050,1051,1052,1053,1054,111,112,113,3,114,115,1055,1056,1058,1057,1059,1060,116,4,2000,2001,2005,2007,2008,2009,2010,2002,2006,2011,2012,2013,2014,2003,2015,2016,2017,2018,2019,2004,2020,2022,2023,2024,2025],\"status\":\"0\"}', '{\"msg\":\"操作成功\",\"code\":200}', 0, NULL, '2021-03-29 15:45:42');
INSERT INTO `sys_oper_log` VALUES (266, '角色管理', 2, 'com.ucd.web.controller.system.SysRoleController.edit()', 'PUT', 1, 'admin', NULL, '/system/role', '127.0.0.1', '内网IP', '{\"flag\":false,\"roleId\":2,\"admin\":false,\"remark\":\"普通角色\",\"dataScope\":\"2\",\"delFlag\":\"0\",\"params\":{},\"roleSort\":\"2\",\"deptCheckStrictly\":true,\"createTime\":1616159508000,\"updateBy\":\"admin\",\"menuCheckStrictly\":true,\"roleKey\":\"common\",\"roleName\":\"普通角色\",\"menuIds\":[1,100,1001,1002,1003,1004,1005,1006,1007,101,1008,1009,1010,1011,1012,102,1013,1014,1015,1016,103,1017,1018,1019,1020,104,1021,1022,1023,1024,1025,105,1026,1027,1028,1029,1030,106,1031,1032,1033,1034,1035,107,1036,1037,1038,1039,108,500,1040,1041,1042,501,1043,1044,1045,2,109,1046,1047,1048,110,1049,1050,1051,1052,1053,1054,111,112,113,3,114,115,1055,1056,1058,1057,1059,1060,116,4,2020,2022,2023,2024,2025],\"status\":\"0\"}', '{\"msg\":\"操作成功\",\"code\":200}', 0, NULL, '2021-03-29 15:45:49');
INSERT INTO `sys_oper_log` VALUES (267, '菜单管理', 1, 'com.ucd.web.controller.system.SysMenuController.add()', 'POST', 1, 'admin', NULL, '/system/menu', '127.0.0.1', '内网IP', '{\"visible\":\"0\",\"icon\":\"guide\",\"orderNum\":\"1\",\"menuName\":\"我的流程\",\"params\":{},\"parentId\":2023,\"isCache\":\"1\",\"path\":\"process\",\"component\":\"flowable/task/process/index\",\"createBy\":\"admin\",\"children\":[],\"isFrame\":\"1\",\"menuType\":\"C\",\"status\":\"0\"}', '{\"msg\":\"操作成功\",\"code\":200}', 0, NULL, '2021-03-30 09:26:23');
INSERT INTO `sys_oper_log` VALUES (268, '菜单管理', 2, 'com.ucd.web.controller.system.SysMenuController.edit()', 'PUT', 1, 'admin', NULL, '/system/menu', '127.0.0.1', '内网IP', '{\"visible\":\"0\",\"icon\":\"cascader\",\"orderNum\":\"2\",\"menuName\":\"待办任务\",\"params\":{},\"parentId\":2023,\"isCache\":\"1\",\"path\":\"todo\",\"component\":\"flowable/task/todo/index\",\"children\":[],\"createTime\":1616727352000,\"updateBy\":\"admin\",\"isFrame\":\"1\",\"menuId\":2024,\"menuType\":\"C\",\"perms\":\"\",\"status\":\"0\"}', '{\"msg\":\"操作成功\",\"code\":200}', 0, NULL, '2021-03-30 09:26:36');
INSERT INTO `sys_oper_log` VALUES (269, '菜单管理', 2, 'com.ucd.web.controller.system.SysMenuController.edit()', 'PUT', 1, 'admin', NULL, '/system/menu', '127.0.0.1', '内网IP', '{\"visible\":\"0\",\"icon\":\"time-range\",\"orderNum\":\"3\",\"menuName\":\"已办任务\",\"params\":{},\"parentId\":2023,\"isCache\":\"1\",\"path\":\"finished\",\"component\":\"flowable/task/finished/index\",\"children\":[],\"createTime\":1616727474000,\"updateBy\":\"admin\",\"isFrame\":\"1\",\"menuId\":2025,\"menuType\":\"C\",\"perms\":\"\",\"status\":\"0\"}', '{\"msg\":\"操作成功\",\"code\":200}', 0, NULL, '2021-03-30 09:26:50');
INSERT INTO `sys_oper_log` VALUES (270, '代码生成', 6, 'com.ucd.generator.controller.GenController.importTableSave()', 'POST', 1, 'admin', NULL, '/tool/gen/importTable', '127.0.0.1', '内网IP', 'sys_instance_form', '{\"msg\":\"操作成功\",\"code\":200}', 0, NULL, '2021-03-30 22:40:06');
INSERT INTO `sys_oper_log` VALUES (271, '代码生成', 6, 'com.ucd.generator.controller.GenController.importTableSave()', 'POST', 1, 'admin', NULL, '/tool/gen/importTable', '127.0.0.1', '内网IP', 'sys_task_form', '{\"msg\":\"操作成功\",\"code\":200}', 0, NULL, '2021-03-30 22:40:26');
INSERT INTO `sys_oper_log` VALUES (272, '代码生成', 2, 'com.ucd.generator.controller.GenController.editSave()', 'PUT', 1, 'admin', NULL, '/tool/gen', '127.0.0.1', '内网IP', '{\"sub\":false,\"functionAuthor\":\"Xuan Xuan\",\"columns\":[{\"capJavaField\":\"FormId\",\"usableColumn\":false,\"columnId\":48,\"isIncrement\":\"1\",\"increment\":true,\"insert\":true,\"dictType\":\"\",\"required\":false,\"superColumn\":false,\"updateBy\":\"\",\"isInsert\":\"1\",\"javaField\":\"formId\",\"htmlType\":\"input\",\"edit\":false,\"query\":false,\"columnComment\":\"表单主键\",\"sort\":1,\"list\":false,\"params\":{},\"javaType\":\"Long\",\"queryType\":\"EQ\",\"columnType\":\"bigint(20)\",\"createBy\":\"admin\",\"isPk\":\"1\",\"createTime\":1617115226000,\"tableId\":7,\"pk\":true,\"columnName\":\"form_id\"},{\"capJavaField\":\"FormName\",\"usableColumn\":false,\"columnId\":49,\"isIncrement\":\"0\",\"increment\":false,\"insert\":true,\"isList\":\"1\",\"dictType\":\"\",\"required\":false,\"superColumn\":false,\"updateBy\":\"\",\"isInsert\":\"1\",\"javaField\":\"formName\",\"htmlType\":\"input\",\"edit\":true,\"query\":true,\"columnComment\":\"表单名称\",\"isQuery\":\"1\",\"sort\":2,\"list\":true,\"params\":{},\"javaType\":\"String\",\"queryType\":\"LIKE\",\"columnType\":\"varchar(50)\",\"createBy\":\"admin\",\"isPk\":\"0\",\"createTime\":1617115226000,\"isEdit\":\"1\",\"tableId\":7,\"pk\":false,\"columnName\":\"form_name\"},{\"capJavaField\":\"FormContent\",\"usableColumn\":false,\"columnId\":50,\"isIncrement\":\"0\",\"increment\":false,\"insert\":true,\"isList\":\"1\",\"dictType\":\"\",\"required\":false,\"superColumn\":false,\"updateBy\":\"\",\"isInsert\":\"1\",\"javaField\":\"formContent\",\"htmlType\":\"editor\",\"edit\":true,\"query\":true,\"columnComment\":\"表单内容\",\"isQuery\":\"1\",\"sort\":3,\"list\":true,\"params\":{},\"javaType\":\"String\",\"queryType\":\"EQ\",\"columnType\":\"longtext\",\"createBy\":\"admin\",\"isPk\":\"0\",\"createTime\":1617115226000,\"isEdit\":\"1\",\"tableId\":7,\"pk\":false,\"columnName\":\"form_content\"},{\"capJavaField\":\"CreateTime\",\"usableColumn\":false,\"columnId\":51,\"isIncrement\":\"0\",\"increment\":false,\"insert\":true,\"dictType\":\"\",\"required\":false,\"superColumn\":true,\"updateBy\":\"\",\"isInsert\":\"1\",\"javaField\":\"createTime\",\"htmlType\":\"datetime\",\"edit\":false,\"query\":false,\"columnComment\":\"创建时间\",\"sort\":4,\"list\":false,\"params\":{},\"javaType\":\"Date\",\"queryType\":\"EQ\",\"columnType\":\"datetime\",\"createBy\":\"admin\",\"isPk\":\"0', '{\"msg\":\"操作成功\",\"code\":200}', 0, NULL, '2021-03-30 22:42:44');
INSERT INTO `sys_oper_log` VALUES (273, '代码生成', 2, 'com.ucd.generator.controller.GenController.editSave()', 'PUT', 1, 'admin', NULL, '/tool/gen', '127.0.0.1', '内网IP', '{\"sub\":false,\"functionAuthor\":\"Xuan Xuan\",\"columns\":[{\"capJavaField\":\"Id\",\"usableColumn\":false,\"columnId\":45,\"isIncrement\":\"1\",\"increment\":true,\"insert\":true,\"dictType\":\"\",\"required\":false,\"superColumn\":false,\"updateBy\":\"\",\"isInsert\":\"1\",\"javaField\":\"id\",\"htmlType\":\"input\",\"edit\":false,\"query\":false,\"columnComment\":\"主键\",\"sort\":1,\"list\":false,\"params\":{},\"javaType\":\"Long\",\"queryType\":\"EQ\",\"columnType\":\"bigint(20)\",\"createBy\":\"admin\",\"isPk\":\"1\",\"createTime\":1617115206000,\"tableId\":6,\"pk\":true,\"columnName\":\"id\"},{\"capJavaField\":\"FormId\",\"usableColumn\":false,\"columnId\":46,\"isIncrement\":\"0\",\"increment\":false,\"insert\":true,\"isList\":\"1\",\"dictType\":\"\",\"required\":false,\"superColumn\":false,\"updateBy\":\"\",\"isInsert\":\"1\",\"javaField\":\"formId\",\"htmlType\":\"input\",\"edit\":true,\"query\":true,\"columnComment\":\"表单主键\",\"isQuery\":\"1\",\"sort\":2,\"list\":true,\"params\":{},\"javaType\":\"Long\",\"queryType\":\"EQ\",\"columnType\":\"bigint(20)\",\"createBy\":\"admin\",\"isPk\":\"0\",\"createTime\":1617115206000,\"isEdit\":\"1\",\"tableId\":6,\"pk\":false,\"columnName\":\"form_id\"},{\"capJavaField\":\"InstId\",\"usableColumn\":false,\"columnId\":47,\"isIncrement\":\"0\",\"increment\":false,\"insert\":true,\"isList\":\"1\",\"dictType\":\"\",\"required\":false,\"superColumn\":false,\"updateBy\":\"\",\"isInsert\":\"1\",\"javaField\":\"instId\",\"htmlType\":\"input\",\"edit\":true,\"query\":true,\"columnComment\":\"流程实例主键\",\"isQuery\":\"1\",\"sort\":3,\"list\":true,\"params\":{},\"javaType\":\"String\",\"queryType\":\"EQ\",\"columnType\":\"varchar(50)\",\"createBy\":\"admin\",\"isPk\":\"0\",\"createTime\":1617115206000,\"isEdit\":\"1\",\"tableId\":6,\"pk\":false,\"columnName\":\"inst_id\"}],\"businessName\":\"form\",\"moduleName\":\"flowable\",\"className\":\"SysInstanceForm\",\"tableName\":\"sys_instance_form\",\"crud\":true,\"options\":\"{}\",\"genType\":\"1\",\"packageName\":\"com.ucd.flowable\",\"functionName\":\"流程实例关联表单\",\"tree\":false,\"tableComment\":\"流程实例关联表单\",\"params\":{},\"tplCategory\":\"crud\",\"tableId\":6,\"genPath\":\"E:\\\\tony\\\\flowable\\\\ucd-flowable\\\\src\\\\main\\\\java\\\\com\\\\ucd\\\\flowable\"}', '{\"msg\":\"操作成功\",\"code\":200}', 0, NULL, '2021-03-30 22:43:44');
INSERT INTO `sys_oper_log` VALUES (274, '代码生成', 8, 'com.ucd.generator.controller.GenController.genCode()', 'GET', 1, 'admin', NULL, '/tool/gen/genCode/sys_instance_form', '127.0.0.1', '内网IP', '{tableName=sys_instance_form}', '{\"msg\":\"操作成功\",\"code\":200}', 0, NULL, '2021-03-30 22:43:49');
INSERT INTO `sys_oper_log` VALUES (275, '代码生成', 8, 'com.ucd.generator.controller.GenController.genCode()', 'GET', 1, 'admin', NULL, '/tool/gen/genCode/sys_task_form', '127.0.0.1', '内网IP', '{tableName=sys_task_form}', '{\"msg\":\"操作成功\",\"code\":200}', 0, NULL, '2021-03-30 22:43:52');
INSERT INTO `sys_oper_log` VALUES (276, '代码生成', 2, 'com.ucd.generator.controller.GenController.editSave()', 'PUT', 1, 'admin', NULL, '/tool/gen', '127.0.0.1', '内网IP', '{\"sub\":false,\"functionAuthor\":\"Xuan Xuan\",\"columns\":[{\"capJavaField\":\"FormId\",\"usableColumn\":false,\"columnId\":48,\"isIncrement\":\"1\",\"increment\":true,\"insert\":true,\"dictType\":\"\",\"required\":false,\"superColumn\":false,\"updateBy\":\"\",\"isInsert\":\"1\",\"javaField\":\"formId\",\"htmlType\":\"input\",\"edit\":false,\"query\":false,\"columnComment\":\"表单主键\",\"updateTime\":1617115363000,\"sort\":1,\"list\":false,\"params\":{},\"javaType\":\"Long\",\"queryType\":\"EQ\",\"columnType\":\"bigint(20)\",\"createBy\":\"admin\",\"isPk\":\"1\",\"createTime\":1617115226000,\"tableId\":7,\"pk\":true,\"columnName\":\"form_id\"},{\"capJavaField\":\"FormName\",\"usableColumn\":false,\"columnId\":49,\"isIncrement\":\"0\",\"increment\":false,\"insert\":true,\"isList\":\"1\",\"dictType\":\"\",\"required\":false,\"superColumn\":false,\"updateBy\":\"\",\"isInsert\":\"1\",\"javaField\":\"formName\",\"htmlType\":\"input\",\"edit\":true,\"query\":true,\"columnComment\":\"表单名称\",\"isQuery\":\"1\",\"updateTime\":1617115363000,\"sort\":2,\"list\":true,\"params\":{},\"javaType\":\"String\",\"queryType\":\"LIKE\",\"columnType\":\"varchar(50)\",\"createBy\":\"admin\",\"isPk\":\"0\",\"createTime\":1617115226000,\"isEdit\":\"1\",\"tableId\":7,\"pk\":false,\"columnName\":\"form_name\"},{\"capJavaField\":\"FormContent\",\"usableColumn\":false,\"columnId\":50,\"isIncrement\":\"0\",\"increment\":false,\"insert\":true,\"isList\":\"1\",\"dictType\":\"\",\"required\":false,\"superColumn\":false,\"updateBy\":\"\",\"isInsert\":\"1\",\"javaField\":\"formContent\",\"htmlType\":\"editor\",\"edit\":true,\"query\":true,\"columnComment\":\"表单内容\",\"isQuery\":\"1\",\"updateTime\":1617115363000,\"sort\":3,\"list\":true,\"params\":{},\"javaType\":\"String\",\"queryType\":\"EQ\",\"columnType\":\"longtext\",\"createBy\":\"admin\",\"isPk\":\"0\",\"createTime\":1617115226000,\"isEdit\":\"1\",\"tableId\":7,\"pk\":false,\"columnName\":\"form_content\"},{\"capJavaField\":\"CreateTime\",\"usableColumn\":false,\"columnId\":51,\"isIncrement\":\"0\",\"increment\":false,\"insert\":true,\"dictType\":\"\",\"required\":false,\"superColumn\":true,\"updateBy\":\"\",\"isInsert\":\"1\",\"javaField\":\"createTime\",\"htmlType\":\"datetime\",\"edit\":false,\"query\":false,\"columnComment\":\"创建时间\",\"updateTime\":1617115363000,\"sort\":4,\"lis', '{\"msg\":\"操作成功\",\"code\":200}', 0, NULL, '2021-03-30 22:49:39');
INSERT INTO `sys_oper_log` VALUES (277, '菜单管理', 1, 'com.ucd.web.controller.system.SysMenuController.add()', 'POST', 1, 'admin', NULL, '/system/menu', '127.0.0.1', '内网IP', '{\"visible\":\"0\",\"icon\":\"form\",\"orderNum\":\"2\",\"menuName\":\"表单关联\",\"params\":{},\"parentId\":2020,\"isCache\":\"0\",\"path\":\"form\",\"component\":\"flowable/task/form/index\",\"createBy\":\"admin\",\"children\":[],\"isFrame\":\"1\",\"menuType\":\"C\",\"perms\":\"flowable:form:list\",\"status\":\"0\"}', '{\"msg\":\"操作成功\",\"code\":200}', 0, NULL, '2021-03-30 22:55:12');
INSERT INTO `sys_oper_log` VALUES (278, '流程表单', 1, 'com.ucd.flowable.controller.SysTaskFormController.add()', 'POST', 1, 'admin', NULL, '/flowable/form', '127.0.0.1', '内网IP', '{\"formId\":1,\"createTime\":1617116759634,\"formContent\":\"<p>&lt;template&gt;</p><p>  &lt;div&gt;</p><p>    &lt;el-dialog v-bind=\\\"$attrs\\\" v-on=\\\"$listeners\\\" @open=\\\"onOpen\\\" @close=\\\"onClose\\\" title=\\\"Dialog Titile\\\"&gt;</p><p>      &lt;el-row :gutter=\\\"20\\\"&gt;</p><p>        &lt;el-form ref=\\\"elForm\\\" :model=\\\"formData\\\" :rules=\\\"rules\\\" size=\\\"medium\\\" label-width=\\\"100px\\\"&gt;</p><p>          &lt;el-col :span=\\\"12\\\"&gt;</p><p>            &lt;el-form-item label=\\\"请假原因\\\" prop=\\\"field102\\\"&gt;</p><p>              &lt;el-input v-model=\\\"formData.field102\\\" placeholder=\\\"请输入请假原因\\\" clearable :style=\\\"{width: \'100%\'}\\\"&gt;</p><p>              &lt;/el-input&gt;</p><p>            &lt;/el-form-item&gt;</p><p>          &lt;/el-col&gt;</p><p>          &lt;el-col :span=\\\"23\\\"&gt;</p><p>            &lt;el-form-item label=\\\"性别\\\" prop=\\\"field104\\\"&gt;</p><p>              &lt;el-radio-group v-model=\\\"formData.field104\\\" size=\\\"medium\\\"&gt;</p><p>                &lt;el-radio v-for=\\\"(item, index) in field104Options\\\" :key=\\\"index\\\" :label=\\\"item.value\\\"</p><p>                  :disabled=\\\"item.disabled\\\"&gt;{{item.label}}&lt;/el-radio&gt;</p><p>              &lt;/el-radio-group&gt;</p><p>            &lt;/el-form-item&gt;</p><p>          &lt;/el-col&gt;</p><p>          &lt;el-col :span=\\\"24\\\"&gt;</p><p>            &lt;el-form-item label=\\\"请假时间\\\" prop=\\\"field106\\\"&gt;</p><p>              &lt;el-date-picker type=\\\"daterange\\\" v-model=\\\"formData.field106\\\" format=\\\"yyyy-MM-dd\\\"</p><p>                value-format=\\\"yyyy-MM-dd\\\" :style=\\\"{width: \'100%\'}\\\" start-placeholder=\\\"开始日期\\\"</p><p>                end-placeholder=\\\"结束日期\\\" range-separator=\\\"至\\\" clearable&gt;&lt;/el-date-picker&gt;</p><p>            &lt;/el-form-item&gt;</p><p>          &lt;/el-col&gt;</p><p>          &lt;el-col :span=\\\"24\\\"&gt;</p><p>            &lt;el-form-item label=\\\"请假原因\\\" prop=\\\"field103\\\"&gt;</p><p>              &lt;el-input v-model=\\\"formData.field103\\\" placeholder=\\\"请输入请假原因\\\" clearable :style=\\\"{width: \'100%', '{\"msg\":\"操作成功\",\"code\":200}', 0, NULL, '2021-03-30 23:05:59');
INSERT INTO `sys_oper_log` VALUES (279, '菜单管理', 2, 'com.ucd.web.controller.system.SysMenuController.edit()', 'PUT', 1, 'admin', NULL, '/system/menu', '127.0.0.1', '内网IP', '{\"visible\":\"0\",\"icon\":\"form\",\"orderNum\":\"2\",\"menuName\":\"表单配置\",\"params\":{},\"parentId\":2020,\"isCache\":\"0\",\"path\":\"form\",\"component\":\"flowable/task/form/index\",\"children\":[],\"createTime\":1617116112000,\"updateBy\":\"admin\",\"isFrame\":\"1\",\"menuId\":2027,\"menuType\":\"C\",\"perms\":\"flowable:form:list\",\"status\":\"0\"}', '{\"msg\":\"操作成功\",\"code\":200}', 0, NULL, '2021-04-03 18:50:54');
INSERT INTO `sys_oper_log` VALUES (280, '代码生成', 2, 'com.ucd.generator.controller.GenController.synchDb()', 'GET', 1, 'admin', NULL, '/tool/gen/synchDb/sys_task_form', '127.0.0.1', '内网IP', '{tableName=sys_task_form}', '{\"msg\":\"操作成功\",\"code\":200}', 0, NULL, '2021-04-03 19:13:23');
INSERT INTO `sys_oper_log` VALUES (281, '代码生成', 3, 'com.ucd.generator.controller.GenController.remove()', 'DELETE', 1, 'admin', NULL, '/tool/gen/7', '127.0.0.1', '内网IP', '{tableIds=7}', '{\"msg\":\"操作成功\",\"code\":200}', 0, NULL, '2021-04-03 19:13:33');
INSERT INTO `sys_oper_log` VALUES (282, '代码生成', 6, 'com.ucd.generator.controller.GenController.importTableSave()', 'POST', 1, 'admin', NULL, '/tool/gen/importTable', '127.0.0.1', '内网IP', 'sys_task_form', '{\"msg\":\"操作成功\",\"code\":200}', 0, NULL, '2021-04-03 19:14:19');
INSERT INTO `sys_oper_log` VALUES (283, '代码生成', 8, 'com.ucd.generator.controller.GenController.batchGenCode()', 'GET', 1, 'admin', NULL, '/tool/gen/batchGenCode', '127.0.0.1', '内网IP', '{}', 'null', 0, NULL, '2021-04-03 19:14:23');
INSERT INTO `sys_oper_log` VALUES (284, '代码生成', 2, 'com.ucd.generator.controller.GenController.editSave()', 'PUT', 1, 'admin', NULL, '/tool/gen', '127.0.0.1', '内网IP', '{\"sub\":false,\"functionAuthor\":\"Xuan Xuan\",\"columns\":[{\"capJavaField\":\"Id\",\"usableColumn\":false,\"columnId\":58,\"isIncrement\":\"1\",\"increment\":true,\"insert\":true,\"dictType\":\"\",\"required\":false,\"superColumn\":false,\"updateBy\":\"\",\"isInsert\":\"1\",\"javaField\":\"id\",\"htmlType\":\"input\",\"edit\":false,\"query\":false,\"columnComment\":\"主键\",\"sort\":1,\"list\":false,\"params\":{},\"javaType\":\"Long\",\"queryType\":\"EQ\",\"columnType\":\"bigint(20)\",\"createBy\":\"admin\",\"isPk\":\"1\",\"createTime\":1617448459000,\"tableId\":8,\"pk\":true,\"columnName\":\"id\"},{\"capJavaField\":\"FormId\",\"usableColumn\":false,\"columnId\":59,\"isIncrement\":\"0\",\"increment\":false,\"insert\":true,\"isList\":\"1\",\"dictType\":\"\",\"required\":false,\"superColumn\":false,\"updateBy\":\"\",\"isInsert\":\"1\",\"javaField\":\"formId\",\"htmlType\":\"input\",\"edit\":true,\"query\":true,\"columnComment\":\"表单主键\",\"isQuery\":\"1\",\"sort\":2,\"list\":true,\"params\":{},\"javaType\":\"Long\",\"queryType\":\"EQ\",\"columnType\":\"bigint(20)\",\"createBy\":\"admin\",\"isPk\":\"0\",\"createTime\":1617448459000,\"isEdit\":\"1\",\"tableId\":8,\"pk\":false,\"columnName\":\"form_id\"},{\"capJavaField\":\"TaskId\",\"usableColumn\":false,\"columnId\":60,\"isIncrement\":\"0\",\"increment\":false,\"insert\":true,\"isList\":\"1\",\"dictType\":\"\",\"required\":false,\"superColumn\":false,\"updateBy\":\"\",\"isInsert\":\"1\",\"javaField\":\"taskId\",\"htmlType\":\"input\",\"edit\":true,\"query\":true,\"columnComment\":\"所属任务\",\"isQuery\":\"1\",\"sort\":3,\"list\":true,\"params\":{},\"javaType\":\"String\",\"queryType\":\"EQ\",\"columnType\":\"varchar(50)\",\"createBy\":\"admin\",\"isPk\":\"0\",\"createTime\":1617448459000,\"isEdit\":\"1\",\"tableId\":8,\"pk\":false,\"columnName\":\"task_id\"}],\"businessName\":\"flowable\",\"moduleName\":\"flowable\",\"className\":\"SysTaskForm\",\"tableName\":\"sys_task_form\",\"crud\":true,\"options\":\"{}\",\"genType\":\"1\",\"packageName\":\"com.ucd.flowable\",\"functionName\":\"流程任务关联单\",\"tree\":false,\"tableComment\":\"流程任务关联表单\",\"params\":{},\"tplCategory\":\"crud\",\"tableId\":8,\"genPath\":\"E:\\\\tony\\\\flowable\\\\ucd-flowable\\\\src\\\\main\\\\java\"}', '{\"msg\":\"操作成功\",\"code\":200}', 0, NULL, '2021-04-03 19:16:35');
INSERT INTO `sys_oper_log` VALUES (285, '代码生成', 8, 'com.ucd.generator.controller.GenController.genCode()', 'GET', 1, 'admin', NULL, '/tool/gen/genCode/sys_task_form', '127.0.0.1', '内网IP', '{tableName=sys_task_form}', '{\"msg\":\"操作成功\",\"code\":200}', 0, NULL, '2021-04-03 19:16:40');
INSERT INTO `sys_oper_log` VALUES (286, '代码生成', 2, 'com.ucd.generator.controller.GenController.editSave()', 'PUT', 1, 'admin', NULL, '/tool/gen', '127.0.0.1', '内网IP', '{\"sub\":false,\"functionAuthor\":\"Xuan Xuan\",\"columns\":[{\"capJavaField\":\"Id\",\"usableColumn\":false,\"columnId\":58,\"isIncrement\":\"1\",\"increment\":true,\"insert\":true,\"dictType\":\"\",\"required\":false,\"superColumn\":false,\"updateBy\":\"\",\"isInsert\":\"1\",\"javaField\":\"id\",\"htmlType\":\"input\",\"edit\":false,\"query\":false,\"columnComment\":\"主键\",\"updateTime\":1617448595000,\"sort\":1,\"list\":false,\"params\":{},\"javaType\":\"Long\",\"queryType\":\"EQ\",\"columnType\":\"bigint(20)\",\"createBy\":\"admin\",\"isPk\":\"1\",\"createTime\":1617448459000,\"tableId\":8,\"pk\":true,\"columnName\":\"id\"},{\"capJavaField\":\"FormId\",\"usableColumn\":false,\"columnId\":59,\"isIncrement\":\"0\",\"increment\":false,\"insert\":true,\"isList\":\"1\",\"dictType\":\"\",\"required\":false,\"superColumn\":false,\"updateBy\":\"\",\"isInsert\":\"1\",\"javaField\":\"formId\",\"htmlType\":\"input\",\"edit\":true,\"query\":true,\"columnComment\":\"表单主键\",\"isQuery\":\"1\",\"updateTime\":1617448595000,\"sort\":2,\"list\":true,\"params\":{},\"javaType\":\"Long\",\"queryType\":\"EQ\",\"columnType\":\"bigint(20)\",\"createBy\":\"admin\",\"isPk\":\"0\",\"createTime\":1617448459000,\"isEdit\":\"1\",\"tableId\":8,\"pk\":false,\"columnName\":\"form_id\"},{\"capJavaField\":\"TaskId\",\"usableColumn\":false,\"columnId\":60,\"isIncrement\":\"0\",\"increment\":false,\"insert\":true,\"isList\":\"1\",\"dictType\":\"\",\"required\":false,\"superColumn\":false,\"updateBy\":\"\",\"isInsert\":\"1\",\"javaField\":\"taskId\",\"htmlType\":\"input\",\"edit\":true,\"query\":true,\"columnComment\":\"所属任务\",\"isQuery\":\"1\",\"updateTime\":1617448595000,\"sort\":3,\"list\":true,\"params\":{},\"javaType\":\"String\",\"queryType\":\"EQ\",\"columnType\":\"varchar(50)\",\"createBy\":\"admin\",\"isPk\":\"0\",\"createTime\":1617448459000,\"isEdit\":\"1\",\"tableId\":8,\"pk\":false,\"columnName\":\"task_id\"}],\"businessName\":\"flowable\",\"moduleName\":\"flowable\",\"className\":\"SysTaskForm\",\"tableName\":\"sys_task_form\",\"crud\":true,\"options\":\"{}\",\"genType\":\"1\",\"packageName\":\"com.ucd.flowable\",\"functionName\":\"流程任务关联单\",\"tree\":false,\"tableComment\":\"流程任务关联表单\",\"params\":{},\"tplCategory\":\"crud\",\"tableId\":8,\"genPath\":\"E:\\\\tony\\\\flowable\\\\ucd-flowable\\\\src\"}', '{\"msg\":\"操作成功\",\"code\":200}', 0, NULL, '2021-04-03 19:17:40');
INSERT INTO `sys_oper_log` VALUES (287, '代码生成', 8, 'com.ucd.generator.controller.GenController.genCode()', 'GET', 1, 'admin', NULL, '/tool/gen/genCode/sys_task_form', '127.0.0.1', '内网IP', '{tableName=sys_task_form}', '{\"msg\":\"操作成功\",\"code\":200}', 0, NULL, '2021-04-03 19:17:43');
INSERT INTO `sys_oper_log` VALUES (288, '参数管理', 2, 'com.ucd.web.controller.system.SysConfigController.edit()', 'PUT', 1, 'admin', NULL, '/system/config', '127.0.0.1', '内网IP', '{\"configName\":\"主框架页-默认皮肤样式名称\",\"configKey\":\"sys.index.skinName\",\"createBy\":\"admin\",\"createTime\":1616159508000,\"updateBy\":\"admin\",\"configId\":1,\"remark\":\"蓝色 skin-blue、绿色 skin-green、紫色 skin-purple、红色 skin-red、黄色 skin-yellow\",\"configType\":\"Y\",\"configValue\":\"skin-green\",\"params\":{}}', '{\"msg\":\"操作成功\",\"code\":200}', 0, NULL, '2021-04-04 21:45:46');
INSERT INTO `sys_oper_log` VALUES (289, '参数管理', 2, 'com.ucd.web.controller.system.SysConfigController.edit()', 'PUT', 1, 'admin', NULL, '/system/config', '127.0.0.1', '内网IP', '{\"configName\":\"主框架页-默认皮肤样式名称\",\"configKey\":\"sys.index.skinName\",\"createBy\":\"admin\",\"createTime\":1616159508000,\"updateBy\":\"admin\",\"configId\":1,\"remark\":\"蓝色 skin-blue、绿色 skin-green、紫色 skin-purple、红色 skin-red、黄色 skin-yellow\",\"updateTime\":1617543946000,\"configType\":\"N\",\"configValue\":\"skin-green\",\"params\":{}}', '{\"msg\":\"操作成功\",\"code\":200}', 0, NULL, '2021-04-04 21:46:22');
INSERT INTO `sys_oper_log` VALUES (290, '流程表单', 1, 'com.ucd.flowable.controller.SysFormController.add()', 'POST', 1, 'admin', NULL, '/flowable/form', '127.0.0.1', '内网IP', '{\"formId\":2,\"createTime\":1617619591218,\"formContent\":\"{\\\"fields\\\":[{\\\"__config__\\\":{\\\"label\\\":\\\"请假原因\\\",\\\"labelWidth\\\":null,\\\"showLabel\\\":true,\\\"changeTag\\\":true,\\\"tag\\\":\\\"el-input\\\",\\\"tagIcon\\\":\\\"input\\\",\\\"defaultValue\\\":\\\"\\\",\\\"required\\\":true,\\\"layout\\\":\\\"colFormItem\\\",\\\"span\\\":24,\\\"document\\\":\\\"https://element.eleme.cn/#/zh-CN/component/input\\\",\\\"regList\\\":[],\\\"formId\\\":102,\\\"renderKey\\\":1617285113041},\\\"__slot__\\\":{\\\"prepend\\\":\\\"\\\",\\\"append\\\":\\\"\\\"},\\\"placeholder\\\":\\\"请输入请假原因\\\",\\\"style\\\":{\\\"width\\\":\\\"50%\\\"},\\\"clearable\\\":true,\\\"prefix-icon\\\":\\\"\\\",\\\"suffix-icon\\\":\\\"\\\",\\\"maxlength\\\":null,\\\"show-word-limit\\\":false,\\\"readonly\\\":false,\\\"disabled\\\":false,\\\"__vModel__\\\":\\\"field102\\\"},{\\\"__config__\\\":{\\\"label\\\":\\\"请假时间\\\",\\\"tag\\\":\\\"el-date-picker\\\",\\\"tagIcon\\\":\\\"date-range\\\",\\\"defaultValue\\\":null,\\\"span\\\":24,\\\"showLabel\\\":true,\\\"labelWidth\\\":null,\\\"required\\\":true,\\\"layout\\\":\\\"colFormItem\\\",\\\"regList\\\":[],\\\"changeTag\\\":true,\\\"document\\\":\\\"https://element.eleme.cn/#/zh-CN/component/date-picker\\\",\\\"formId\\\":105,\\\"renderKey\\\":1617455776800},\\\"style\\\":{\\\"width\\\":\\\"50%\\\"},\\\"type\\\":\\\"daterange\\\",\\\"range-separator\\\":\\\"至\\\",\\\"start-placeholder\\\":\\\"开始日期\\\",\\\"end-placeholder\\\":\\\"结束日期\\\",\\\"disabled\\\":false,\\\"clearable\\\":true,\\\"format\\\":\\\"yyyy-MM-dd\\\",\\\"value-format\\\":\\\"yyyy-MM-dd\\\",\\\"readonly\\\":false,\\\"__vModel__\\\":\\\"field105\\\"},{\\\"__config__\\\":{\\\"label\\\":\\\"备注\\\",\\\"labelWidth\\\":null,\\\"showLabel\\\":true,\\\"tag\\\":\\\"el-input\\\",\\\"tagIcon\\\":\\\"textarea\\\",\\\"defaultValue\\\":\\\"\\\",\\\"required\\\":true,\\\"layout\\\":\\\"colFormItem\\\",\\\"span\\\":24,\\\"regList\\\":[],\\\"changeTag\\\":true,\\\"document\\\":\\\"https://element.eleme.cn/#/zh-CN/component/input\\\",\\\"formId\\\":104,\\\"renderKey\\\":1617455763381},\\\"type\\\":\\\"textarea\\\",\\\"placeholder\\\":\\\"请输入备注\\\",\\\"autosize\\\":{\\\"minRows\\\":4,\\\"maxRows\\\":4},\\\"style\\\":{\\\"width\\\":\\\"50%\\\"},\\\"maxlength\\\":null,\\\"show-word-limit\\\":false,\\\"readonly\\\":false,\\\"disabled\\\":false,\\\"__vModel__\\\":\\\"field104\\\"}],\\\"formRef\\\":\\\"elForm\\\",\\\"formModel\\\":\\\"formData\\\",\\\"size\\\":\\\"medium\\\",\\\"labelPosition\\\":\\\"right\\', '{\"msg\":\"操作成功\",\"code\":200}', 0, NULL, '2021-04-05 18:46:31');
INSERT INTO `sys_oper_log` VALUES (291, '流程表单', 1, 'com.ucd.flowable.controller.SysFormController.addDeployForm()', 'POST', 1, 'admin', NULL, '/flowable/form/addDeployForm', '127.0.0.1', '内网IP', '{\"id\":3,\"params\":{},\"deployId\":\"65603596-960c-11eb-a9be-00e04c1b045a\"}', '{\"msg\":\"操作成功\",\"code\":200}', 0, NULL, '2021-04-06 22:21:49');
INSERT INTO `sys_oper_log` VALUES (292, '流程表单', 1, 'com.ucd.flowable.controller.SysFormController.addDeployForm()', 'POST', 1, 'admin', NULL, '/flowable/form/addDeployForm', '127.0.0.1', '内网IP', '{\"id\":4,\"params\":{},\"deployId\":\"65603596-960c-11eb-a9be-00e04c1b045a\"}', '{\"msg\":\"操作成功\",\"code\":200}', 0, NULL, '2021-04-06 22:22:01');
INSERT INTO `sys_oper_log` VALUES (293, '流程表单', 1, 'com.ucd.flowable.controller.SysFormController.addDeployForm()', 'POST', 1, 'admin', NULL, '/flowable/form/addDeployForm', '127.0.0.1', '内网IP', '{\"id\":5,\"params\":{},\"deployId\":\"65603596-960c-11eb-a9be-00e04c1b045a\"}', '{\"msg\":\"操作成功\",\"code\":200}', 0, NULL, '2021-04-06 22:22:45');
INSERT INTO `sys_oper_log` VALUES (294, '流程表单', 1, 'com.ucd.flowable.controller.SysFormController.addDeployForm()', 'POST', 1, 'admin', NULL, '/flowable/form/addDeployForm', '127.0.0.1', '内网IP', '{\"formId\":2,\"id\":6,\"params\":{},\"deployId\":\"65603596-960c-11eb-a9be-00e04c1b045a\"}', '{\"msg\":\"操作成功\",\"code\":200}', 0, NULL, '2021-04-06 22:23:06');
INSERT INTO `sys_oper_log` VALUES (295, '用户管理', 2, 'com.ucd.web.controller.system.SysUserController.edit()', 'PUT', 1, 'admin', NULL, '/system/user', '127.0.0.1', '内网IP', '{\"roles\":[{\"flag\":false,\"roleId\":100,\"admin\":false,\"dataScope\":\"1\",\"params\":{},\"roleSort\":\"3\",\"deptCheckStrictly\":false,\"menuCheckStrictly\":false,\"roleKey\":\"user_admin\",\"roleName\":\"管理员\",\"status\":\"0\"}],\"phonenumber\":\"15823567896\",\"admin\":false,\"delFlag\":\"0\",\"password\":\"\",\"updateBy\":\"admin\",\"postIds\":[1],\"loginIp\":\"\",\"email\":\"\",\"nickName\":\"轩轩\",\"sex\":\"0\",\"deptId\":100,\"avatar\":\"\",\"dept\":{\"deptName\":\"若依科技\",\"leader\":\"若依\",\"deptId\":100,\"orderNum\":\"0\",\"params\":{},\"parentId\":0,\"children\":[],\"status\":\"0\"},\"params\":{},\"userName\":\"tony\",\"userId\":100,\"createBy\":\"admin\",\"roleIds\":[100],\"createTime\":1616165878000,\"status\":\"0\"}', '{\"msg\":\"操作成功\",\"code\":200}', 0, NULL, '2021-04-07 20:58:40');

-- ----------------------------
-- Table structure for sys_post
-- ----------------------------
DROP TABLE IF EXISTS `sys_post`;
CREATE TABLE `sys_post`  (
  `post_id` bigint(20) NOT NULL AUTO_INCREMENT COMMENT '岗位ID',
  `post_code` varchar(64) NOT NULL COMMENT '岗位编码',
  `post_name` varchar(50) NOT NULL COMMENT '岗位名称',
  `post_sort` int(4) NOT NULL COMMENT '显示顺序',
  `status` char(1) NOT NULL COMMENT '状态（0正常 1停用）',
  `create_by` varchar(64) NULL DEFAULT '' COMMENT '创建者',
  `create_time` datetime(0) NULL DEFAULT NULL COMMENT '创建时间',
  `update_by` varchar(64) NULL DEFAULT '' COMMENT '更新者',
  `update_time` datetime(0) NULL DEFAULT NULL COMMENT '更新时间',
  `remark` varchar(500) NULL DEFAULT NULL COMMENT '备注',
  PRIMARY KEY (`post_id`) USING BTREE
) ENGINE = InnoDB AUTO_INCREMENT = 5 COMMENT = '岗位信息表' ROW_FORMAT = Dynamic;

-- ----------------------------
-- Records of sys_post
-- ----------------------------
INSERT INTO `sys_post` VALUES (1, 'ceo', '董事长', 1, '0', 'admin', '2021-03-19 21:11:48', '', NULL, '');
INSERT INTO `sys_post` VALUES (2, 'se', '项目经理', 2, '0', 'admin', '2021-03-19 21:11:48', '', NULL, '');
INSERT INTO `sys_post` VALUES (3, 'hr', '人力资源', 3, '0', 'admin', '2021-03-19 21:11:48', '', NULL, '');
INSERT INTO `sys_post` VALUES (4, 'user', '普通员工', 4, '0', 'admin', '2021-03-19 21:11:48', '', NULL, '');

-- ----------------------------
-- Table structure for sys_role
-- ----------------------------
DROP TABLE IF EXISTS `sys_role`;
CREATE TABLE `sys_role`  (
  `role_id` bigint(20) NOT NULL AUTO_INCREMENT COMMENT '角色ID',
  `role_name` varchar(30) NOT NULL COMMENT '角色名称',
  `role_key` varchar(100) NOT NULL COMMENT '角色权限字符串',
  `role_sort` int(4) NOT NULL COMMENT '显示顺序',
  `data_scope` char(1) NULL DEFAULT '1' COMMENT '数据范围（1：全部数据权限 2：自定数据权限 3：本部门数据权限 4：本部门及以下数据权限）',
  `menu_check_strictly` tinyint(1) NULL DEFAULT 1 COMMENT '菜单树选择项是否关联显示',
  `dept_check_strictly` tinyint(1) NULL DEFAULT 1 COMMENT '部门树选择项是否关联显示',
  `status` char(1) NOT NULL COMMENT '角色状态（0正常 1停用）',
  `del_flag` char(1) NULL DEFAULT '0' COMMENT '删除标志（0代表存在 2代表删除）',
  `create_by` varchar(64) NULL DEFAULT '' COMMENT '创建者',
  `create_time` datetime(0) NULL DEFAULT NULL COMMENT '创建时间',
  `update_by` varchar(64) NULL DEFAULT '' COMMENT '更新者',
  `update_time` datetime(0) NULL DEFAULT NULL COMMENT '更新时间',
  `remark` varchar(500) NULL DEFAULT NULL COMMENT '备注',
  PRIMARY KEY (`role_id`) USING BTREE
) ENGINE = InnoDB AUTO_INCREMENT = 102 COMMENT = '角色信息表' ROW_FORMAT = Dynamic;

-- ----------------------------
-- Records of sys_role
-- ----------------------------
INSERT INTO `sys_role` VALUES (1, '超级管理员', 'admin', 1, '1', 1, 1, '0', '0', 'admin', '2021-03-19 21:11:48', '', NULL, '超级管理员');
INSERT INTO `sys_role` VALUES (2, '普通角色', 'common', 2, '2', 1, 1, '0', '0', 'admin', '2021-03-19 21:11:48', 'admin', '2021-03-29 15:45:49', '普通角色');
INSERT INTO `sys_role` VALUES (100, '管理员', 'user_admin', 3, '1', 1, 1, '0', '0', 'admin', '2021-03-19 22:57:13', 'admin', '2021-03-29 15:45:42', NULL);
INSERT INTO `sys_role` VALUES (101, '111', '111', 0, '1', 1, 1, '0', '2', 'admin', '2021-03-26 16:46:01', '', NULL, NULL);

-- ----------------------------
-- Table structure for sys_role_dept
-- ----------------------------
DROP TABLE IF EXISTS `sys_role_dept`;
CREATE TABLE `sys_role_dept`  (
  `role_id` bigint(20) NOT NULL COMMENT '角色ID',
  `dept_id` bigint(20) NOT NULL COMMENT '部门ID',
  PRIMARY KEY (`role_id`, `dept_id`) USING BTREE
) ENGINE = InnoDB COMMENT = '角色和部门关联表' ROW_FORMAT = Dynamic;

-- ----------------------------
-- Records of sys_role_dept
-- ----------------------------
INSERT INTO `sys_role_dept` VALUES (2, 100);
INSERT INTO `sys_role_dept` VALUES (2, 101);
INSERT INTO `sys_role_dept` VALUES (2, 105);

-- ----------------------------
-- Table structure for sys_role_menu
-- ----------------------------
DROP TABLE IF EXISTS `sys_role_menu`;
CREATE TABLE `sys_role_menu`  (
  `role_id` bigint(20) NOT NULL COMMENT '角色ID',
  `menu_id` bigint(20) NOT NULL COMMENT '菜单ID',
  PRIMARY KEY (`role_id`, `menu_id`) USING BTREE
) ENGINE = InnoDB COMMENT = '角色和菜单关联表' ROW_FORMAT = Dynamic;

-- ----------------------------
-- Records of sys_role_menu
-- ----------------------------
INSERT INTO `sys_role_menu` VALUES (2, 1);
INSERT INTO `sys_role_menu` VALUES (2, 2);
INSERT INTO `sys_role_menu` VALUES (2, 3);
INSERT INTO `sys_role_menu` VALUES (2, 4);
INSERT INTO `sys_role_menu` VALUES (2, 100);
INSERT INTO `sys_role_menu` VALUES (2, 101);
INSERT INTO `sys_role_menu` VALUES (2, 102);
INSERT INTO `sys_role_menu` VALUES (2, 103);
INSERT INTO `sys_role_menu` VALUES (2, 104);
INSERT INTO `sys_role_menu` VALUES (2, 105);
INSERT INTO `sys_role_menu` VALUES (2, 106);
INSERT INTO `sys_role_menu` VALUES (2, 107);
INSERT INTO `sys_role_menu` VALUES (2, 108);
INSERT INTO `sys_role_menu` VALUES (2, 109);
INSERT INTO `sys_role_menu` VALUES (2, 110);
INSERT INTO `sys_role_menu` VALUES (2, 111);
INSERT INTO `sys_role_menu` VALUES (2, 112);
INSERT INTO `sys_role_menu` VALUES (2, 113);
INSERT INTO `sys_role_menu` VALUES (2, 114);
INSERT INTO `sys_role_menu` VALUES (2, 115);
INSERT INTO `sys_role_menu` VALUES (2, 116);
INSERT INTO `sys_role_menu` VALUES (2, 500);
INSERT INTO `sys_role_menu` VALUES (2, 501);
INSERT INTO `sys_role_menu` VALUES (2, 1001);
INSERT INTO `sys_role_menu` VALUES (2, 1002);
INSERT INTO `sys_role_menu` VALUES (2, 1003);
INSERT INTO `sys_role_menu` VALUES (2, 1004);
INSERT INTO `sys_role_menu` VALUES (2, 1005);
INSERT INTO `sys_role_menu` VALUES (2, 1006);
INSERT INTO `sys_role_menu` VALUES (2, 1007);
INSERT INTO `sys_role_menu` VALUES (2, 1008);
INSERT INTO `sys_role_menu` VALUES (2, 1009);
INSERT INTO `sys_role_menu` VALUES (2, 1010);
INSERT INTO `sys_role_menu` VALUES (2, 1011);
INSERT INTO `sys_role_menu` VALUES (2, 1012);
INSERT INTO `sys_role_menu` VALUES (2, 1013);
INSERT INTO `sys_role_menu` VALUES (2, 1014);
INSERT INTO `sys_role_menu` VALUES (2, 1015);
INSERT INTO `sys_role_menu` VALUES (2, 1016);
INSERT INTO `sys_role_menu` VALUES (2, 1017);
INSERT INTO `sys_role_menu` VALUES (2, 1018);
INSERT INTO `sys_role_menu` VALUES (2, 1019);
INSERT INTO `sys_role_menu` VALUES (2, 1020);
INSERT INTO `sys_role_menu` VALUES (2, 1021);
INSERT INTO `sys_role_menu` VALUES (2, 1022);
INSERT INTO `sys_role_menu` VALUES (2, 1023);
INSERT INTO `sys_role_menu` VALUES (2, 1024);
INSERT INTO `sys_role_menu` VALUES (2, 1025);
INSERT INTO `sys_role_menu` VALUES (2, 1026);
INSERT INTO `sys_role_menu` VALUES (2, 1027);
INSERT INTO `sys_role_menu` VALUES (2, 1028);
INSERT INTO `sys_role_menu` VALUES (2, 1029);
INSERT INTO `sys_role_menu` VALUES (2, 1030);
INSERT INTO `sys_role_menu` VALUES (2, 1031);
INSERT INTO `sys_role_menu` VALUES (2, 1032);
INSERT INTO `sys_role_menu` VALUES (2, 1033);
INSERT INTO `sys_role_menu` VALUES (2, 1034);
INSERT INTO `sys_role_menu` VALUES (2, 1035);
INSERT INTO `sys_role_menu` VALUES (2, 1036);
INSERT INTO `sys_role_menu` VALUES (2, 1037);
INSERT INTO `sys_role_menu` VALUES (2, 1038);
INSERT INTO `sys_role_menu` VALUES (2, 1039);
INSERT INTO `sys_role_menu` VALUES (2, 1040);
INSERT INTO `sys_role_menu` VALUES (2, 1041);
INSERT INTO `sys_role_menu` VALUES (2, 1042);
INSERT INTO `sys_role_menu` VALUES (2, 1043);
INSERT INTO `sys_role_menu` VALUES (2, 1044);
INSERT INTO `sys_role_menu` VALUES (2, 1045);
INSERT INTO `sys_role_menu` VALUES (2, 1046);
INSERT INTO `sys_role_menu` VALUES (2, 1047);
INSERT INTO `sys_role_menu` VALUES (2, 1048);
INSERT INTO `sys_role_menu` VALUES (2, 1049);
INSERT INTO `sys_role_menu` VALUES (2, 1050);
INSERT INTO `sys_role_menu` VALUES (2, 1051);
INSERT INTO `sys_role_menu` VALUES (2, 1052);
INSERT INTO `sys_role_menu` VALUES (2, 1053);
INSERT INTO `sys_role_menu` VALUES (2, 1054);
INSERT INTO `sys_role_menu` VALUES (2, 1055);
INSERT INTO `sys_role_menu` VALUES (2, 1056);
INSERT INTO `sys_role_menu` VALUES (2, 1057);
INSERT INTO `sys_role_menu` VALUES (2, 1058);
INSERT INTO `sys_role_menu` VALUES (2, 1059);
INSERT INTO `sys_role_menu` VALUES (2, 1060);
INSERT INTO `sys_role_menu` VALUES (2, 2020);
INSERT INTO `sys_role_menu` VALUES (2, 2022);
INSERT INTO `sys_role_menu` VALUES (2, 2023);
INSERT INTO `sys_role_menu` VALUES (2, 2024);
INSERT INTO `sys_role_menu` VALUES (2, 2025);
INSERT INTO `sys_role_menu` VALUES (100, 1);
INSERT INTO `sys_role_menu` VALUES (100, 2);
INSERT INTO `sys_role_menu` VALUES (100, 3);
INSERT INTO `sys_role_menu` VALUES (100, 4);
INSERT INTO `sys_role_menu` VALUES (100, 100);
INSERT INTO `sys_role_menu` VALUES (100, 101);
INSERT INTO `sys_role_menu` VALUES (100, 102);
INSERT INTO `sys_role_menu` VALUES (100, 103);
INSERT INTO `sys_role_menu` VALUES (100, 104);
INSERT INTO `sys_role_menu` VALUES (100, 105);
INSERT INTO `sys_role_menu` VALUES (100, 106);
INSERT INTO `sys_role_menu` VALUES (100, 107);
INSERT INTO `sys_role_menu` VALUES (100, 108);
INSERT INTO `sys_role_menu` VALUES (100, 109);
INSERT INTO `sys_role_menu` VALUES (100, 110);
INSERT INTO `sys_role_menu` VALUES (100, 111);
INSERT INTO `sys_role_menu` VALUES (100, 112);
INSERT INTO `sys_role_menu` VALUES (100, 113);
INSERT INTO `sys_role_menu` VALUES (100, 114);
INSERT INTO `sys_role_menu` VALUES (100, 115);
INSERT INTO `sys_role_menu` VALUES (100, 116);
INSERT INTO `sys_role_menu` VALUES (100, 500);
INSERT INTO `sys_role_menu` VALUES (100, 501);
INSERT INTO `sys_role_menu` VALUES (100, 1001);
INSERT INTO `sys_role_menu` VALUES (100, 1002);
INSERT INTO `sys_role_menu` VALUES (100, 1003);
INSERT INTO `sys_role_menu` VALUES (100, 1004);
INSERT INTO `sys_role_menu` VALUES (100, 1005);
INSERT INTO `sys_role_menu` VALUES (100, 1006);
INSERT INTO `sys_role_menu` VALUES (100, 1007);
INSERT INTO `sys_role_menu` VALUES (100, 1008);
INSERT INTO `sys_role_menu` VALUES (100, 1009);
INSERT INTO `sys_role_menu` VALUES (100, 1010);
INSERT INTO `sys_role_menu` VALUES (100, 1011);
INSERT INTO `sys_role_menu` VALUES (100, 1012);
INSERT INTO `sys_role_menu` VALUES (100, 1013);
INSERT INTO `sys_role_menu` VALUES (100, 1014);
INSERT INTO `sys_role_menu` VALUES (100, 1015);
INSERT INTO `sys_role_menu` VALUES (100, 1016);
INSERT INTO `sys_role_menu` VALUES (100, 1017);
INSERT INTO `sys_role_menu` VALUES (100, 1018);
INSERT INTO `sys_role_menu` VALUES (100, 1019);
INSERT INTO `sys_role_menu` VALUES (100, 1020);
INSERT INTO `sys_role_menu` VALUES (100, 1021);
INSERT INTO `sys_role_menu` VALUES (100, 1022);
INSERT INTO `sys_role_menu` VALUES (100, 1023);
INSERT INTO `sys_role_menu` VALUES (100, 1024);
INSERT INTO `sys_role_menu` VALUES (100, 1025);
INSERT INTO `sys_role_menu` VALUES (100, 1026);
INSERT INTO `sys_role_menu` VALUES (100, 1027);
INSERT INTO `sys_role_menu` VALUES (100, 1028);
INSERT INTO `sys_role_menu` VALUES (100, 1029);
INSERT INTO `sys_role_menu` VALUES (100, 1030);
INSERT INTO `sys_role_menu` VALUES (100, 1031);
INSERT INTO `sys_role_menu` VALUES (100, 1032);
INSERT INTO `sys_role_menu` VALUES (100, 1033);
INSERT INTO `sys_role_menu` VALUES (100, 1034);
INSERT INTO `sys_role_menu` VALUES (100, 1035);
INSERT INTO `sys_role_menu` VALUES (100, 1036);
INSERT INTO `sys_role_menu` VALUES (100, 1037);
INSERT INTO `sys_role_menu` VALUES (100, 1038);
INSERT INTO `sys_role_menu` VALUES (100, 1039);
INSERT INTO `sys_role_menu` VALUES (100, 1040);
INSERT INTO `sys_role_menu` VALUES (100, 1041);
INSERT INTO `sys_role_menu` VALUES (100, 1042);
INSERT INTO `sys_role_menu` VALUES (100, 1043);
INSERT INTO `sys_role_menu` VALUES (100, 1044);
INSERT INTO `sys_role_menu` VALUES (100, 1045);
INSERT INTO `sys_role_menu` VALUES (100, 1046);
INSERT INTO `sys_role_menu` VALUES (100, 1047);
INSERT INTO `sys_role_menu` VALUES (100, 1048);
INSERT INTO `sys_role_menu` VALUES (100, 1049);
INSERT INTO `sys_role_menu` VALUES (100, 1050);
INSERT INTO `sys_role_menu` VALUES (100, 1051);
INSERT INTO `sys_role_menu` VALUES (100, 1052);
INSERT INTO `sys_role_menu` VALUES (100, 1053);
INSERT INTO `sys_role_menu` VALUES (100, 1054);
INSERT INTO `sys_role_menu` VALUES (100, 1055);
INSERT INTO `sys_role_menu` VALUES (100, 1056);
INSERT INTO `sys_role_menu` VALUES (100, 1057);
INSERT INTO `sys_role_menu` VALUES (100, 1058);
INSERT INTO `sys_role_menu` VALUES (100, 1059);
INSERT INTO `sys_role_menu` VALUES (100, 1060);
INSERT INTO `sys_role_menu` VALUES (100, 2000);
INSERT INTO `sys_role_menu` VALUES (100, 2001);
INSERT INTO `sys_role_menu` VALUES (100, 2002);
INSERT INTO `sys_role_menu` VALUES (100, 2003);
INSERT INTO `sys_role_menu` VALUES (100, 2004);
INSERT INTO `sys_role_menu` VALUES (100, 2005);
INSERT INTO `sys_role_menu` VALUES (100, 2006);
INSERT INTO `sys_role_menu` VALUES (100, 2007);
INSERT INTO `sys_role_menu` VALUES (100, 2008);
INSERT INTO `sys_role_menu` VALUES (100, 2009);
INSERT INTO `sys_role_menu` VALUES (100, 2010);
INSERT INTO `sys_role_menu` VALUES (100, 2011);
INSERT INTO `sys_role_menu` VALUES (100, 2012);
INSERT INTO `sys_role_menu` VALUES (100, 2013);
INSERT INTO `sys_role_menu` VALUES (100, 2014);
INSERT INTO `sys_role_menu` VALUES (100, 2015);
INSERT INTO `sys_role_menu` VALUES (100, 2016);
INSERT INTO `sys_role_menu` VALUES (100, 2017);
INSERT INTO `sys_role_menu` VALUES (100, 2018);
INSERT INTO `sys_role_menu` VALUES (100, 2019);
INSERT INTO `sys_role_menu` VALUES (100, 2020);
INSERT INTO `sys_role_menu` VALUES (100, 2022);
INSERT INTO `sys_role_menu` VALUES (100, 2023);
INSERT INTO `sys_role_menu` VALUES (100, 2024);
INSERT INTO `sys_role_menu` VALUES (100, 2025);

-- ----------------------------
-- Table structure for sys_task_form
-- ----------------------------
DROP TABLE IF EXISTS `sys_task_form`;
CREATE TABLE `sys_task_form`  (
  `id` bigint(20) NOT NULL AUTO_INCREMENT COMMENT '主键',
  `form_id` bigint(20) NULL DEFAULT NULL COMMENT '表单主键',
  `task_id` varchar(50) NULL DEFAULT NULL COMMENT '所属任务',
  PRIMARY KEY (`id`) USING BTREE
) ENGINE = InnoDB AUTO_INCREMENT = 2 COMMENT = '流程任务关联表单' ROW_FORMAT = Dynamic;

-- ----------------------------
-- Records of sys_task_form
-- ----------------------------
INSERT INTO `sys_task_form` VALUES (1, 1, 'b2b90937-9164-11eb-ab12-00e04c1b045a');

-- ----------------------------
-- Table structure for sys_user
-- ----------------------------
DROP TABLE IF EXISTS `sys_user`;
CREATE TABLE `sys_user`  (
  `user_id` bigint(20) NOT NULL AUTO_INCREMENT COMMENT '用户ID',
  `dept_id` bigint(20) NULL DEFAULT NULL COMMENT '部门ID',
  `user_name` varchar(30) NOT NULL COMMENT '用户账号',
  `nick_name` varchar(30) NOT NULL COMMENT '用户昵称',
  `user_type` varchar(2) NULL DEFAULT '00' COMMENT '用户类型（00系统用户）',
  `email` varchar(50) NULL DEFAULT '' COMMENT '用户邮箱',
  `phonenumber` varchar(11) NULL DEFAULT '' COMMENT '手机号码',
  `sex` char(1) NULL DEFAULT '0' COMMENT '用户性别（0男 1女 2未知）',
  `avatar` varchar(100) NULL DEFAULT '' COMMENT '头像地址',
  `password` varchar(100) NULL DEFAULT '' COMMENT '密码',
  `status` char(1) NULL DEFAULT '0' COMMENT '帐号状态（0正常 1停用）',
  `del_flag` char(1) NULL DEFAULT '0' COMMENT '删除标志（0代表存在 2代表删除）',
  `login_ip` varchar(128) NULL DEFAULT '' COMMENT '最后登录IP',
  `login_date` datetime(0) NULL DEFAULT NULL COMMENT '最后登录时间',
  `create_by` varchar(64) NULL DEFAULT '' COMMENT '创建者',
  `create_time` datetime(0) NULL DEFAULT NULL COMMENT '创建时间',
  `update_by` varchar(64) NULL DEFAULT '' COMMENT '更新者',
  `update_time` datetime(0) NULL DEFAULT NULL COMMENT '更新时间',
  `remark` varchar(500) NULL DEFAULT NULL COMMENT '备注',
  PRIMARY KEY (`user_id`) USING BTREE
) ENGINE = InnoDB AUTO_INCREMENT = 102 COMMENT = '用户信息表' ROW_FORMAT = Dynamic;

-- ----------------------------
-- Records of sys_user
-- ----------------------------
INSERT INTO `sys_user` VALUES (1, 103, 'admin', '若依', '00', 'ry@163.com', '15888888888', '1', '', '$2a$10$7JB720yubVSZvUI0rEqK/.VqGOZTH.ulu33dHOiBE8ByOhJIrdAu2', '0', '0', '127.0.0.1', '2021-03-19 21:11:48', 'admin', '2021-03-19 21:11:48', '', NULL, '管理员');
INSERT INTO `sys_user` VALUES (2, 105, 'ry', '若依', '00', 'ry@qq.com', '15666666666', '1', '', '$2a$10$7fg/TOq6b1iKJQMExOkoaeSmJLN7S9u7kXjW95F70LScaGybU/mny', '0', '0', '127.0.0.1', '2021-03-19 21:11:48', 'admin', '2021-03-19 21:11:48', 'tony', '2021-03-29 15:44:43', '测试员');
INSERT INTO `sys_user` VALUES (100, 100, 'tony', '轩轩', '00', '', '15823567896', '0', '', '$2a$10$VjLBfutE.0cGrHFpEm5FQe.TxtoFdhUDrg.UjHymaot59/.PellFO', '0', '0', '', NULL, 'admin', '2021-03-19 22:57:58', 'admin', '2021-04-07 20:58:40', NULL);
INSERT INTO `sys_user` VALUES (101, NULL, 'ss', 'ss', '00', '', '', '0', '', '$2a$10$hHgo.Usor87QkCjFpD1l.OhAcJddh/OHQFCC4BP67nmZhWYmQdt.m', '0', '2', '', NULL, 'tony', '2021-03-20 12:51:43', '', NULL, NULL);

-- ----------------------------
-- Table structure for sys_user_post
-- ----------------------------
DROP TABLE IF EXISTS `sys_user_post`;
CREATE TABLE `sys_user_post`  (
  `user_id` bigint(20) NOT NULL COMMENT '用户ID',
  `post_id` bigint(20) NOT NULL COMMENT '岗位ID',
  PRIMARY KEY (`user_id`, `post_id`) USING BTREE
) ENGINE = InnoDB COMMENT = '用户与岗位关联表' ROW_FORMAT = Dynamic;

-- ----------------------------
-- Records of sys_user_post
-- ----------------------------
INSERT INTO `sys_user_post` VALUES (1, 1);
INSERT INTO `sys_user_post` VALUES (2, 2);
INSERT INTO `sys_user_post` VALUES (100, 1);

-- ----------------------------
-- Table structure for sys_user_role
-- ----------------------------
DROP TABLE IF EXISTS `sys_user_role`;
CREATE TABLE `sys_user_role`  (
  `user_id` bigint(20) NOT NULL COMMENT '用户ID',
  `role_id` bigint(20) NOT NULL COMMENT '角色ID',
  PRIMARY KEY (`user_id`, `role_id`) USING BTREE
) ENGINE = InnoDB COMMENT = '用户和角色关联表' ROW_FORMAT = Dynamic;

-- ----------------------------
-- Records of sys_user_role
-- ----------------------------
INSERT INTO `sys_user_role` VALUES (1, 1);
INSERT INTO `sys_user_role` VALUES (2, 2);
INSERT INTO `sys_user_role` VALUES (100, 100);

-- ----------------------------
-- Table structure for t_survey_answer
-- ----------------------------
DROP TABLE IF EXISTS `t_survey_answer`;
CREATE TABLE `t_survey_answer`  (
  `answer_id` bigint(20) NOT NULL AUTO_INCREMENT COMMENT '问卷填写编号',
  `paper_id` bigint(20) NULL DEFAULT NULL COMMENT '问卷编号',
  `question_id` bigint(20) NULL DEFAULT NULL COMMENT '题目编号',
  `option_id` bigint(20) NULL DEFAULT NULL COMMENT '选项编号',
  `user_id` bigint(20) NULL DEFAULT NULL COMMENT '用户编号',
  `create_time` datetime(0) NULL DEFAULT NULL COMMENT '创建时间',
  `content` varchar(255) NULL DEFAULT NULL COMMENT '自行填写内容',
  PRIMARY KEY (`answer_id`) USING BTREE
) ENGINE = InnoDB AUTO_INCREMENT = 6 COMMENT = '问卷填写表' ROW_FORMAT = Dynamic;

-- ----------------------------
-- Records of t_survey_answer
-- ----------------------------
INSERT INTO `t_survey_answer` VALUES (1, 1, 1, 17, 100, '2021-03-21 15:18:40', NULL);
INSERT INTO `t_survey_answer` VALUES (2, 1, 30, 27, 100, '2021-03-21 15:18:40', NULL);
INSERT INTO `t_survey_answer` VALUES (3, 1, 31, 24, 100, '2021-03-21 15:18:40', NULL);
INSERT INTO `t_survey_answer` VALUES (4, 1, 31, 25, 100, '2021-03-21 15:18:40', NULL);
INSERT INTO `t_survey_answer` VALUES (5, 1, 32, NULL, 100, '2021-03-21 15:18:40', '没有建议');

-- ----------------------------
-- Table structure for t_survey_options
-- ----------------------------
DROP TABLE IF EXISTS `t_survey_options`;
CREATE TABLE `t_survey_options`  (
  `option_id` bigint(20) NOT NULL AUTO_INCREMENT COMMENT '选项编号',
  `option_content` varchar(255) NULL DEFAULT NULL COMMENT '选项内容',
  `question_id` bigint(20) NULL DEFAULT NULL COMMENT '问题编号',
  `option_order` tinyint(4) NULL DEFAULT NULL COMMENT '排序',
  `create_by` varchar(64) NULL DEFAULT '' COMMENT '创建者',
  `create_time` datetime(0) NULL DEFAULT NULL COMMENT '创建时间',
  `update_by` varchar(64) NULL DEFAULT '' COMMENT '更新者',
  `update_time` datetime(0) NULL DEFAULT NULL COMMENT '更新时间',
  `remark` varchar(500) NULL DEFAULT NULL COMMENT '备注',
  PRIMARY KEY (`option_id`) USING BTREE
) ENGINE = InnoDB AUTO_INCREMENT = 29 COMMENT = '题目选项表' ROW_FORMAT = Dynamic;

-- ----------------------------
-- Records of t_survey_options
-- ----------------------------
INSERT INTO `t_survey_options` VALUES (17, '很满意', 1, 0, '', '2021-03-20 17:54:39', '', NULL, '');
INSERT INTO `t_survey_options` VALUES (18, '基本满意', 1, 1, '', '2021-03-20 17:54:39', '', NULL, '');
INSERT INTO `t_survey_options` VALUES (23, '很难', 31, 0, '', '2021-03-21 01:02:23', '', NULL, '');
INSERT INTO `t_survey_options` VALUES (24, '略有难度', 31, 0, '', '2021-03-21 01:02:23', '', NULL, '');
INSERT INTO `t_survey_options` VALUES (25, '简单', 31, 0, '', '2021-03-21 01:02:23', '', NULL, '');
INSERT INTO `t_survey_options` VALUES (26, '很愉快', 30, 0, '', '2021-03-21 14:30:39', '', NULL, '');
INSERT INTO `t_survey_options` VALUES (27, '一般', 30, 0, '', '2021-03-21 14:30:39', '', NULL, '');
INSERT INTO `t_survey_options` VALUES (28, '不愉快', 30, 0, '', '2021-03-21 14:30:39', '', NULL, '');

-- ----------------------------
-- Table structure for t_survey_paper
-- ----------------------------
DROP TABLE IF EXISTS `t_survey_paper`;
CREATE TABLE `t_survey_paper`  (
  `id` bigint(20) NOT NULL AUTO_INCREMENT COMMENT '问卷id',
  `paper_title` varchar(255) NULL DEFAULT NULL COMMENT '问卷名称',
  `paper_preface` varchar(255) NULL DEFAULT NULL COMMENT '序言',
  `start_time` datetime(0) NULL DEFAULT NULL COMMENT '开始时间',
  `end_time` datetime(0) NULL DEFAULT NULL COMMENT '结束时间',
  `create_by` varchar(64) NULL DEFAULT '' COMMENT '创建者',
  `create_time` datetime(0) NULL DEFAULT NULL COMMENT '创建时间',
  `update_by` varchar(64) NULL DEFAULT '' COMMENT '更新者',
  `update_time` datetime(0) NULL DEFAULT NULL COMMENT '更新时间',
  `remark` varchar(500) NULL DEFAULT NULL COMMENT '备注',
  PRIMARY KEY (`id`) USING BTREE
) ENGINE = InnoDB AUTO_INCREMENT = 3 COMMENT = '调查问卷模板' ROW_FORMAT = Dynamic;

-- ----------------------------
-- Records of t_survey_paper
-- ----------------------------
INSERT INTO `t_survey_paper` VALUES (1, '数据库课程设计 问卷调查', '欢迎参加本次课程设计答题，感谢您的参与。', '2021-03-19 00:00:00', '2021-03-22 00:00:00', '', '2021-03-19 23:35:17', '', NULL, '欢迎参加本次课程设计答题，感谢您的参与。');
INSERT INTO `t_survey_paper` VALUES (2, '数据库课程设计 问卷调查2', '数据库课程设计 问卷调查2', '2021-03-24 00:00:00', '2021-03-26 00:00:00', '', '2021-03-20 17:54:23', '', NULL, '数据库课程设计 问卷调查');

-- ----------------------------
-- Table structure for t_survey_question
-- ----------------------------
DROP TABLE IF EXISTS `t_survey_question`;
CREATE TABLE `t_survey_question`  (
  `question_id` bigint(20) NOT NULL AUTO_INCREMENT COMMENT '题目id',
  `question_title` varchar(255) NULL DEFAULT NULL COMMENT '题目名称',
  `answer` tinyint(1) NULL DEFAULT NULL COMMENT '单选：0 多选：1 自行填入：2',
  `create_by` varchar(64) NULL DEFAULT '' COMMENT '创建者',
  `create_time` datetime(0) NULL DEFAULT NULL COMMENT '创建时间',
  `update_by` varchar(64) NULL DEFAULT '' COMMENT '更新者',
  `update_time` datetime(0) NULL DEFAULT NULL COMMENT '更新时间',
  `remark` varchar(500) NULL DEFAULT NULL COMMENT '备注',
  `paper_id` bigint(20) NULL DEFAULT NULL COMMENT '问卷编号',
  PRIMARY KEY (`question_id`) USING BTREE
) ENGINE = InnoDB AUTO_INCREMENT = 33 COMMENT = '问卷题目表 question(是否必填、单选多选问答日期地址等类型)' ROW_FORMAT = Dynamic;

-- ----------------------------
-- Records of t_survey_question
-- ----------------------------
INSERT INTO `t_survey_question` VALUES (1, '您对本次课程设计的组织工作是否满意？', 0, '', '2021-03-19 23:56:42', '', '2021-03-20 17:54:39', '您对本次课程设计的组织工作是否满意？', 1);
INSERT INTO `t_survey_question` VALUES (30, '这次课程设计，您们小组成员合作是否愉快？', 0, '', '2021-03-20 19:56:30', '', '2021-03-21 14:30:39', '这次课程设计，您们小组成员合作是否愉快？', 1);
INSERT INTO `t_survey_question` VALUES (31, '本次课程设计对您来说是否有难度？', 1, '', '2021-03-21 01:02:23', '', NULL, '本次课程设计对您来说是否有难度？', 1);
INSERT INTO `t_survey_question` VALUES (32, '您对本次课程设计的组织过程有哪些建议？', 2, '', '2021-03-21 01:02:50', '', NULL, '您对本次课程设计的组织过程有哪些建议？', 1);

SET FOREIGN_KEY_CHECKS = 1;
